timestamp,mode,mode_imgsz,mode_skip,fps,latency_ms,ram_usage_percent,cpu_usage_percent,gpu_usage_percent,temperature,num_detections,confidence_score_avg,source_frames_seen,processed_frames,intentional_skips_total,intentional_drop_rate_percent,frame_drop_rate_percent
2026-04-19T14:24:29.576,M0,640,0,2.67,374.14,66.4,0.0,0.0,0.0,9,0.5662,1,1,0,0.0,0.0
2026-04-19T14:24:29.895,M0,640,0,2.84,154.96,66.9,87.8,0.0,0.0,8,0.5259,2,2,0,0.0,0.0
2026-04-19T14:24:30.075,M0,640,0,3.0,166.25,66.9,87.8,0.0,0.0,10,0.4932,3,3,0,0.0,0.0
2026-04-19T14:24:30.290,M0,640,0,3.12,198.87,67.1,97.2,0.0,0.0,8,0.5401,4,4,0,0.0,0.0
2026-04-19T14:24:30.437,M0,640,0,3.32,129.59,67.1,97.2,0.0,0.0,8,0.5647,5,5,0,0.0,0.0
2026-04-19T14:24:30.558,M0,640,0,3.55,108.02,67.1,97.2,0.0,0.0,8,0.5511,6,6,0,0.0,0.0
2026-04-19T14:24:30.670,M0,640,0,3.79,100.45,67.1,97.2,0.0,0.0,9,0.5515,7,7,0,0.0,0.0
2026-04-19T14:24:30.787,M0,640,0,4.04,102.67,67.1,86.5,0.0,0.0,9,0.5192,8,8,0,0.0,0.0
2026-04-19T14:24:30.901,M0,640,0,4.29,100.99,67.1,86.5,0.0,0.0,7,0.5535,9,9,0,0.0,0.0
2026-04-19T14:24:31.010,M0,640,0,4.56,95.43,67.1,86.5,0.0,0.0,11,0.484,10,10,0,0.0,0.0
2026-04-19T14:24:31.118,M0,640,0,4.84,93.67,67.1,86.5,0.0,0.0,9,0.4997,11,11,0,0.0,0.0
2026-04-19T14:24:31.227,M0,640,0,5.12,93.98,67.1,86.5,0.0,0.0,8,0.5601,12,12,0,0.0,0.0
2026-04-19T14:24:31.339,M0,640,0,5.39,97.63,67.1,80.3,0.0,0.0,9,0.5389,13,13,0,0.0,0.0
2026-04-19T14:24:31.449,M0,640,0,5.66,96.45,67.1,80.3,0.0,0.0,9,0.5118,14,14,0,0.0,0.0
2026-04-19T14:24:31.559,M0,640,0,5.93,95.93,67.1,80.3,0.0,0.0,11,0.4978,15,15,0,0.0,0.0
2026-04-19T14:24:31.670,M0,640,0,6.2,95.84,67.1,80.3,0.0,0.0,12,0.4778,16,16,0,0.0,0.0
2026-04-19T14:24:31.789,M0,640,0,6.43,102.28,67.1,80.5,0.0,0.0,10,0.5148,17,17,0,0.0,0.0
2026-04-19T14:24:31.902,M0,640,0,6.67,100.8,67.1,80.5,0.0,0.0,10,0.5523,18,18,0,0.0,0.0
2026-04-19T14:24:32.007,M0,640,0,6.92,94.93,67.1,80.5,0.0,0.0,12,0.5091,19,19,0,0.0,0.0
2026-04-19T14:24:32.117,M0,640,0,7.16,96.5,67.1,80.5,0.0,0.0,11,0.5078,20,20,0,0.0,0.0
2026-04-19T14:24:32.227,M0,640,0,7.4,94.8,67.1,80.5,0.0,0.0,11,0.5168,21,21,0,0.0,0.0
2026-04-19T14:24:32.344,M0,640,0,7.58,102.38,67.1,81.8,0.0,0.0,9,0.5499,22,22,0,0.0,0.0
2026-04-19T14:24:32.455,M0,640,0,7.8,95.89,67.1,81.8,0.0,0.0,11,0.5142,23,23,0,0.0,0.0
2026-04-19T14:24:32.560,M0,640,0,8.0,95.08,67.1,81.8,0.0,0.0,12,0.5247,24,24,0,0.0,0.0
2026-04-19T14:24:32.671,M0,640,0,8.19,96.59,67.1,81.8,0.0,0.0,12,0.5087,25,25,0,0.0,0.0
2026-04-19T14:24:32.782,M0,640,0,8.37,95.64,67.1,81.8,0.0,0.0,9,0.5699,26,26,0,0.0,0.0
2026-04-19T14:24:32.901,M0,640,0,8.48,104.19,67.1,80.5,0.0,0.0,10,0.5635,27,27,0,0.0,0.0
2026-04-19T14:24:33.013,M0,640,0,8.63,96.83,67.1,80.5,0.0,0.0,12,0.5424,28,28,0,0.0,0.0
2026-04-19T14:24:33.122,M0,640,0,8.8,94.41,67.1,80.5,0.0,0.0,10,0.65,29,29,0,0.0,0.0
2026-04-19T14:24:33.233,M0,640,0,8.94,95.83,67.1,80.5,0.0,0.0,11,0.5997,30,30,0,0.0,0.0
2026-04-19T14:24:33.349,M0,640,0,9.03,100.77,67.1,77.3,0.0,0.0,11,0.6245,31,31,0,0.0,0.0
2026-04-19T14:24:33.465,M0,640,0,9.1,101.52,67.1,77.3,0.0,0.0,10,0.579,32,32,0,0.0,0.0
2026-04-19T14:24:33.575,M0,640,0,9.22,95.57,67.1,77.3,0.0,0.0,10,0.5795,33,33,0,0.0,0.0
2026-04-19T14:24:33.682,M0,640,0,9.35,93.85,67.1,77.3,0.0,0.0,11,0.5962,34,34,0,0.0,0.0
2026-04-19T14:24:33.793,M0,640,0,9.45,95.76,67.1,77.3,0.0,0.0,8,0.6063,35,35,0,0.0,0.0
2026-04-19T14:24:33.913,M0,640,0,9.44,106.2,67.1,79.5,0.0,0.0,8,0.5591,36,36,0,0.0,0.0
2026-04-19T14:24:34.023,M0,640,0,9.54,95.46,67.1,79.5,0.0,0.0,10,0.5454,37,37,0,0.0,0.0
2026-04-19T14:24:34.133,M0,640,0,9.63,95.15,67.1,79.5,0.0,0.0,8,0.6011,38,38,0,0.0,0.0
2026-04-19T14:24:34.239,M0,640,0,9.7,96.17,67.1,79.5,0.0,0.0,9,0.6046,39,39,0,0.0,0.0
2026-04-19T14:24:34.349,M0,640,0,9.77,95.7,67.1,79.5,0.0,0.0,9,0.6029,40,40,0,0.0,0.0
2026-04-19T14:24:34.466,M0,640,0,9.8,98.63,67.1,78.0,0.0,0.0,10,0.5608,41,41,0,0.0,0.0
2026-04-19T14:24:34.571,M0,640,0,9.87,94.82,67.1,78.0,0.0,0.0,8,0.6282,42,42,0,0.0,0.0
2026-04-19T14:24:34.682,M0,640,0,9.93,96.07,67.1,78.0,0.0,0.0,8,0.6077,43,43,0,0.0,0.0
2026-04-19T14:24:34.792,M0,640,0,9.97,96.19,67.1,78.0,0.0,0.0,9,0.5884,44,44,0,0.0,0.0
2026-04-19T14:24:34.912,M0,640,0,9.93,104.83,67.1,78.8,0.0,0.0,9,0.6065,45,45,0,0.0,0.0
2026-04-19T14:24:35.028,M0,640,0,9.92,101.79,67.1,78.8,0.0,0.0,8,0.6494,46,46,0,0.0,0.0
2026-04-19T14:24:35.137,M0,640,0,9.97,95.05,67.1,78.8,0.0,0.0,8,0.6559,47,47,0,0.0,0.0
2026-04-19T14:24:35.246,M0,640,0,10.02,95.75,67.1,78.8,0.0,0.0,10,0.6363,48,48,0,0.0,0.0
2026-04-19T14:24:35.357,M0,640,0,10.05,96.25,67.1,78.8,0.0,0.0,9,0.6483,49,49,0,0.0,0.0
2026-04-19T14:24:35.477,M0,640,0,10.0,105.27,67.1,80.9,0.0,0.0,11,0.5856,50,50,0,0.0,0.0
2026-04-19T14:24:35.584,M0,640,0,10.06,93.98,67.1,80.9,0.0,0.0,9,0.6248,51,51,0,0.0,0.0
2026-04-19T14:24:35.694,M0,640,0,10.09,96.05,67.1,80.9,0.0,0.0,10,0.5957,52,52,0,0.0,0.0
2026-04-19T14:24:35.803,M0,640,0,10.14,94.29,67.1,80.9,0.0,0.0,9,0.652,53,53,0,0.0,0.0
2026-04-19T14:24:35.923,M0,640,0,10.08,104.73,67.1,82.0,0.0,0.0,11,0.6158,54,54,0,0.0,0.0
2026-04-19T14:24:36.033,M0,640,0,10.08,98.72,67.1,82.0,0.0,0.0,10,0.6387,55,55,0,0.0,0.0
2026-04-19T14:24:36.140,M0,640,0,10.16,91.97,67.1,82.0,0.0,0.0,10,0.6246,56,56,0,0.0,0.0
2026-04-19T14:24:36.252,M0,640,0,10.19,95.41,67.1,82.0,0.0,0.0,9,0.6921,57,57,0,0.0,0.0
2026-04-19T14:24:36.360,M0,640,0,10.21,96.15,67.1,82.0,0.0,0.0,9,0.708,58,58,0,0.0,0.0
2026-04-19T14:24:36.479,M0,640,0,10.13,105.33,67.0,76.5,0.0,0.0,9,0.6936,59,59,0,0.0,0.0
2026-04-19T14:24:36.588,M0,640,0,10.18,94.55,67.0,76.5,0.0,0.0,9,0.6836,60,60,0,0.0,0.0
2026-04-19T14:24:36.697,M0,640,0,10.2,95.78,67.0,76.5,0.0,0.0,9,0.7011,61,61,0,0.0,0.0
2026-04-19T14:24:36.806,M0,640,0,10.23,94.88,67.0,76.5,0.0,0.0,9,0.714,62,62,0,0.0,0.0
2026-04-19T14:24:36.917,M0,640,0,10.22,98.86,67.0,76.5,0.0,0.0,9,0.68,63,63,0,0.0,0.0
2026-04-19T14:24:37.033,M0,640,0,10.18,101.44,67.0,79.5,0.0,0.0,8,0.6996,64,64,0,0.0,0.0
2026-04-19T14:24:37.142,M0,640,0,10.21,96.17,67.0,79.5,0.0,0.0,10,0.664,65,65,0,0.0,0.0
2026-04-19T14:24:37.259,M0,640,0,10.22,96.38,67.0,79.5,0.0,0.0,10,0.6216,66,66,0,0.0,0.0
2026-04-19T14:24:37.371,M0,640,0,10.23,96.9,67.0,79.5,0.0,0.0,12,0.5765,67,67,0,0.0,0.0
2026-04-19T14:24:37.487,M0,640,0,10.19,101.69,67.0,78.2,0.0,0.0,13,0.5749,68,68,0,0.0,0.0
2026-04-19T14:24:37.598,M0,640,0,10.22,95.72,67.0,78.2,0.0,0.0,14,0.5412,69,69,0,0.0,0.0
2026-04-19T14:24:37.711,M0,640,0,10.23,96.85,67.0,78.2,0.0,0.0,14,0.5597,70,70,0,0.0,0.0
2026-04-19T14:24:37.821,M0,640,0,10.26,94.92,67.0,78.2,0.0,0.0,11,0.5902,71,71,0,0.0,0.0
2026-04-19T14:24:37.934,M0,640,0,10.25,98.06,67.0,78.2,0.0,0.0,9,0.55,72,72,0,0.0,0.0
2026-04-19T14:24:38.062,M0,640,0,10.09,113.38,67.1,78.9,0.0,0.0,9,0.5642,73,73,0,0.0,0.0
2026-04-19T14:24:38.179,M0,640,0,10.04,103.63,67.1,78.9,0.0,0.0,9,0.5668,74,74,0,0.0,0.0
2026-04-19T14:24:38.298,M0,640,0,9.99,104.95,67.1,78.9,0.0,0.0,12,0.5156,75,75,0,0.0,0.0
2026-04-19T14:24:38.422,M0,640,0,9.89,109.78,67.1,78.9,0.0,0.0,12,0.5401,76,76,0,0.0,0.0
2026-04-19T14:24:38.542,M0,640,0,9.85,105.22,67.1,94.7,0.0,0.0,12,0.5189,77,77,0,0.0,0.0
2026-04-19T14:24:38.655,M0,640,0,9.9,96.91,67.1,94.7,0.0,0.0,11,0.5782,78,78,0,0.0,0.0
2026-04-19T14:24:38.765,M0,640,0,9.95,95.46,67.1,94.7,0.0,0.0,13,0.5378,79,79,0,0.0,0.0
2026-04-19T14:24:38.877,M0,640,0,9.99,96.26,67.1,94.7,0.0,0.0,10,0.5277,80,80,0,0.0,0.0
2026-04-19T14:24:38.985,M0,640,0,10.03,96.51,67.1,94.7,0.0,0.0,10,0.5383,81,81,0,0.0,0.0
2026-04-19T14:24:39.101,M0,640,0,10.02,100.74,67.0,78.0,0.0,0.0,15,0.4511,82,82,0,0.0,0.0
2026-04-19T14:24:39.205,M0,640,0,10.07,94.38,67.0,78.0,0.0,0.0,14,0.5206,83,83,0,0.0,0.0
2026-04-19T14:24:39.319,M1,480,1,10.06,100.28,67.0,78.0,0.0,0.0,12,0.5056,84,84,0,0.0,0.0
2026-04-19T14:24:39.410,M1,480,1,10.34,72.57,67.0,78.0,0.0,0.0,11,0.5261,86,85,1,1.16,1.16
2026-04-19T14:24:39.499,M1,480,1,10.62,71.54,67.0,78.0,0.0,0.0,13,0.5086,88,86,2,2.27,2.27
2026-04-19T14:24:39.591,M1,480,1,10.86,73.39,67.0,83.3,0.0,0.0,10,0.5379,90,87,3,3.33,3.33
2026-04-19T14:24:39.670,M1,480,1,11.18,65.34,67.0,83.3,0.0,0.0,11,0.5512,92,88,4,4.35,4.35
2026-04-19T14:24:39.755,M1,480,1,11.48,66.24,67.0,83.3,0.0,0.0,12,0.5139,94,89,5,5.32,5.32
2026-04-19T14:24:39.846,M1,480,1,11.67,72.66,67.0,83.3,0.0,0.0,11,0.5612,96,90,6,6.25,6.25
2026-04-19T14:24:39.944,M1,480,1,11.84,73.52,67.0,83.3,0.0,0.0,11,0.4655,98,91,7,7.14,7.14
2026-04-19T14:24:40.034,M1,480,1,12.03,71.57,67.0,83.3,0.0,0.0,12,0.5266,100,92,8,8.0,8.0
2026-04-19T14:24:40.124,M1,480,1,12.2,71.42,67.0,85.7,0.0,0.0,16,0.4965,102,93,9,8.82,8.82
2026-04-19T14:24:40.215,M1,480,1,12.35,72.07,67.0,85.7,0.0,0.0,12,0.5957,104,94,10,9.62,9.62
2026-04-19T14:24:40.311,M1,480,1,12.43,75.55,67.0,85.7,0.0,0.0,13,0.4901,106,95,11,10.38,10.38
2026-04-19T14:24:40.403,M1,480,1,12.59,70.43,67.0,85.7,0.0,0.0,15,0.5223,108,96,12,11.11,11.11
2026-04-19T14:24:40.494,M1,480,1,12.71,72.01,67.0,85.7,0.0,0.0,14,0.5249,110,97,13,11.82,11.82
2026-04-19T14:24:40.596,M1,480,1,12.67,81.08,67.0,88.8,0.0,0.0,7,0.6017,112,98,14,12.5,12.5
2026-04-19T14:24:40.679,M1,480,1,12.9,64.67,67.0,88.8,0.0,0.0,10,0.5506,114,99,15,13.16,13.16
2026-04-19T14:24:40.763,M1,480,1,13.1,65.57,67.0,88.8,0.0,0.0,12,0.5341,116,100,16,13.79,13.79
2026-04-19T14:24:40.855,M1,480,1,13.07,78.14,67.0,88.8,0.0,0.0,10,0.5266,118,101,17,14.41,14.41
2026-04-19T14:24:40.948,M1,480,1,13.13,73.14,67.0,88.8,0.0,0.0,9,0.5653,120,102,18,15.0,15.0
2026-04-19T14:24:41.028,M1,480,1,13.29,66.92,67.0,88.8,0.0,0.0,14,0.495,122,103,19,15.57,15.57
2026-04-19T14:24:41.119,M1,480,1,13.35,71.9,67.1,86.4,0.0,0.0,17,0.5197,124,104,20,16.13,16.13
2026-04-19T14:24:41.198,M1,480,1,13.53,64.73,67.1,86.4,0.0,0.0,14,0.5303,126,105,21,16.67,16.67
2026-04-19T14:24:41.282,M1,480,1,13.69,65.45,67.1,86.4,0.0,0.0,15,0.4942,128,106,22,17.19,17.19
2026-04-19T14:24:41.377,M1,480,1,13.65,75.25,67.1,86.4,0.0,0.0,13,0.4956,130,107,23,17.69,17.69
2026-04-19T14:24:41.475,M1,480,1,13.57,77.78,67.1,86.4,0.0,0.0,13,0.4967,132,108,24,18.18,18.18
2026-04-19T14:24:41.573,M1,480,1,13.5,77.55,67.1,86.4,0.0,0.0,10,0.5685,134,109,25,18.66,18.66
2026-04-19T14:24:41.671,M1,480,1,13.39,79.79,67.0,85.0,0.0,0.0,10,0.5636,136,110,26,19.12,19.12
2026-04-19T14:24:41.766,M1,480,1,13.37,75.8,67.0,85.0,0.0,0.0,8,0.5875,138,111,27,19.57,19.57
2026-04-19T14:24:41.857,M1,480,1,13.42,72.23,67.0,85.0,0.0,0.0,10,0.5807,140,112,28,20.0,20.0
2026-04-19T14:24:41.952,M1,480,1,13.4,75.47,67.0,85.0,0.0,0.0,10,0.5746,142,113,29,20.42,20.42
2026-04-19T14:24:42.040,M1,480,1,13.47,70.98,67.0,85.0,0.0,0.0,8,0.5833,144,114,30,20.83,20.83
2026-04-19T14:24:42.140,M1,480,1,13.35,80.83,67.1,86.0,0.0,0.0,11,0.5403,146,115,31,21.23,21.23
2026-04-19T14:24:42.224,M1,480,1,13.51,65.77,67.1,86.0,0.0,0.0,9,0.5559,148,116,32,21.62,21.62
2026-04-19T14:24:42.308,M1,480,1,13.66,65.87,67.1,86.0,0.0,0.0,10,0.5006,150,117,33,22.0,22.0
2026-04-19T14:24:42.393,M1,480,1,13.8,65.93,67.1,86.0,0.0,0.0,9,0.4825,152,118,34,22.37,22.37
2026-04-19T14:24:42.482,M1,480,1,13.83,70.83,67.1,86.0,0.0,0.0,7,0.4576,154,119,35,22.73,22.73
2026-04-19T14:24:42.565,M1,480,1,13.98,64.46,67.1,86.0,0.0,0.0,9,0.4564,156,120,36,23.08,23.08
2026-04-19T14:24:42.657,M1,480,1,13.95,73.38,66.9,78.8,0.0,0.0,8,0.4872,158,121,37,23.42,23.42
2026-04-19T14:24:42.740,M1,480,1,14.09,64.52,66.9,78.8,0.0,0.0,9,0.4939,160,122,38,23.75,23.75
2026-04-19T14:24:42.825,M1,480,1,14.21,64.77,66.9,78.8,0.0,0.0,7,0.4727,162,123,39,24.07,24.07
2026-04-19T14:24:42.910,M1,480,1,14.26,67.82,66.9,78.8,0.0,0.0,9,0.5022,164,124,40,24.39,24.39
2026-04-19T14:24:42.993,M1,480,1,14.36,65.57,66.9,78.8,0.0,0.0,9,0.4671,166,125,41,24.7,24.7
2026-04-19T14:24:43.074,M1,480,1,14.45,64.94,66.9,78.8,0.0,0.0,8,0.5276,168,126,42,25.0,25.0
2026-04-19T14:24:43.164,M1,480,1,14.4,72.01,66.9,82.6,0.0,0.0,9,0.5294,170,127,43,25.29,25.29
2026-04-19T14:24:43.242,M1,480,1,14.49,64.95,66.9,82.6,0.0,0.0,8,0.5483,172,128,44,25.58,25.58
2026-04-19T14:24:43.324,M1,480,1,14.6,64.01,66.9,82.6,0.0,0.0,8,0.5247,174,129,45,25.86,25.86
2026-04-19T14:24:43.408,M1,480,1,14.65,66.1,66.9,82.6,0.0,0.0,13,0.4322,176,130,46,26.14,26.14
2026-04-19T14:24:43.498,M1,480,1,14.58,71.48,66.9,82.6,0.0,0.0,8,0.5384,178,131,47,26.4,26.4
2026-04-19T14:24:43.582,M1,480,1,14.64,65.92,66.9,82.6,0.0,0.0,6,0.5771,180,132,48,26.67,26.67
2026-04-19T14:24:43.663,M1,480,1,14.77,62.36,66.9,82.6,0.0,0.0,8,0.4921,182,133,49,26.92,26.92
2026-04-19T14:24:43.750,M1,480,1,14.84,64.38,66.9,81.1,0.0,0.0,9,0.5232,184,134,50,27.17,27.17
2026-04-19T14:24:43.833,M1,480,1,14.9,64.81,66.9,81.1,0.0,0.0,8,0.5572,186,135,51,27.42,27.42
2026-04-19T14:24:43.920,M1,480,1,14.86,68.79,66.9,81.1,0.0,0.0,9,0.4238,188,136,52,27.66,27.66
2026-04-19T14:24:44.002,M1,480,1,14.93,64.29,66.9,81.1,0.0,0.0,6,0.5103,190,137,53,27.89,27.89
2026-04-19T14:24:44.084,M1,480,1,14.97,65.12,66.9,81.1,0.0,0.0,7,0.5163,192,138,54,28.12,28.12
2026-04-19T14:24:44.168,M1,480,1,14.98,66.18,66.9,81.1,0.0,0.0,5,0.5798,194,139,55,28.35,28.35
2026-04-19T14:24:44.256,M1,480,1,14.98,66.92,66.9,81.8,0.0,0.0,7,0.5564,196,140,56,28.57,28.57
2026-04-19T14:24:44.336,M1,480,1,15.07,62.54,66.9,81.8,0.0,0.0,7,0.5756,198,141,57,28.79,28.79
2026-04-19T14:24:44.437,M1,480,1,14.99,70.13,66.9,81.8,0.0,0.0,6,0.6295,200,142,58,29.0,29.0
2026-04-19T14:24:44.537,M1,480,1,14.67,81.09,66.9,81.8,0.0,0.0,8,0.5863,202,143,59,29.21,29.21
2026-04-19T14:24:44.620,M1,480,1,14.74,65.09,66.9,81.8,0.0,0.0,7,0.6087,204,144,60,29.41,29.41
2026-04-19T14:24:44.709,M1,480,1,14.66,71.67,66.9,85.0,0.0,0.0,7,0.5766,206,145,61,29.61,29.61
2026-04-19T14:24:44.790,M1,480,1,14.7,66.35,66.9,85.0,0.0,0.0,6,0.6652,208,146,62,29.81,29.81
2026-04-19T14:24:44.876,M1,480,1,14.71,67.57,66.9,85.0,0.0,0.0,6,0.702,210,147,63,30.0,30.0
2026-04-19T14:24:44.958,M1,480,1,14.76,65.43,66.9,85.0,0.0,0.0,9,0.5409,212,148,64,30.19,30.19
2026-04-19T14:24:45.040,M1,480,1,14.82,64.88,66.9,85.0,0.0,0.0,7,0.5479,214,149,65,30.37,30.37
2026-04-19T14:24:45.121,M1,480,1,14.87,65.34,66.9,85.0,0.0,0.0,6,0.6619,216,150,66,30.56,30.56
2026-04-19T14:24:45.205,M1,480,1,14.93,64.42,66.9,85.0,0.0,0.0,6,0.6622,218,151,67,30.73,30.73
2026-04-19T14:24:45.292,M1,480,1,14.83,71.61,66.9,79.5,0.0,0.0,6,0.6326,220,152,68,30.91,30.91
2026-04-19T14:24:45.374,M1,480,1,14.9,64.35,66.9,79.5,0.0,0.0,8,0.5194,222,153,69,31.08,31.08
2026-04-19T14:24:45.457,M1,480,1,14.93,65.79,66.9,79.5,0.0,0.0,6,0.6317,224,154,70,31.25,31.25
2026-04-19T14:24:45.542,M1,480,1,14.92,67.45,66.9,79.5,0.0,0.0,7,0.6329,226,155,71,31.42,31.42
2026-04-19T14:24:45.626,M1,480,1,14.93,66.35,66.9,79.5,0.0,0.0,9,0.5733,228,156,72,31.58,31.58
2026-04-19T14:24:45.708,M1,480,1,15.0,63.8,66.9,79.5,0.0,0.0,8,0.5526,230,157,73,31.74,31.74
2026-04-19T14:24:45.797,M1,480,1,14.9,71.12,66.9,80.3,0.0,0.0,8,0.5464,232,158,74,31.9,31.9
2026-04-19T14:24:45.885,M1,480,1,14.86,69.23,66.9,80.3,0.0,0.0,11,0.547,234,159,75,32.05,32.05
2026-04-19T14:24:45.970,M1,480,1,14.85,67.6,66.9,80.3,0.0,0.0,10,0.6122,236,160,76,32.2,32.2
2026-04-19T14:24:46.050,M1,480,1,14.87,66.4,66.9,80.3,0.0,0.0,11,0.6109,238,161,77,32.35,32.35
2026-04-19T14:24:46.130,M1,480,1,14.99,62.12,66.9,80.3,0.0,0.0,11,0.565,240,162,78,32.5,32.5
2026-04-19T14:24:46.214,M1,480,1,15.02,65.01,66.9,80.3,0.0,0.0,7,0.6765,242,163,79,32.64,32.64
2026-04-19T14:24:46.301,M1,480,1,14.95,70.02,66.9,82.1,0.0,0.0,6,0.7406,244,164,80,32.79,32.79
2026-04-19T14:24:46.383,M1,480,1,14.99,64.86,66.9,82.1,0.0,0.0,6,0.7702,246,165,81,32.93,32.93
2026-04-19T14:24:46.468,M1,480,1,14.97,67.53,66.9,82.1,0.0,0.0,6,0.7239,248,166,82,33.06,33.06
2026-04-19T14:24:46.551,M1,480,1,15.01,64.98,66.9,82.1,0.0,0.0,6,0.7723,250,167,83,33.2,33.2
2026-04-19T14:24:46.634,M1,480,1,15.04,65.36,66.9,82.1,0.0,0.0,6,0.7437,252,168,84,33.33,33.33
2026-04-19T14:24:46.727,M1,480,1,14.84,75.58,66.9,82.1,0.0,0.0,6,0.7416,254,169,85,33.46,33.46
2026-04-19T14:24:46.818,M1,480,1,14.72,72.85,66.9,85.6,0.0,0.0,6,0.6546,256,170,86,33.59,33.59
2026-04-19T14:24:46.902,M1,480,1,14.72,68.05,66.9,85.6,0.0,0.0,6,0.6589,258,171,87,33.72,33.72
2026-04-19T14:24:46.978,M1,480,1,14.83,62.84,66.9,85.6,0.0,0.0,6,0.6605,260,172,88,33.85,33.85
2026-04-19T14:24:47.058,M1,480,1,14.9,64.13,66.9,85.6,0.0,0.0,6,0.6125,262,173,89,33.97,33.97
2026-04-19T14:24:47.138,M1,480,1,15.01,62.22,66.9,85.6,0.0,0.0,6,0.583,264,174,90,34.09,34.09
2026-04-19T14:24:47.219,M1,480,1,15.08,63.69,66.9,85.6,0.0,0.0,5,0.5951,266,175,91,34.21,34.21
2026-04-19T14:24:47.311,M1,480,1,14.9,74.39,66.9,80.5,0.0,0.0,5,0.5264,268,176,92,34.33,34.33
2026-04-19T14:24:47.393,M1,480,1,14.96,64.47,66.9,80.5,0.0,0.0,4,0.5424,270,177,93,34.44,34.44
2026-04-19T14:24:47.475,M1,480,1,14.96,66.8,66.9,80.5,0.0,0.0,4,0.4895,272,178,94,34.56,34.56
2026-04-19T14:24:47.558,M1,480,1,14.99,65.32,66.9,80.5,0.0,0.0,4,0.474,274,179,95,34.67,34.67
2026-04-19T14:24:47.638,M1,480,1,15.08,62.82,66.9,80.5,0.0,0.0,3,0.5587,276,180,96,34.78,34.78
2026-04-19T14:24:47.723,M1,480,1,14.99,70.3,66.9,80.5,0.0,0.0,3,0.4972,278,181,97,34.89,34.89
2026-04-19T14:24:47.811,M1,480,1,14.91,70.25,66.9,78.8,0.0,0.0,2,0.625,280,182,98,35.0,35.0
2026-04-19T14:24:47.890,M1,480,1,14.95,65.18,66.9,78.8,0.0,0.0,2,0.6319,282,183,99,35.11,35.11
2026-04-19T14:24:47.973,M1,480,1,14.97,66.17,66.9,78.8,0.0,0.0,3,0.5009,284,184,100,35.21,35.21
2026-04-19T14:24:48.056,M1,480,1,15.0,65.6,66.9,78.8,0.0,0.0,4,0.3923,286,185,101,35.31,35.31
2026-04-19T14:24:48.136,M1,480,1,15.03,65.04,66.9,78.8,0.0,0.0,3,0.4281,288,186,102,35.42,35.42
2026-04-19T14:24:48.220,M1,480,1,15.0,67.81,66.9,78.8,0.0,0.0,5,0.3696,290,187,103,35.52,35.52
2026-04-19T14:24:48.304,M1,480,1,15.02,65.85,66.9,78.8,0.0,0.0,3,0.5115,292,188,104,35.62,35.62
2026-04-19T14:24:48.389,M1,480,1,15.02,66.57,66.9,82.6,0.0,0.0,4,0.4944,294,189,105,35.71,35.71
2026-04-19T14:24:48.476,M1,480,1,14.95,69.77,66.9,82.6,0.0,0.0,3,0.4187,296,190,106,35.81,35.81
2026-04-19T14:24:48.560,M1,480,1,14.96,66.49,66.9,82.6,0.0,0.0,5,0.4577,298,191,107,35.91,35.91
2026-04-19T14:24:48.641,M1,480,1,15.03,63.86,66.9,82.6,0.0,0.0,4,0.4026,300,192,108,36.0,36.0
2026-04-19T14:24:48.730,M1,480,1,15.07,64.67,66.9,82.6,0.0,0.0,5,0.4035,302,193,109,36.09,36.09
2026-04-19T14:24:48.812,M1,480,1,15.11,64.35,66.9,82.6,0.0,0.0,5,0.4474,304,194,110,36.18,36.18
2026-04-19T14:24:48.907,M1,480,1,14.87,77.18,66.9,79.4,0.0,0.0,4,0.4924,306,195,111,36.27,36.27
2026-04-19T14:24:48.989,M1,480,1,14.91,65.25,66.9,79.4,0.0,0.0,6,0.4451,308,196,112,36.36,36.36
2026-04-19T14:24:49.069,M1,480,1,14.97,64.58,66.9,79.4,0.0,0.0,6,0.4539,310,197,113,36.45,36.45
2026-04-19T14:24:49.150,M1,480,1,15.05,62.92,66.9,79.4,0.0,0.0,6,0.4432,312,198,114,36.54,36.54
2026-04-19T14:24:49.229,M2,320,2,15.09,64.81,66.9,79.4,0.0,0.0,4,0.4759,313,199,114,36.42,36.42
2026-04-19T14:24:49.296,M2,320,2,15.51,48.58,66.9,79.4,0.0,0.0,6,0.4253,316,200,116,36.71,36.71
2026-04-19T14:24:49.508,M2,320,2,12.98,189.71,66.9,84.1,0.0,0.0,5,0.4974,319,201,118,36.99,36.99
2026-04-19T14:24:49.569,M2,320,2,13.63,40.32,66.9,84.1,0.0,0.0,6,0.496,322,202,120,37.27,37.27
2026-04-19T14:24:49.630,M2,320,2,14.21,43.44,66.9,84.1,0.0,0.0,2,0.6829,325,203,122,37.54,37.54
2026-04-19T14:24:49.697,M2,320,2,14.73,45.89,66.9,84.1,0.0,0.0,3,0.6128,328,204,124,37.8,37.8
2026-04-19T14:24:49.764,M2,320,2,15.28,43.34,66.9,84.1,0.0,0.0,4,0.5909,331,205,126,38.07,38.07
2026-04-19T14:24:49.822,M2,320,2,15.86,41.39,66.9,84.1,0.0,0.0,3,0.561,334,206,128,38.32,38.32
2026-04-19T14:24:49.902,M2,320,2,15.95,59.4,66.8,92.4,0.0,0.0,7,0.4668,337,207,130,38.58,38.58
2026-04-19T14:24:49.972,M2,320,2,16.31,49.15,66.8,92.4,0.0,0.0,4,0.5431,340,208,132,38.82,38.82
2026-04-19T14:24:50.039,M2,320,2,16.76,44.86,66.8,92.4,0.0,0.0,4,0.5332,343,209,134,39.07,39.07
2026-04-19T14:24:50.105,M2,320,2,17.18,45.06,66.8,92.4,0.0,0.0,3,0.5078,346,210,136,39.31,39.31
2026-04-19T14:24:50.174,M2,320,2,17.51,47.03,66.8,92.4,0.0,0.0,3,0.6614,349,211,138,39.54,39.54
2026-04-19T14:24:50.242,M2,320,2,17.88,45.31,66.8,92.4,0.0,0.0,2,0.6975,352,212,140,39.77,39.77
2026-04-19T14:24:50.313,M2,320,2,18.23,45.24,66.8,92.4,0.0,0.0,4,0.592,355,213,142,40.0,40.0
2026-04-19T14:24:50.381,M2,320,2,18.4,49.72,66.8,92.4,0.0,0.0,5,0.6166,358,214,144,40.22,40.22
2026-04-19T14:24:50.452,M2,320,2,18.68,46.35,66.8,88.6,0.0,0.0,2,0.7347,361,215,146,40.44,40.44
2026-04-19T14:24:50.525,M2,320,2,18.75,51.41,66.8,88.6,0.0,0.0,1,0.5596,364,216,148,40.66,40.66
2026-04-19T14:24:50.592,M2,320,2,19.0,46.33,66.8,88.6,0.0,0.0,2,0.6597,367,217,150,40.87,40.87
2026-04-19T14:24:50.657,M2,320,2,19.28,45.0,66.8,88.6,0.0,0.0,2,0.4547,370,218,152,41.08,41.08
2026-04-19T14:24:50.723,M2,320,2,19.58,44.05,66.8,88.6,0.0,0.0,1,0.4364,373,219,154,41.29,41.29
2026-04-19T14:24:50.783,M2,320,2,20.04,39.12,66.8,88.6,0.0,0.0,0,0.0,376,220,156,41.49,41.49
2026-04-19T14:24:50.846,M2,320,2,20.35,42.32,66.8,88.6,0.0,0.0,0,0.0,379,221,158,41.69,41.69
2026-04-19T14:24:50.914,M2,320,2,20.26,51.43,66.9,87.3,0.0,0.0,0,0.0,382,222,160,41.88,41.88
2026-04-19T14:24:50.967,M2,320,2,20.72,38.35,66.9,87.3,0.0,0.0,1,0.3473,385,223,162,42.08,42.08
2026-04-19T14:24:51.027,M2,320,2,20.97,42.54,66.9,87.3,0.0,0.0,1,0.4558,388,224,164,42.27,42.27
2026-04-19T14:24:51.082,M2,320,2,21.45,36.91,66.9,87.3,0.0,0.0,0,0.0,391,225,166,42.46,42.46
2026-04-19T14:24:51.144,M2,320,2,21.64,42.52,66.9,87.3,0.0,0.0,0,0.0,394,226,168,42.64,42.64
2026-04-19T14:24:51.205,M2,320,2,21.91,40.67,66.9,87.3,0.0,0.0,1,0.2613,397,227,170,42.82,42.82
2026-04-19T14:24:51.268,M2,320,2,22.03,43.15,66.9,87.3,0.0,0.0,0,0.0,400,228,172,43.0,43.0
2026-04-19T14:24:51.329,M2,320,2,22.26,40.64,66.9,87.3,0.0,0.0,0,0.0,403,229,174,43.18,43.18
2026-04-19T14:24:51.390,M2,320,2,22.5,40.17,66.9,87.3,0.0,0.0,1,0.3613,406,230,176,43.35,43.35
2026-04-19T14:24:51.462,M2,320,2,22.14,51.59,66.8,85.6,0.0,0.0,1,0.3123,409,231,178,43.52,43.52
2026-04-19T14:24:51.527,M2,320,2,22.19,44.21,66.8,85.6,0.0,0.0,1,0.4567,412,232,180,43.69,43.69
2026-04-19T14:24:51.590,M2,320,2,22.32,42.36,66.8,85.6,0.0,0.0,1,0.4378,415,233,182,43.86,43.86
2026-04-19T14:24:51.649,M2,320,2,22.62,38.9,66.8,85.6,0.0,0.0,1,0.5114,418,234,184,44.02,44.02
2026-04-19T14:24:51.713,M2,320,2,22.72,42.23,66.8,85.6,0.0,0.0,1,0.4617,421,235,186,44.18,44.18
2026-04-19T14:24:51.773,M2,320,2,22.93,40.11,66.8,85.6,0.0,0.0,0,0.0,424,236,188,44.34,44.34
2026-04-19T14:24:51.834,M2,320,2,23.09,40.46,66.8,85.6,0.0,0.0,0,0.0,427,237,190,44.5,44.5
2026-04-19T14:24:51.900,M2,320,2,23.01,44.92,66.8,85.6,0.0,0.0,3,0.4496,430,238,192,44.65,44.65
2026-04-19T14:24:51.969,M2,320,2,22.7,49.31,66.8,85.7,0.0,0.0,3,0.4142,433,239,194,44.8,44.8
2026-04-19T14:24:52.030,M2,320,2,22.74,43.32,66.8,85.7,0.0,0.0,3,0.4644,436,240,196,44.95,44.95
2026-04-19T14:24:52.087,M2,320,2,22.97,39.54,66.8,85.7,0.0,0.0,3,0.3613,439,241,198,45.1,45.1
2026-04-19T14:24:52.146,M2,320,2,23.07,41.67,66.8,85.7,0.0,0.0,4,0.4175,442,242,200,45.25,45.25
2026-04-19T14:24:52.204,M2,320,2,23.17,41.45,66.8,85.7,0.0,0.0,2,0.4526,445,243,202,45.39,45.39
2026-04-19T14:24:52.263,M2,320,2,23.44,38.2,66.8,85.7,0.0,0.0,5,0.5301,448,244,204,45.54,45.54
2026-04-19T14:24:52.320,M2,320,2,23.5,41.57,66.8,85.7,0.0,0.0,4,0.5383,451,245,206,45.68,45.68
2026-04-19T14:24:52.379,M2,320,2,23.76,37.97,66.8,85.7,0.0,0.0,3,0.5864,454,246,208,45.81,45.81
2026-04-19T14:24:52.441,M2,320,2,23.74,42.36,66.8,85.7,0.0,0.0,6,0.3931,457,247,210,45.95,45.95
2026-04-19T14:24:52.506,M2,320,2,23.66,43.66,66.8,84.2,0.0,0.0,3,0.6473,460,248,212,46.09,46.09
2026-04-19T14:24:52.569,M2,320,2,23.69,41.74,66.8,84.2,0.0,0.0,3,0.5666,463,249,214,46.22,46.22
2026-04-19T14:24:52.628,M2,320,2,23.75,41.06,66.8,84.2,0.0,0.0,2,0.5123,466,250,216,46.35,46.35
2026-04-19T14:24:52.689,M2,320,2,23.83,40.67,66.8,84.2,0.0,0.0,1,0.6184,469,251,218,46.48,46.48
2026-04-19T14:24:52.753,M2,320,2,23.77,43.1,66.8,84.2,0.0,0.0,3,0.5132,472,252,220,46.61,46.61
2026-04-19T14:24:52.814,M2,320,2,23.89,39.93,66.8,84.2,0.0,0.0,3,0.6467,475,253,222,46.74,46.74
2026-04-19T14:24:52.879,M2,320,2,23.78,43.84,66.8,84.2,0.0,0.0,4,0.5068,478,254,224,46.86,46.86
2026-04-19T14:24:52.941,M2,320,2,23.69,43.58,66.8,84.2,0.0,0.0,4,0.5084,481,255,226,46.99,46.99
2026-04-19T14:24:53.028,M2,320,2,22.57,63.25,66.8,86.5,0.0,0.0,4,0.5475,484,256,228,47.11,47.11
2026-04-19T14:24:53.089,M2,320,2,22.7,41.68,66.8,86.5,0.0,0.0,4,0.5566,487,257,230,47.23,47.23
2026-04-19T14:24:53.168,M2,320,2,21.82,61.81,66.8,86.5,0.0,0.0,5,0.5067,490,258,232,47.35,47.35
2026-04-19T14:24:53.247,M2,320,2,21.27,57.7,66.8,86.5,0.0,0.0,5,0.3669,493,259,234,47.46,47.46
2026-04-19T14:24:53.319,M2,320,2,21.1,50.79,66.8,86.5,0.0,0.0,2,0.5385,496,260,236,47.58,47.58
2026-04-19T14:24:53.393,M2,320,2,20.82,53.72,66.8,86.5,0.0,0.0,3,0.4862,499,261,238,47.7,47.7
2026-04-19T14:24:53.465,M2,320,2,20.73,50.07,66.8,86.5,0.0,0.0,1,0.6407,502,262,240,47.81,47.81
2026-04-19T14:24:53.540,M2,320,2,20.56,52.35,66.9,97.7,0.0,0.0,1,0.6461,505,263,242,47.92,47.92
2026-04-19T14:24:53.610,M2,320,2,20.56,48.56,66.9,97.7,0.0,0.0,1,0.5765,508,264,244,48.03,48.03
2026-04-19T14:24:53.682,M2,320,2,20.5,50.03,66.9,97.7,0.0,0.0,1,0.6025,511,265,246,48.14,48.14
2026-04-19T14:24:53.788,M2,320,2,19.25,80.55,66.9,97.7,0.0,0.0,2,0.4394,514,266,248,48.25,48.25
2026-04-19T14:24:53.872,M2,320,2,18.8,64.3,66.9,97.7,0.0,0.0,1,0.7758,517,267,250,48.36,48.36
2026-04-19T14:24:53.943,M2,320,2,18.95,49.12,66.9,97.7,0.0,0.0,4,0.4666,520,268,252,48.46,48.46
2026-04-19T14:24:54.021,M2,320,2,18.79,57.14,67.2,100.0,0.0,0.0,2,0.3434,523,269,254,48.57,48.57
2026-04-19T14:24:54.088,M2,320,2,19.03,46.64,67.2,100.0,0.0,0.0,3,0.321,526,270,256,48.67,48.67
2026-04-19T14:24:54.159,M2,320,2,19.11,50.39,67.2,100.0,0.0,0.0,2,0.3042,529,271,258,48.77,48.77
2026-04-19T14:24:54.228,M2,320,2,19.28,47.69,67.2,100.0,0.0,0.0,3,0.4388,532,272,260,48.87,48.87
2026-04-19T14:24:54.296,M2,320,2,19.43,47.82,67.2,100.0,0.0,0.0,3,0.5679,535,273,262,48.97,48.97
2026-04-19T14:24:54.363,M2,320,2,19.65,45.79,67.2,100.0,0.0,0.0,2,0.5271,538,274,264,49.07,49.07
2026-04-19T14:24:54.428,M2,320,2,19.87,45.08,67.2,100.0,0.0,0.0,4,0.4373,541,275,266,49.17,49.17
2026-04-19T14:24:54.509,M2,320,2,19.5,59.87,67.2,100.0,0.0,0.0,2,0.6114,544,276,268,49.26,49.26
2026-04-19T14:24:54.586,M2,320,2,19.5,51.3,67.1,100.0,0.0,0.0,1,0.7599,547,277,270,49.36,49.36
2026-04-19T14:24:54.670,M2,320,2,19.17,60.21,67.1,100.0,0.0,0.0,1,0.6768,550,278,272,49.45,49.45
2026-04-19T14:24:54.744,M2,320,2,19.09,54.21,67.1,100.0,0.0,0.0,1,0.7268,553,279,274,49.55,49.55
2026-04-19T14:24:54.813,M2,320,2,19.22,48.81,67.1,100.0,0.0,0.0,1,0.8218,556,280,276,49.64,49.64
2026-04-19T14:24:54.883,M2,320,2,19.32,49.48,67.1,100.0,0.0,0.0,1,0.5709,559,281,278,49.73,49.73
2026-04-19T14:24:54.948,M2,320,2,19.56,45.39,67.1,100.0,0.0,0.0,0,0.0,562,282,280,49.82,49.82
2026-04-19T14:24:55.020,M2,320,2,19.55,51.29,67.1,100.0,0.0,0.0,0,0.0,565,283,282,49.91,49.91
2026-04-19T14:24:55.091,M2,320,2,19.66,48.44,67.4,100.0,0.0,0.0,0,0.0,568,284,284,50.0,50.0
2026-04-19T14:24:55.158,M2,320,2,19.85,46.0,67.4,100.0,0.0,0.0,0,0.0,571,285,286,50.09,50.09
2026-04-19T14:24:55.231,M2,320,2,19.75,52.83,67.4,100.0,0.0,0.0,0,0.0,574,286,288,50.17,50.17
2026-04-19T14:24:55.300,M2,320,2,19.82,48.83,67.4,100.0,0.0,0.0,3,0.3249,577,287,290,50.26,50.26
2026-04-19T14:24:55.362,M2,320,2,20.15,42.24,67.4,100.0,0.0,0.0,1,0.4528,580,288,292,50.34,50.34
2026-04-19T14:24:55.423,M2,320,2,20.48,41.63,67.4,100.0,0.0,0.0,2,0.3159,583,289,294,50.43,50.43
2026-04-19T14:24:55.485,M2,320,2,20.79,41.49,67.4,100.0,0.0,0.0,2,0.2932,586,290,296,50.51,50.51
2026-04-19T14:24:55.545,M2,320,2,21.11,40.79,67.4,100.0,0.0,0.0,2,0.4333,589,291,298,50.59,50.59
2026-04-19T14:24:55.610,M2,320,2,21.33,42.46,66.9,91.0,0.0,0.0,0,0.0,592,292,300,50.68,50.68
2026-04-19T14:24:55.671,M2,320,2,21.6,41.12,66.9,91.0,0.0,0.0,1,0.4687,595,293,302,50.76,50.76
2026-04-19T14:24:55.730,M2,320,2,21.91,39.64,66.9,91.0,0.0,0.0,2,0.4739,598,294,304,50.84,50.84
2026-04-19T14:24:55.793,M2,320,2,21.98,44.26,66.9,91.0,0.0,0.0,3,0.4522,601,295,306,50.92,50.92
2026-04-19T14:24:55.859,M2,320,2,22.02,44.63,66.9,91.0,0.0,0.0,4,0.424,604,296,308,50.99,50.99
2026-04-19T14:24:55.923,M2,320,2,22.14,42.96,66.9,91.0,0.0,0.0,4,0.4703,607,297,310,51.07,51.07
2026-04-19T14:24:55.981,M2,320,2,22.52,37.51,66.9,91.0,0.0,0.0,5,0.4074,610,298,312,51.15,51.15
2026-04-19T14:24:56.042,M2,320,2,22.67,41.59,66.9,91.0,0.0,0.0,5,0.5303,613,299,314,51.22,51.22
2026-04-19T14:24:56.106,M2,320,2,22.56,46.1,66.8,86.1,0.0,0.0,5,0.5093,616,300,316,51.3,51.3
2026-04-19T14:24:56.181,M2,320,2,22.09,53.84,66.8,86.1,0.0,0.0,5,0.5703,619,301,318,51.37,51.37
2026-04-19T14:24:56.248,M2,320,2,22.05,46.07,66.8,86.1,0.0,0.0,6,0.5021,622,302,320,51.45,51.45
2026-04-19T14:24:56.311,M2,320,2,22.24,41.59,66.8,86.1,0.0,0.0,6,0.4982,625,303,322,51.52,51.52
2026-04-19T14:24:56.371,M2,320,2,22.49,39.92,66.8,86.1,0.0,0.0,4,0.5281,628,304,324,51.59,51.59
2026-04-19T14:24:56.430,M2,320,2,22.66,41.09,66.8,86.1,0.0,0.0,3,0.4038,631,305,326,51.66,51.66
2026-04-19T14:24:56.494,M2,320,2,22.71,43.23,66.8,86.1,0.0,0.0,3,0.4892,634,306,328,51.74,51.74
2026-04-19T14:24:56.555,M2,320,2,22.85,41.36,66.8,86.1,0.0,0.0,3,0.5205,637,307,330,51.81,51.81
2026-04-19T14:24:56.625,M2,320,2,22.6,48.44,66.7,86.7,0.0,0.0,3,0.6279,640,308,332,51.88,51.88
2026-04-19T14:24:56.697,M2,320,2,22.34,49.39,66.7,86.7,0.0,0.0,3,0.5473,643,309,334,51.94,51.94
2026-04-19T14:24:56.761,M2,320,2,22.36,44.43,66.7,86.7,0.0,0.0,2,0.6043,646,310,336,52.01,52.01
2026-04-19T14:24:56.823,M2,320,2,22.5,41.98,66.7,86.7,0.0,0.0,3,0.5335,649,311,338,52.08,52.08
2026-04-19T14:24:56.895,M2,320,2,22.27,49.0,66.7,86.7,0.0,0.0,4,0.4091,652,312,340,52.15,52.15
2026-04-19T14:24:56.966,M2,320,2,21.96,51.17,66.7,86.7,0.0,0.0,2,0.4481,655,313,342,52.21,52.21
2026-04-19T14:24:57.033,M2,320,2,21.94,46.12,66.7,86.7,0.0,0.0,1,0.4933,658,314,344,52.28,52.28
2026-04-19T14:24:57.105,M2,320,2,21.63,52.01,66.7,88.3,0.0,0.0,2,0.4495,661,315,346,52.34,52.34
2026-04-19T14:24:57.169,M2,320,2,21.73,44.08,66.7,88.3,0.0,0.0,2,0.3545,664,316,348,52.41,52.41
2026-04-19T14:24:57.234,M2,320,2,21.67,47.28,66.7,88.3,0.0,0.0,1,0.4332,667,317,350,52.47,52.47
2026-04-19T14:24:57.304,M2,320,2,21.49,49.94,66.7,88.3,0.0,0.0,2,0.5116,670,318,352,52.54,52.54
2026-04-19T14:24:57.370,M2,320,2,21.59,44.57,66.7,88.3,0.0,0.0,3,0.3853,673,319,354,52.6,52.6
2026-04-19T14:24:57.437,M2,320,2,21.5,48.21,66.7,88.3,0.0,0.0,4,0.5332,676,320,356,52.66,52.66
2026-04-19T14:24:57.509,M2,320,2,21.32,50.41,66.7,88.3,0.0,0.0,3,0.6672,679,321,358,52.72,52.72
2026-04-19T14:24:57.571,M2,320,2,21.63,40.2,66.7,88.3,0.0,0.0,2,0.5392,682,322,360,52.79,52.79
2026-04-19T14:24:57.640,M2,320,2,21.56,47.74,66.7,88.0,0.0,0.0,2,0.7033,685,323,362,52.85,52.85
2026-04-19T14:24:57.709,M2,320,2,21.78,41.66,66.7,88.0,0.0,0.0,1,0.3677,688,324,364,52.91,52.91
2026-04-19T14:24:57.768,M2,320,2,22.11,38.99,66.7,88.0,0.0,0.0,0,0.0,691,325,366,52.97,52.97
2026-04-19T14:49:52.442,M0,640,0,3.49,286.38,72.0,0.0,0.0,0.0,9,0.5662,1,1,0,0.0,0.0
2026-04-19T14:49:52.734,M0,640,0,3.6,198.74,72.4,89.5,0.0,0.0,8,0.5259,2,2,0,0.0,0.0
2026-04-19T14:49:52.881,M0,640,0,3.81,127.96,72.4,89.5,0.0,0.0,10,0.4932,3,3,0,0.0,0.0
2026-04-19T14:49:53.043,M0,640,0,3.99,144.96,72.4,89.5,0.0,0.0,8,0.5401,4,4,0,0.0,0.0
2026-04-19T14:49:53.217,M0,640,0,4.14,156.99,72.4,97.0,0.0,0.0,8,0.5647,5,5,0,0.0,0.0
2026-04-19T14:49:53.356,M0,640,0,4.36,122.7,72.4,97.0,0.0,0.0,8,0.5511,6,6,0,0.0,0.0
2026-04-19T14:49:53.492,M0,640,0,4.58,118.81,72.4,97.0,0.0,0.0,9,0.5515,7,7,0,0.0,0.0
2026-04-19T14:49:53.614,M0,640,0,4.82,107.44,72.4,97.0,0.0,0.0,9,0.5192,8,8,0,0.0,0.0
2026-04-19T14:49:53.740,M0,640,0,5.06,111.11,72.4,91.7,0.0,0.0,7,0.5535,9,9,0,0.0,0.0
2026-04-19T14:49:53.860,M0,640,0,5.31,104.52,72.4,91.7,0.0,0.0,11,0.484,10,10,0,0.0,0.0
2026-04-19T14:49:53.982,M0,640,0,5.55,106.36,72.4,91.7,0.0,0.0,9,0.4997,11,11,0,0.0,0.0
2026-04-19T14:49:54.097,M0,640,0,5.8,102.48,72.4,91.7,0.0,0.0,8,0.5601,12,12,0,0.0,0.0
2026-04-19T14:49:54.222,M0,640,0,6.01,111.96,72.4,87.3,0.0,0.0,9,0.5389,13,13,0,0.0,0.0
2026-04-19T14:49:54.336,M0,640,0,6.25,101.77,72.4,87.3,0.0,0.0,9,0.5118,14,14,0,0.0,0.0
2026-04-19T14:49:54.458,M0,640,0,6.47,105.49,72.4,87.3,0.0,0.0,11,0.4978,15,15,0,0.0,0.0
2026-04-19T14:49:54.576,M0,640,0,6.69,104.34,72.4,87.3,0.0,0.0,12,0.4778,16,16,0,0.0,0.0
2026-04-19T14:49:54.696,M0,640,0,6.9,104.64,72.4,87.3,0.0,0.0,10,0.5148,17,17,0,0.0,0.0
2026-04-19T14:49:54.822,M0,640,0,7.06,112.03,72.4,81.2,0.0,0.0,10,0.5523,18,18,0,0.0,0.0
2026-04-19T14:49:54.945,M0,640,0,7.23,107.38,72.4,81.2,0.0,0.0,12,0.5091,19,19,0,0.0,0.0
2026-04-19T14:49:55.059,M0,640,0,7.42,103.0,72.4,81.2,0.0,0.0,11,0.5078,20,20,0,0.0,0.0
2026-04-19T14:49:55.183,M0,640,0,7.55,111.57,72.4,81.2,0.0,0.0,11,0.5168,21,21,0,0.0,0.0
2026-04-19T14:49:55.308,M0,640,0,7.67,111.27,72.4,83.5,0.0,0.0,9,0.5499,22,22,0,0.0,0.0
2026-04-19T14:49:55.424,M0,640,0,7.83,103.99,72.4,83.5,0.0,0.0,11,0.5142,23,23,0,0.0,0.0
2026-04-19T14:49:55.546,M0,640,0,7.96,107.28,72.4,83.5,0.0,0.0,12,0.5247,24,24,0,0.0,0.0
2026-04-19T14:49:55.664,M0,640,0,8.1,104.32,72.4,83.5,0.0,0.0,12,0.5087,25,25,0,0.0,0.0
2026-04-19T14:49:55.790,M0,640,0,8.16,113.41,72.4,81.0,0.0,0.0,9,0.5699,26,26,0,0.0,0.0
2026-04-19T14:49:55.913,M0,640,0,8.27,106.98,72.4,81.0,0.0,0.0,10,0.5635,27,27,0,0.0,0.0
2026-04-19T14:49:56.031,M0,640,0,8.38,104.56,72.4,81.0,0.0,0.0,12,0.5424,28,28,0,0.0,0.0
2026-04-19T14:49:56.147,M0,640,0,8.49,103.69,72.4,81.0,0.0,0.0,10,0.65,29,29,0,0.0,0.0
2026-04-19T14:49:56.270,M0,640,0,8.55,109.25,72.3,82.0,0.0,0.0,11,0.5997,30,30,0,0.0,0.0
2026-04-19T14:49:56.391,M0,640,0,8.64,105.22,72.3,82.0,0.0,0.0,11,0.6245,31,31,0,0.0,0.0
2026-04-19T14:49:56.511,M0,640,0,8.71,106.39,72.3,82.0,0.0,0.0,10,0.579,32,32,0,0.0,0.0
2026-04-19T14:49:56.629,M0,640,0,8.79,104.84,72.3,82.0,0.0,0.0,10,0.5795,33,33,0,0.0,0.0
2026-04-19T14:49:56.747,M0,640,0,8.86,105.09,72.3,82.0,0.0,0.0,11,0.5962,34,34,0,0.0,0.0
2026-04-19T14:49:56.878,M0,640,0,8.83,115.57,72.2,82.6,0.0,0.0,8,0.6063,35,35,0,0.0,0.0
2026-04-19T14:49:56.993,M0,640,0,8.93,101.64,72.2,82.6,0.0,0.0,8,0.5591,36,36,0,0.0,0.0
2026-04-19T14:49:57.114,M0,640,0,8.97,106.47,72.2,82.6,0.0,0.0,10,0.5454,37,37,0,0.0,0.0
2026-04-19T14:49:57.237,M0,640,0,9.0,107.84,72.2,82.6,0.0,0.0,8,0.6011,38,38,0,0.0,0.0
2026-04-19T14:49:57.365,M0,640,0,8.97,114.49,72.3,80.6,0.0,0.0,9,0.6046,39,39,0,0.0,0.0
2026-04-19T14:49:57.492,M0,640,0,8.97,112.02,72.3,80.6,0.0,0.0,9,0.6029,40,40,0,0.0,0.0
2026-04-19T14:49:57.612,M0,640,0,9.02,104.47,72.3,80.6,0.0,0.0,10,0.5608,41,41,0,0.0,0.0
2026-04-19T14:49:57.731,M0,640,0,9.09,102.38,72.3,80.6,0.0,0.0,8,0.6282,42,42,0,0.0,0.0
2026-04-19T14:49:57.862,M0,640,0,9.04,117.01,72.3,83.5,0.0,0.0,8,0.6077,43,43,0,0.0,0.0
2026-04-19T14:49:57.989,M0,640,0,9.03,111.37,72.3,83.5,0.0,0.0,9,0.5884,44,44,0,0.0,0.0
2026-04-19T14:49:58.109,M0,640,0,9.07,105.65,72.3,83.5,0.0,0.0,9,0.6065,45,45,0,0.0,0.0
2026-04-19T14:49:58.229,M0,640,0,9.12,104.4,72.3,83.5,0.0,0.0,8,0.6494,46,46,0,0.0,0.0
2026-04-19T14:49:58.353,M0,640,0,9.11,110.35,72.2,84.3,0.0,0.0,8,0.6559,47,47,0,0.0,0.0
2026-04-19T14:49:58.476,M0,640,0,9.13,107.99,72.2,84.3,0.0,0.0,10,0.6363,48,48,0,0.0,0.0
2026-04-19T14:49:58.594,M0,640,0,9.18,103.64,72.2,84.3,0.0,0.0,9,0.6483,49,49,0,0.0,0.0
2026-04-19T14:49:58.719,M0,640,0,9.15,112.87,72.2,84.3,0.0,0.0,11,0.5856,50,50,0,0.0,0.0
2026-04-19T14:49:58.873,M0,640,0,8.92,136.43,72.2,85.7,0.0,0.0,9,0.6248,51,51,0,0.0,0.0
2026-04-19T14:49:59.013,M0,640,0,8.83,124.39,72.2,85.7,0.0,0.0,10,0.5957,52,52,0,0.0,0.0
2026-04-19T14:49:59.157,M0,640,0,8.71,128.08,72.2,85.7,0.0,0.0,9,0.652,53,53,0,0.0,0.0
2026-04-19T14:49:59.277,M0,640,0,8.79,104.38,72.2,85.7,0.0,0.0,11,0.6158,54,54,0,0.0,0.0
2026-04-19T14:49:59.402,M0,640,0,8.81,111.28,72.2,93.2,0.0,0.0,10,0.6387,55,55,0,0.0,0.0
2026-04-19T14:49:59.521,M0,640,0,8.87,105.74,72.2,93.2,0.0,0.0,10,0.6246,56,56,0,0.0,0.0
2026-04-19T14:49:59.639,M0,640,0,8.95,102.85,72.2,93.2,0.0,0.0,9,0.6921,57,57,0,0.0,0.0
2026-04-19T14:49:59.758,M0,640,0,9.01,104.85,72.2,93.2,0.0,0.0,9,0.708,58,58,0,0.0,0.0
2026-04-19T14:49:59.936,M0,640,0,8.58,165.6,72.2,86.5,0.0,0.0,9,0.6936,59,59,0,0.0,0.0
2026-04-19T14:50:00.098,M0,640,0,8.37,146.25,72.2,86.5,0.0,0.0,9,0.6836,60,60,0,0.0,0.0
2026-04-19T14:50:00.254,M0,640,0,8.24,138.76,72.2,86.5,0.0,0.0,9,0.7011,61,61,0,0.0,0.0
2026-04-19T14:50:00.384,M0,640,0,8.29,113.47,72.2,86.5,0.0,0.0,9,0.714,62,62,0,0.0,0.0
2026-04-19T14:50:00.520,M0,640,0,8.32,117.14,72.4,100.0,0.0,0.0,9,0.68,63,63,0,0.0,0.0
2026-04-19T14:50:00.637,M0,640,0,8.45,101.74,72.4,100.0,0.0,0.0,8,0.6996,64,64,0,0.0,0.0
2026-04-19T14:50:00.753,M0,640,0,8.57,101.41,72.4,100.0,0.0,0.0,10,0.664,65,65,0,0.0,0.0
2026-04-19T14:50:00.883,M0,640,0,8.57,116.48,72.4,100.0,0.0,0.0,10,0.6216,66,66,0,0.0,0.0
2026-04-19T14:50:01.009,M0,640,0,8.6,112.32,72.4,84.2,0.0,0.0,12,0.5765,67,67,0,0.0,0.0
2026-04-19T14:50:01.135,M0,640,0,8.65,109.43,72.4,84.2,0.0,0.0,13,0.5749,68,68,0,0.0,0.0
2026-04-19T14:50:01.253,M0,640,0,8.76,101.98,72.4,84.2,0.0,0.0,14,0.5412,69,69,0,0.0,0.0
2026-04-19T14:50:01.369,M0,640,0,8.85,101.71,72.4,84.2,0.0,0.0,14,0.5597,70,70,0,0.0,0.0
2026-04-19T14:50:01.499,M0,640,0,8.83,115.28,72.3,81.6,0.0,0.0,11,0.5902,71,71,0,0.0,0.0
2026-04-19T14:50:01.625,M0,640,0,8.85,110.7,72.3,81.6,0.0,0.0,9,0.55,72,72,0,0.0,0.0
2026-04-19T14:50:01.763,M0,640,0,8.77,123.25,72.3,81.6,0.0,0.0,9,0.5642,73,73,0,0.0,0.0
2026-04-19T14:50:01.929,M0,640,0,8.51,148.69,72.3,81.6,0.0,0.0,9,0.5668,74,74,0,0.0,0.0
2026-04-19T14:50:02.063,M0,640,0,8.49,120.26,72.4,92.5,0.0,0.0,12,0.5156,75,75,0,0.0,0.0
2026-04-19T14:50:02.183,M0,640,0,8.58,106.05,72.4,92.5,0.0,0.0,12,0.5401,76,76,0,0.0,0.0
2026-04-19T14:50:02.303,M1,480,1,8.67,104.45,72.4,92.5,0.0,0.0,10,0.5511,77,77,0,0.0,0.0
2026-04-19T14:50:02.394,M1,480,1,8.99,74.5,72.4,92.5,0.0,0.0,10,0.5342,79,78,1,1.27,1.27
2026-04-19T14:50:02.495,M1,480,1,9.22,82.74,72.3,84.1,0.0,0.0,7,0.634,81,79,2,2.47,2.47
2026-04-19T14:50:02.587,M1,480,1,9.5,77.17,72.3,84.1,0.0,0.0,11,0.5032,83,80,3,3.61,3.61
2026-04-19T14:50:02.680,M1,480,1,9.79,74.18,72.3,84.1,0.0,0.0,13,0.5185,85,81,4,4.71,4.71
2026-04-19T14:50:02.770,M1,480,1,10.07,73.03,72.3,84.1,0.0,0.0,13,0.4725,87,82,5,5.75,5.75
2026-04-19T14:50:02.863,M1,480,1,10.35,73.25,72.3,84.1,0.0,0.0,12,0.5452,89,83,6,6.74,6.74
2026-04-19T14:50:02.958,M1,480,1,10.56,77.36,72.3,84.1,0.0,0.0,11,0.5055,91,84,7,7.69,7.69
2026-04-19T14:50:03.055,M1,480,1,10.72,80.57,72.4,85.8,0.0,0.0,12,0.5454,93,85,8,8.6,8.6
2026-04-19T14:50:03.147,M1,480,1,10.95,73.67,72.4,85.8,0.0,0.0,10,0.593,95,86,9,9.47,9.47
2026-04-19T14:50:03.242,M1,480,1,11.09,79.92,72.4,85.8,0.0,0.0,11,0.5614,97,87,10,10.31,10.31
2026-04-19T14:50:03.333,M1,480,1,11.32,71.42,72.4,85.8,0.0,0.0,14,0.4419,99,88,11,11.11,11.11
2026-04-19T14:50:03.423,M1,480,1,11.56,70.35,72.4,85.8,0.0,0.0,12,0.536,101,89,12,11.88,11.88
2026-04-19T14:50:03.524,M1,480,1,11.62,81.63,72.3,87.2,0.0,0.0,13,0.5802,103,90,13,12.62,12.62
2026-04-19T14:50:03.615,M1,480,1,11.83,70.71,72.3,87.2,0.0,0.0,12,0.5805,105,91,14,13.33,13.33
2026-04-19T14:50:03.707,M1,480,1,12.01,72.2,72.3,87.2,0.0,0.0,14,0.5589,107,92,15,14.02,14.02
2026-04-19T14:50:03.801,M1,480,1,12.12,75.4,72.3,87.2,0.0,0.0,15,0.5148,109,93,16,14.68,14.68
2026-04-19T14:50:03.895,M1,480,1,12.21,76.88,72.3,87.2,0.0,0.0,12,0.5263,111,94,17,15.32,15.32
2026-04-19T14:50:03.986,M1,480,1,12.35,72.31,72.3,87.2,0.0,0.0,8,0.5591,113,95,18,15.93,15.93
2026-04-19T14:50:04.082,M1,480,1,12.38,79.3,72.3,83.5,0.0,0.0,14,0.5175,115,96,19,16.52,16.52
2026-04-19T14:50:04.179,M1,480,1,12.41,78.33,72.3,83.5,0.0,0.0,12,0.524,117,97,20,17.09,17.09
2026-04-19T14:50:04.268,M1,480,1,12.55,71.68,72.3,83.5,0.0,0.0,8,0.5635,119,98,21,17.65,17.65
2026-04-19T14:50:04.359,M1,480,1,12.68,71.95,72.3,83.5,0.0,0.0,11,0.5619,121,99,22,18.18,18.18
2026-04-19T14:50:04.452,M1,480,1,12.73,75.44,72.3,83.5,0.0,0.0,12,0.5704,123,100,23,18.7,18.7
2026-04-19T14:50:04.564,M1,480,1,12.5,92.98,72.3,85.1,0.0,0.0,15,0.553,125,101,24,19.2,19.2
2026-04-19T14:50:04.654,M1,480,1,12.66,69.99,72.3,85.1,0.0,0.0,14,0.5274,127,102,25,19.69,19.69
2026-04-19T14:50:04.744,M1,480,1,12.79,70.98,72.3,85.1,0.0,0.0,11,0.5722,129,103,26,20.16,20.16
2026-04-19T14:50:04.834,M1,480,1,12.87,73.07,72.3,85.1,0.0,0.0,12,0.5229,131,104,27,20.61,20.61
2026-04-19T14:50:04.925,M1,480,1,12.99,70.68,72.3,85.1,0.0,0.0,10,0.5613,133,105,28,21.05,21.05
2026-04-19T14:50:05.017,M1,480,1,13.06,72.62,72.3,85.1,0.0,0.0,10,0.5107,135,106,29,21.48,21.48
2026-04-19T14:50:05.116,M1,480,1,13.01,79.76,72.3,81.2,0.0,0.0,9,0.518,137,107,30,21.9,21.9
2026-04-19T14:50:05.207,M1,480,1,13.1,71.5,72.3,81.2,0.0,0.0,10,0.5362,139,108,31,22.3,22.3
2026-04-19T14:50:05.296,M1,480,1,13.16,72.95,72.3,81.2,0.0,0.0,10,0.5868,141,109,32,22.7,22.7
2026-04-19T14:50:05.385,M1,480,1,13.28,69.23,72.3,81.2,0.0,0.0,9,0.6012,143,110,33,23.08,23.08
2026-04-19T14:50:05.474,M1,480,1,13.4,68.67,72.3,81.2,0.0,0.0,9,0.5701,145,111,34,23.45,23.45
2026-04-19T14:50:05.570,M1,480,1,13.42,73.44,72.3,81.2,0.0,0.0,8,0.5746,147,112,35,23.81,23.81
2026-04-19T14:50:05.662,M1,480,1,13.43,73.84,72.3,82.7,0.0,0.0,9,0.6023,149,113,36,24.16,24.16
2026-04-19T14:50:05.753,M1,480,1,13.45,73.32,72.3,82.7,0.0,0.0,10,0.445,151,114,37,24.5,24.5
2026-04-19T14:50:05.846,M1,480,1,13.46,73.85,72.3,82.7,0.0,0.0,7,0.4807,153,115,38,24.84,24.84
2026-04-19T14:50:05.934,M1,480,1,13.54,69.67,72.3,82.7,0.0,0.0,8,0.5091,155,116,39,25.16,25.16
2026-04-19T14:50:06.021,M1,480,1,13.64,68.48,72.3,82.7,0.0,0.0,9,0.4601,157,117,40,25.48,25.48
2026-04-19T14:50:06.121,M1,480,1,13.51,80.29,72.3,84.2,0.0,0.0,9,0.488,159,118,41,25.79,25.79
2026-04-19T14:50:06.212,M1,480,1,13.55,71.86,72.3,84.2,0.0,0.0,9,0.4556,161,119,42,26.09,26.09
2026-04-19T14:50:06.305,M1,480,1,13.57,72.99,72.3,84.2,0.0,0.0,9,0.4766,163,120,43,26.38,26.38
2026-04-19T14:50:06.394,M1,480,1,13.61,71.35,72.3,84.2,0.0,0.0,7,0.4741,165,121,44,26.67,26.67
2026-04-19T14:50:06.483,M1,480,1,13.63,72.61,72.3,84.2,0.0,0.0,8,0.4683,167,122,45,26.95,26.95
2026-04-19T14:50:06.573,M1,480,1,13.7,69.39,72.3,84.2,0.0,0.0,8,0.4833,169,123,46,27.22,27.22
2026-04-19T14:50:06.671,M1,480,1,13.59,78.86,72.3,81.5,0.0,0.0,10,0.5587,171,124,47,27.49,27.49
2026-04-19T14:50:06.760,M1,480,1,13.64,71.03,72.3,81.5,0.0,0.0,8,0.5435,173,125,48,27.75,27.75
2026-04-19T14:50:06.852,M1,480,1,13.59,76.06,72.3,81.5,0.0,0.0,9,0.4918,175,126,49,28.0,28.0
2026-04-19T14:50:06.943,M1,480,1,13.6,72.94,72.3,81.5,0.0,0.0,10,0.5227,177,127,50,28.25,28.25
2026-04-19T14:50:07.028,M1,480,1,13.68,69.15,72.3,81.5,0.0,0.0,6,0.6004,179,128,51,28.49,28.49
2026-04-19T14:50:07.117,M1,480,1,13.72,71.06,72.3,81.5,0.0,0.0,7,0.4819,181,129,52,28.73,28.73
2026-04-19T14:50:07.210,M1,480,1,13.79,69.24,72.3,84.2,0.0,0.0,8,0.4963,183,130,53,28.96,28.96
2026-04-19T14:50:07.300,M1,480,1,13.81,71.67,72.3,84.2,0.0,0.0,10,0.4914,185,131,54,29.19,29.19
2026-04-19T14:50:07.391,M1,480,1,13.79,73.48,72.3,84.2,0.0,0.0,8,0.5484,187,132,55,29.41,29.41
2026-04-19T14:50:07.482,M1,480,1,13.8,71.89,72.3,84.2,0.0,0.0,7,0.4261,189,133,56,29.63,29.63
2026-04-19T14:50:07.574,M1,480,1,13.79,73.06,72.3,84.2,0.0,0.0,7,0.4858,191,134,57,29.84,29.84
2026-04-19T14:50:07.669,M1,480,1,13.7,77.3,72.3,85.9,0.0,0.0,5,0.6366,193,135,58,30.05,30.05
2026-04-19T14:50:07.757,M1,480,1,13.72,71.87,72.3,85.9,0.0,0.0,6,0.6028,195,136,59,30.26,30.26
2026-04-19T14:50:07.852,M1,480,1,13.66,75.96,72.3,85.9,0.0,0.0,8,0.5771,197,137,60,30.46,30.46
2026-04-19T14:50:07.941,M1,480,1,13.71,70.75,72.3,85.9,0.0,0.0,5,0.6411,199,138,61,30.65,30.65
2026-04-19T14:50:08.030,M1,480,1,13.74,71.23,72.3,85.9,0.0,0.0,7,0.585,201,139,62,30.85,30.85
2026-04-19T14:50:08.116,M1,480,1,13.78,70.88,72.3,85.9,0.0,0.0,8,0.6148,203,140,63,31.03,31.03
2026-04-19T14:50:08.219,M1,480,1,13.63,80.42,72.3,82.6,0.0,0.0,7,0.5724,205,141,64,31.22,31.22
2026-04-19T14:50:08.312,M1,480,1,13.62,74.05,72.3,82.6,0.0,0.0,6,0.6131,207,142,65,31.4,31.4
2026-04-19T14:50:08.401,M1,480,1,13.64,72.3,72.3,82.6,0.0,0.0,7,0.6213,209,143,66,31.58,31.58
2026-04-19T14:50:08.490,M1,480,1,13.65,72.59,72.3,82.6,0.0,0.0,7,0.6466,211,144,67,31.75,31.75
2026-04-19T14:50:08.578,M1,480,1,13.65,73.04,72.3,82.6,0.0,0.0,7,0.5664,213,145,68,31.92,31.92
2026-04-19T14:50:08.667,M1,480,1,13.72,69.78,72.3,82.6,0.0,0.0,6,0.6338,215,146,69,32.09,32.09
2026-04-19T14:50:08.761,M1,480,1,13.72,73.06,72.3,83.6,0.0,0.0,7,0.6244,217,147,70,32.26,32.26
2026-04-19T14:50:08.851,M1,480,1,13.7,73.53,72.3,83.6,0.0,0.0,7,0.5994,219,148,71,32.42,32.42
2026-04-19T14:50:08.940,M1,480,1,13.72,72.28,72.3,83.6,0.0,0.0,7,0.5895,221,149,72,32.58,32.58
2026-04-19T14:50:09.028,M1,480,1,13.74,71.85,72.3,83.6,0.0,0.0,7,0.5271,223,150,73,32.74,32.74
2026-04-19T14:50:09.117,M1,480,1,13.75,71.97,72.3,83.6,0.0,0.0,7,0.5947,225,151,74,32.89,32.89
2026-04-19T14:50:09.217,M1,480,1,13.6,80.71,72.3,82.7,0.0,0.0,9,0.5666,227,152,75,33.04,33.04
2026-04-19T14:50:09.307,M1,480,1,13.64,71.7,72.3,82.7,0.0,0.0,10,0.5039,229,153,76,33.19,33.19
2026-04-19T14:50:09.398,M1,480,1,13.65,72.58,72.3,82.7,0.0,0.0,8,0.6396,231,154,77,33.33,33.33
2026-04-19T14:50:09.489,M1,480,1,13.66,72.62,72.3,82.7,0.0,0.0,10,0.5953,233,155,78,33.48,33.48
2026-04-19T14:50:09.580,M1,480,1,13.68,72.25,72.3,82.7,0.0,0.0,11,0.5675,235,156,79,33.62,33.62
2026-04-19T14:50:09.671,M1,480,1,13.71,71.62,72.3,82.7,0.0,0.0,10,0.6194,237,157,80,33.76,33.76
2026-04-19T14:50:09.765,M1,480,1,13.62,77.49,72.3,83.3,0.0,0.0,11,0.5968,239,158,81,33.89,33.89
2026-04-19T14:50:09.859,M1,480,1,13.57,76.26,72.3,83.3,0.0,0.0,10,0.6021,241,159,82,34.02,34.02
2026-04-19T14:50:09.952,M1,480,1,13.57,73.88,72.3,83.3,0.0,0.0,7,0.6726,243,160,83,34.16,34.16
2026-04-19T14:50:10.043,M1,480,1,13.57,73.67,72.3,83.3,0.0,0.0,6,0.738,245,161,84,34.29,34.29
2026-04-19T14:50:10.134,M1,480,1,13.54,75.25,72.3,83.3,0.0,0.0,6,0.7881,247,162,85,34.41,34.41
2026-04-19T14:50:10.225,M1,480,1,13.54,73.58,72.3,84.2,0.0,0.0,6,0.7331,249,163,86,34.54,34.54
2026-04-19T14:50:10.313,M1,480,1,13.62,69.86,72.3,84.2,0.0,0.0,6,0.7736,251,164,87,34.66,34.66
2026-04-19T14:50:10.402,M1,480,1,13.65,71.73,72.3,84.2,0.0,0.0,6,0.7269,253,165,88,34.78,34.78
2026-04-19T14:50:10.493,M1,480,1,13.65,73.4,72.3,84.2,0.0,0.0,7,0.6127,255,166,89,34.9,34.9
2026-04-19T14:50:10.588,M1,480,1,13.58,76.87,72.3,84.2,0.0,0.0,6,0.675,257,167,90,35.02,35.02
2026-04-19T14:50:10.677,M1,480,1,13.59,73.21,72.3,84.2,0.0,0.0,6,0.6582,259,168,91,35.14,35.14
2026-04-19T14:50:10.772,M1,480,1,13.51,77.59,72.3,81.8,0.0,0.0,4,0.716,261,169,92,35.25,35.25
2026-04-19T14:50:10.861,M1,480,1,13.55,72.18,72.3,81.8,0.0,0.0,6,0.5997,263,170,93,35.36,35.36
2026-04-19T14:50:10.950,M1,480,1,13.59,71.49,72.3,81.8,0.0,0.0,5,0.6073,265,171,94,35.47,35.47
2026-04-19T14:50:11.042,M1,480,1,13.66,69.74,72.3,81.8,0.0,0.0,6,0.6484,267,172,95,35.58,35.58
2026-04-19T14:50:11.133,M1,480,1,13.66,73.16,72.3,81.8,0.0,0.0,5,0.5049,269,173,96,35.69,35.69
2026-04-19T14:50:11.223,M1,480,1,13.7,71.23,72.3,81.8,0.0,0.0,3,0.5504,271,174,97,35.79,35.79
2026-04-19T14:50:11.322,M1,480,1,13.54,81.71,72.3,82.7,0.0,0.0,4,0.5536,273,175,98,35.9,35.9
2026-04-19T14:50:11.409,M1,480,1,13.63,69.02,72.3,82.7,0.0,0.0,3,0.4887,275,176,99,36.0,36.0
2026-04-19T14:50:11.499,M1,480,1,13.65,72.2,72.3,82.7,0.0,0.0,3,0.5164,277,177,100,36.1,36.1
2026-04-19T14:50:11.589,M1,480,1,13.66,72.83,72.3,82.7,0.0,0.0,2,0.6505,279,178,101,36.2,36.2
2026-04-19T14:50:11.679,M1,480,1,13.67,72.67,72.3,82.7,0.0,0.0,2,0.6312,281,179,102,36.3,36.3
2026-04-19T14:50:11.768,M1,480,1,13.72,70.46,72.3,82.7,0.0,0.0,2,0.6368,283,180,103,36.4,36.4
2026-04-19T14:50:11.863,M1,480,1,13.7,73.63,72.3,86.2,0.0,0.0,2,0.5119,285,181,104,36.49,36.49
2026-04-19T14:50:11.951,M1,480,1,13.69,73.88,72.3,86.2,0.0,0.0,4,0.3623,287,182,105,36.59,36.59
2026-04-19T14:50:12.040,M1,480,1,13.71,72.07,72.3,86.2,0.0,0.0,3,0.3814,289,183,106,36.68,36.68
2026-04-19T14:50:12.132,M1,480,1,13.68,74.21,72.3,86.2,0.0,0.0,5,0.3722,291,184,107,36.77,36.77
2026-04-19T14:50:12.216,M2,320,2,13.75,69.39,72.3,86.2,0.0,0.0,0,0.0,292,185,107,36.64,36.64
2026-04-19T14:50:12.282,M2,320,2,14.29,45.23,72.3,86.2,0.0,0.0,0,0.0,295,186,109,36.95,36.95
2026-04-19T14:50:12.364,M2,320,2,14.49,60.56,72.3,85.6,0.0,0.0,3,0.3011,298,187,111,37.25,37.25
2026-04-19T14:50:12.432,M2,320,2,14.98,46.29,72.3,85.6,0.0,0.0,2,0.2603,301,188,113,37.54,37.54
2026-04-19T14:50:12.502,M2,320,2,15.42,47.58,72.3,85.6,0.0,0.0,3,0.3736,304,189,115,37.83,37.83
2026-04-19T14:50:12.572,M2,320,2,15.82,48.77,72.3,85.6,0.0,0.0,3,0.4562,307,190,117,38.11,38.11
2026-04-19T14:50:12.641,M2,320,2,16.24,46.67,72.3,85.6,0.0,0.0,5,0.362,310,191,119,38.39,38.39
2026-04-19T14:50:12.707,M2,320,2,16.7,44.63,72.3,85.6,0.0,0.0,4,0.4759,313,192,121,38.66,38.66
2026-04-19T14:50:12.774,M2,320,2,17.08,46.65,72.3,85.6,0.0,0.0,6,0.4253,316,193,123,38.92,38.92
2026-04-19T14:50:12.847,M2,320,2,17.25,52.7,72.3,88.9,0.0,0.0,5,0.4974,319,194,125,39.18,39.18
2026-04-19T14:50:12.914,M2,320,2,17.61,46.07,72.3,88.9,0.0,0.0,6,0.496,322,195,127,39.44,39.44
2026-04-19T14:50:12.983,M2,320,2,17.82,50.05,72.3,88.9,0.0,0.0,2,0.6829,325,196,129,39.69,39.69
2026-04-19T14:50:13.049,M2,320,2,18.18,45.08,72.3,88.9,0.0,0.0,3,0.6128,328,197,131,39.94,39.94
2026-04-19T14:50:13.112,M2,320,2,18.53,44.63,72.3,88.9,0.0,0.0,4,0.5909,331,198,133,40.18,40.18
2026-04-19T14:50:13.182,M2,320,2,18.78,46.84,72.3,88.9,0.0,0.0,3,0.561,334,199,135,40.42,40.42
2026-04-19T14:50:13.257,M2,320,2,18.76,53.86,72.3,88.9,0.0,0.0,7,0.4668,337,200,137,40.65,40.65
2026-04-19T14:50:13.345,M2,320,2,18.31,66.22,72.3,87.3,0.0,0.0,4,0.5431,340,201,139,40.88,40.88
2026-04-19T14:50:13.416,M2,320,2,18.54,48.05,72.3,87.3,0.0,0.0,4,0.5332,343,202,141,41.11,41.11
2026-04-19T14:50:13.488,M2,320,2,18.68,49.9,72.3,87.3,0.0,0.0,3,0.5078,346,203,143,41.33,41.33
2026-04-19T14:50:13.554,M2,320,2,18.87,47.95,72.3,87.3,0.0,0.0,3,0.6614,349,204,145,41.55,41.55
2026-04-19T14:50:13.619,M2,320,2,19.17,44.8,72.3,87.3,0.0,0.0,2,0.6975,352,205,147,41.76,41.76
2026-04-19T14:50:13.690,M2,320,2,19.31,48.49,72.3,87.3,0.0,0.0,4,0.592,355,206,149,41.97,41.97
2026-04-19T14:50:13.759,M2,320,2,19.41,49.0,72.3,87.3,0.0,0.0,5,0.6166,358,207,151,42.18,42.18
2026-04-19T14:50:13.829,M2,320,2,19.47,49.91,72.3,87.3,0.0,0.0,2,0.7347,361,208,153,42.38,42.38
2026-04-19T14:50:13.901,M2,320,2,19.55,49.31,72.4,88.0,0.0,0.0,1,0.5596,364,209,155,42.58,42.58
2026-04-19T14:50:13.969,M2,320,2,19.66,48.37,72.4,88.0,0.0,0.0,2,0.6597,367,210,157,42.78,42.78
2026-04-19T14:50:14.036,M2,320,2,19.85,45.8,72.4,88.0,0.0,0.0,2,0.4547,370,211,159,42.97,42.97
2026-04-19T14:50:14.108,M2,320,2,19.81,51.4,72.4,88.0,0.0,0.0,1,0.4364,373,212,161,43.16,43.16
2026-04-19T14:50:14.178,M2,320,2,19.94,47.22,72.4,88.0,0.0,0.0,0,0.0,376,213,163,43.35,43.35
2026-04-19T14:50:14.242,M2,320,2,20.19,43.93,72.4,88.0,0.0,0.0,0,0.0,379,214,165,43.54,43.54
2026-04-19T14:50:14.309,M2,320,2,20.31,46.56,72.4,88.0,0.0,0.0,0,0.0,382,215,167,43.72,43.72
2026-04-19T14:50:14.382,M2,320,2,20.2,52.09,72.3,87.9,0.0,0.0,1,0.3473,385,216,169,43.9,43.9
2026-04-19T14:50:14.445,M2,320,2,20.36,45.58,72.3,87.9,0.0,0.0,1,0.4558,388,217,171,44.07,44.07
2026-04-19T14:50:14.511,M2,320,2,20.59,43.58,72.3,87.9,0.0,0.0,0,0.0,391,218,173,44.25,44.25
2026-04-19T14:50:14.580,M2,320,2,20.64,47.41,72.3,87.9,0.0,0.0,0,0.0,394,219,175,44.42,44.42
2026-04-19T14:50:14.647,M2,320,2,20.74,46.03,72.3,87.9,0.0,0.0,1,0.2613,397,220,177,44.58,44.58
2026-04-19T14:50:14.894,M2,320,2,15.24,222.34,72.4,92.5,0.0,0.0,0,0.0,400,221,179,44.75,44.75
2026-04-19T14:50:14.961,M2,320,2,15.67,47.69,72.4,92.5,0.0,0.0,0,0.0,403,222,181,44.91,44.91
2026-04-19T14:50:15.028,M2,320,2,16.13,45.53,72.4,92.5,0.0,0.0,1,0.3613,406,223,183,45.07,45.07
2026-04-19T14:50:15.094,M2,320,2,16.52,47.34,72.4,92.5,0.0,0.0,1,0.3123,409,224,185,45.23,45.23
2026-04-19T14:50:15.162,M2,320,2,16.91,46.72,72.4,92.5,0.0,0.0,1,0.4567,412,225,187,45.39,45.39
2026-04-19T14:50:15.228,M2,320,2,17.34,44.29,72.4,92.5,0.0,0.0,1,0.4378,415,226,189,45.54,45.54
2026-04-19T14:50:15.295,M2,320,2,17.66,47.31,72.4,92.5,0.0,0.0,1,0.5114,418,227,191,45.69,45.69
2026-04-19T14:50:15.363,M2,320,2,18.01,45.61,72.4,92.5,0.0,0.0,1,0.4617,421,228,193,45.84,45.84
2026-04-19T14:50:15.436,M2,320,2,18.09,52.92,72.2,86.6,0.0,0.0,0,0.0,424,229,195,45.99,45.99
2026-04-19T14:50:15.503,M2,320,2,18.41,45.74,72.2,86.6,0.0,0.0,0,0.0,427,230,197,46.14,46.14
2026-04-19T14:50:15.572,M2,320,2,18.64,47.74,72.2,86.6,0.0,0.0,3,0.4496,430,231,199,46.28,46.28
2026-04-19T14:50:15.638,M2,320,2,18.89,46.56,72.2,86.6,0.0,0.0,3,0.4142,433,232,201,46.42,46.42
2026-04-19T14:50:15.705,M2,320,2,19.08,47.58,72.2,86.6,0.0,0.0,3,0.4644,436,233,203,46.56,46.56
2026-04-19T14:50:15.772,M2,320,2,19.33,45.51,72.2,86.6,0.0,0.0,3,0.3613,439,234,205,46.7,46.7
2026-04-19T14:50:15.838,M2,320,2,19.51,47.09,72.2,86.6,0.0,0.0,4,0.4175,442,235,207,46.83,46.83
2026-04-19T14:50:15.905,M2,320,2,19.67,47.04,72.2,86.6,0.0,0.0,2,0.4526,445,236,209,46.97,46.97
2026-04-19T14:50:15.975,M2,320,2,19.69,50.4,72.3,89.1,0.0,0.0,5,0.5301,448,237,211,47.1,47.1
2026-04-19T14:50:16.041,M2,320,2,19.96,43.9,72.3,89.1,0.0,0.0,4,0.5383,451,238,213,47.23,47.23
2026-04-19T14:50:16.107,M2,320,2,20.16,44.99,72.3,89.1,0.0,0.0,3,0.5864,454,239,215,47.36,47.36
2026-04-19T14:50:16.175,M2,320,2,20.2,48.74,72.3,89.1,0.0,0.0,6,0.3931,457,240,217,47.48,47.48
2026-04-19T14:50:16.242,M2,320,2,20.37,45.48,72.3,89.1,0.0,0.0,3,0.6473,460,241,219,47.61,47.61
2026-04-19T14:50:16.309,M2,320,2,20.39,48.56,72.3,89.1,0.0,0.0,3,0.5666,463,242,221,47.73,47.73
2026-04-19T14:50:16.376,M2,320,2,20.53,45.69,72.3,89.1,0.0,0.0,2,0.5123,466,243,223,47.85,47.85
2026-04-19T14:50:16.448,M2,320,2,20.43,51.02,72.2,87.3,0.0,0.0,1,0.6184,469,244,225,47.97,47.97
2026-04-19T14:50:16.518,M2,320,2,20.38,50.16,72.2,87.3,0.0,0.0,3,0.5132,472,245,227,48.09,48.09
2026-04-19T14:50:16.589,M2,320,2,20.37,49.27,72.2,87.3,0.0,0.0,3,0.6467,475,246,229,48.21,48.21
2026-04-19T14:50:16.655,M2,320,2,20.52,45.62,72.2,87.3,0.0,0.0,4,0.5068,478,247,231,48.33,48.33
2026-04-19T14:50:16.728,M2,320,2,20.38,52.09,72.2,87.3,0.0,0.0,4,0.5084,481,248,233,48.44,48.44
2026-04-19T14:50:16.795,M2,320,2,20.5,46.15,72.2,87.3,0.0,0.0,4,0.5475,484,249,235,48.55,48.55
2026-04-19T14:50:16.862,M2,320,2,20.52,48.37,72.2,87.3,0.0,0.0,4,0.5566,487,250,237,48.67,48.67
2026-04-19T14:50:16.932,M2,320,2,20.51,48.87,72.2,87.3,0.0,0.0,5,0.5067,490,251,239,48.78,48.78
2026-04-19T14:50:17.005,M2,320,2,20.56,47.6,72.3,85.1,0.0,0.0,5,0.3669,493,252,241,48.88,48.88
2026-04-19T14:50:17.075,M2,320,2,20.62,47.11,72.3,85.1,0.0,0.0,2,0.5385,496,253,243,48.99,48.99
2026-04-19T14:50:17.142,M2,320,2,20.65,47.87,72.3,85.1,0.0,0.0,3,0.4862,499,254,245,49.1,49.1
2026-04-19T14:50:17.212,M2,320,2,20.67,47.91,72.3,85.1,0.0,0.0,1,0.6407,502,255,247,49.2,49.2
2026-04-19T14:50:17.279,M2,320,2,20.82,45.04,72.3,85.1,0.0,0.0,1,0.6461,505,256,249,49.31,49.31
2026-04-19T14:50:17.347,M2,320,2,20.9,46.14,72.3,85.1,0.0,0.0,1,0.5765,508,257,251,49.41,49.41
2026-04-19T14:50:17.416,M2,320,2,20.9,47.72,72.3,85.1,0.0,0.0,1,0.6025,511,258,253,49.51,49.51
2026-04-19T14:50:17.491,M2,320,2,20.71,52.23,72.2,86.6,0.0,0.0,2,0.4394,514,259,255,49.61,49.61
2026-04-19T14:50:17.558,M2,320,2,20.77,46.94,72.2,86.6,0.0,0.0,1,0.7758,517,260,257,49.71,49.71
2026-04-19T14:50:17.625,M2,320,2,20.84,46.65,72.2,86.6,0.0,0.0,4,0.4666,520,261,259,49.81,49.81
2026-04-19T14:50:17.692,M2,320,2,20.88,46.87,72.2,86.6,0.0,0.0,2,0.3434,523,262,261,49.9,49.9
2026-04-19T14:50:17.759,M2,320,2,21.0,45.15,72.2,86.6,0.0,0.0,3,0.321,526,263,263,50.0,50.0
2026-04-19T14:50:17.830,M2,320,2,20.96,48.51,72.2,86.6,0.0,0.0,2,0.3042,529,264,265,50.09,50.09
2026-04-19T14:50:17.896,M2,320,2,20.98,47.32,72.2,86.6,0.0,0.0,3,0.4388,532,265,267,50.19,50.19
2026-04-19T14:50:17.963,M2,320,2,20.95,48.38,72.2,86.6,0.0,0.0,3,0.5679,535,266,269,50.28,50.28
2026-04-19T14:50:18.036,M2,320,2,20.96,47.62,72.3,83.5,0.0,0.0,2,0.5271,538,267,271,50.37,50.37
2026-04-19T14:50:18.103,M2,320,2,21.04,45.77,72.3,83.5,0.0,0.0,4,0.4373,541,268,273,50.46,50.46
2026-04-19T14:50:18.170,M2,320,2,20.98,48.86,72.3,83.5,0.0,0.0,2,0.6114,544,269,275,50.55,50.55
2026-04-19T14:50:18.237,M2,320,2,21.01,47.02,72.3,83.5,0.0,0.0,1,0.7599,547,270,277,50.64,50.64
2026-04-19T14:50:18.305,M2,320,2,20.92,49.67,72.3,83.5,0.0,0.0,1,0.6768,550,271,279,50.73,50.73
2026-04-19T14:50:18.373,M2,320,2,21.02,45.53,72.3,83.5,0.0,0.0,1,0.7268,553,272,281,50.81,50.81
2026-04-19T14:50:18.438,M2,320,2,21.06,46.67,72.3,83.5,0.0,0.0,1,0.8218,556,273,283,50.9,50.9
2026-04-19T14:50:18.515,M2,320,2,20.64,57.03,72.2,84.8,0.0,0.0,1,0.5709,559,274,285,50.98,50.98
2026-04-19T14:50:18.580,M2,320,2,20.87,43.23,72.2,84.8,0.0,0.0,0,0.0,562,275,287,51.07,51.07
2026-04-19T14:50:18.645,M2,320,2,21.01,44.74,72.2,84.8,0.0,0.0,0,0.0,565,276,289,51.15,51.15
2026-04-19T14:50:18.711,M2,320,2,20.98,48.24,72.2,84.8,0.0,0.0,0,0.0,568,277,291,51.23,51.23
2026-04-19T14:50:18.779,M2,320,2,21.07,45.72,72.2,84.8,0.0,0.0,0,0.0,571,278,293,51.31,51.31
2026-04-19T14:50:18.846,M2,320,2,21.11,46.49,72.2,84.8,0.0,0.0,0,0.0,574,279,295,51.39,51.39
2026-04-19T14:50:18.913,M2,320,2,21.04,48.85,72.2,84.8,0.0,0.0,3,0.3249,577,280,297,51.47,51.47
2026-04-19T14:50:18.979,M2,320,2,21.11,46.1,72.2,84.8,0.0,0.0,1,0.4528,580,281,299,51.55,51.55
2026-04-19T14:50:19.052,M2,320,2,20.87,52.79,72.2,88.7,0.0,0.0,2,0.3159,583,282,301,51.63,51.63
2026-04-19T14:50:19.122,M2,320,2,20.81,49.17,72.2,88.7,0.0,0.0,2,0.2932,586,283,303,51.71,51.71
2026-04-19T14:50:19.189,M2,320,2,20.95,44.88,72.2,88.7,0.0,0.0,2,0.4333,589,284,305,51.78,51.78
2026-04-19T14:50:19.253,M2,320,2,21.03,45.97,72.2,88.7,0.0,0.0,0,0.0,592,285,307,51.86,51.86
2026-04-19T14:50:19.321,M2,320,2,21.06,46.83,72.2,88.7,0.0,0.0,1,0.4687,595,286,309,51.93,51.93
2026-04-19T14:50:19.411,M2,320,2,20.29,65.46,72.2,88.7,0.0,0.0,2,0.4739,598,287,311,52.01,52.01
2026-04-19T14:50:19.480,M2,320,2,20.24,50.48,72.2,88.7,0.0,0.0,3,0.4522,601,288,313,52.08,52.08
2026-04-19T14:50:19.556,M2,320,2,20.07,53.76,72.2,85.7,0.0,0.0,4,0.424,604,289,315,52.15,52.15
2026-04-19T14:50:19.625,M2,320,2,20.19,46.87,72.2,85.7,0.0,0.0,4,0.4703,607,290,317,52.22,52.22
2026-04-19T14:50:19.690,M2,320,2,20.37,44.99,72.2,85.7,0.0,0.0,5,0.4074,610,291,319,52.3,52.3
2026-04-19T14:50:19.759,M2,320,2,20.45,47.24,72.2,85.7,0.0,0.0,5,0.5303,613,292,321,52.37,52.37
2026-04-19T14:50:19.831,M2,320,2,20.49,48.03,72.2,85.7,0.0,0.0,5,0.5093,616,293,323,52.44,52.44
2026-04-19T14:50:19.900,M2,320,2,20.45,49.62,72.2,85.7,0.0,0.0,5,0.5703,619,294,325,52.5,52.5
2026-04-19T14:50:19.968,M2,320,2,20.5,47.78,72.2,85.7,0.0,0.0,6,0.5021,622,295,327,52.57,52.57
2026-04-19T14:50:20.040,M2,320,2,20.43,50.35,72.2,85.7,0.0,0.0,6,0.4982,625,296,329,52.64,52.64
2026-04-19T14:50:20.117,M2,320,2,20.35,50.97,72.2,85.0,0.0,0.0,4,0.5281,628,297,331,52.71,52.71
2026-04-19T14:50:20.184,M2,320,2,20.56,44.06,72.2,85.0,0.0,0.0,3,0.4038,631,298,333,52.77,52.77
2026-04-19T14:50:20.249,M2,320,2,20.67,46.11,72.2,85.0,0.0,0.0,3,0.4892,634,299,335,52.84,52.84
2026-04-19T14:50:20.317,M2,320,2,20.72,47.2,72.2,85.0,0.0,0.0,3,0.5205,637,300,337,52.9,52.9
2026-04-19T14:50:20.396,M2,320,2,20.32,57.8,72.2,85.0,0.0,0.0,3,0.6279,640,301,339,52.97,52.97
2026-04-19T14:50:20.467,M2,320,2,20.32,49.11,72.2,85.0,0.0,0.0,3,0.5473,643,302,341,53.03,53.03
2026-04-19T14:50:20.535,M2,320,2,20.45,46.03,72.2,85.0,0.0,0.0,2,0.6043,646,303,343,53.1,53.1
2026-04-19T14:50:20.611,M2,320,2,20.21,54.93,72.2,88.2,0.0,0.0,3,0.5335,649,304,345,53.16,53.16
2026-04-19T14:50:20.679,M2,320,2,20.32,46.66,72.2,88.2,0.0,0.0,4,0.4091,652,305,347,53.22,53.22
2026-04-19T14:50:20.747,M2,320,2,20.41,47.14,72.2,88.2,0.0,0.0,2,0.4481,655,306,349,53.28,53.28
2026-04-19T14:50:20.829,M2,320,2,20.02,58.38,72.2,88.2,0.0,0.0,1,0.4933,658,307,351,53.34,53.34
2026-04-19T14:50:20.897,M2,320,2,20.05,49.28,72.2,88.2,0.0,0.0,2,0.4495,661,308,353,53.4,53.4
2026-04-19T14:50:20.967,M2,320,2,20.08,49.12,72.2,88.2,0.0,0.0,2,0.3545,664,309,355,53.46,53.46
2026-04-19T14:50:21.032,M2,320,2,20.22,46.32,72.2,88.2,0.0,0.0,1,0.4332,667,310,357,53.52,53.52
2026-04-19T14:50:21.104,M2,320,2,20.08,52.91,72.2,90.2,0.0,0.0,2,0.5116,670,311,359,53.58,53.58
2026-04-19T14:50:21.178,M2,320,2,20.01,51.55,72.2,90.2,0.0,0.0,3,0.3853,673,312,361,53.64,53.64
2026-04-19T14:50:21.244,M2,320,2,20.24,44.29,72.2,90.2,0.0,0.0,4,0.5332,676,313,363,53.7,53.7
2026-04-19T14:50:21.313,M2,320,2,20.35,46.68,72.2,90.2,0.0,0.0,3,0.6672,679,314,365,53.76,53.76
2026-04-19T14:50:21.377,M2,320,2,20.53,44.93,72.2,90.2,0.0,0.0,2,0.5392,682,315,367,53.81,53.81
2026-04-19T14:50:21.444,M2,320,2,20.67,45.45,72.2,90.2,0.0,0.0,2,0.7033,685,316,369,53.87,53.87
2026-04-19T14:50:21.510,M2,320,2,20.74,46.65,72.2,90.2,0.0,0.0,1,0.3677,688,317,371,53.92,53.92
2026-04-19T14:50:21.577,M2,320,2,20.81,46.62,72.2,90.2,0.0,0.0,0,0.0,691,318,373,53.98,53.98
