timestamp,mode,mode_imgsz,mode_skip,fps,latency_ms,ram_usage_percent,cpu_usage_percent,gpu_usage_percent,temperature,num_detections,confidence_score_avg,accuracy,source_frames_seen,processed_frames,intentional_skips_total,intentional_drop_rate_percent,frame_drop_rate_percent
2026-04-19T15:38:10.199,M0,640,0,13.57,73.72,82.0,0.0,0.0,0.0,9,0.5472,86.17,1,1,0,0.0,0.0
2026-04-19T15:38:10.535,M0,640,0,14.12,44.51,82.0,0.0,0.0,0.0,8,0.5276,89.69,2,2,0,0.0,0.0
2026-04-19T15:38:10.644,M0,640,0,14.43,55.86,83.0,49.9,0.0,0.0,10,0.5189,86.82,3,3,0,0.0,0.0
2026-04-19T15:38:10.698,M0,640,0,15.24,32.37,83.0,49.9,0.0,0.0,10,0.4998,85.54,4,4,0,0.0,0.0
2026-04-19T15:38:10.749,M0,640,0,16.01,34.13,83.0,49.9,0.0,0.0,8,0.5675,81.85,5,5,0,0.0,0.0
2026-04-19T15:38:10.807,M0,640,0,16.59,40.67,83.0,49.9,0.0,0.0,9,0.5197,81.42,6,6,0,0.0,0.0
2026-04-19T15:38:10.868,M0,640,0,17.44,30.9,83.0,49.9,0.0,0.0,9,0.5491,84.33,7,7,0,0.0,0.0
2026-04-19T15:38:10.913,M0,640,0,18.37,28.15,83.0,49.9,0.0,0.0,9,0.506,85.39,8,8,0,0.0,0.0
2026-04-19T15:38:10.959,M0,640,0,19.25,29.6,83.0,49.9,0.0,0.0,7,0.5467,83.36,9,9,0,0.0,0.0
2026-04-19T15:38:11.006,M0,640,0,20.05,31.19,83.0,49.9,0.0,0.0,10,0.4941,87.11,10,10,0,0.0,0.0
2026-04-19T15:38:11.050,M0,640,0,20.98,27.92,83.0,49.9,0.0,0.0,9,0.4848,86.81,11,11,0,0.0,0.0
2026-04-19T15:38:11.094,M0,640,0,21.87,28.19,83.0,49.9,0.0,0.0,7,0.5921,86.43,12,12,0,0.0,0.0
2026-04-19T15:38:11.135,M0,640,0,22.89,25.37,83.0,49.9,0.0,0.0,9,0.5332,86.63,13,13,0,0.0,0.0
2026-04-19T15:38:11.186,M0,640,0,23.41,33.9,82.9,46.2,0.0,0.0,9,0.5112,87.19,14,14,0,0.0,0.0
2026-04-19T15:38:11.232,M0,640,0,24.2,28.86,82.9,46.2,0.0,0.0,11,0.4947,88.43,15,15,0,0.0,0.0
2026-04-19T15:38:11.273,M0,640,0,25.16,25.51,82.9,46.2,0.0,0.0,11,0.4951,89.83,16,16,0,0.0,0.0
2026-04-19T15:38:11.315,M0,640,0,26.11,25.26,82.9,46.2,0.0,0.0,9,0.54,90.49,17,17,0,0.0,0.0
2026-04-19T15:38:11.356,M0,640,0,26.98,25.98,82.9,46.2,0.0,0.0,10,0.5493,90.06,18,18,0,0.0,0.0
2026-04-19T15:38:11.397,M0,640,0,27.88,25.08,82.9,46.2,0.0,0.0,12,0.5098,89.99,19,19,0,0.0,0.0
2026-04-19T15:38:11.437,M0,640,0,28.72,25.34,82.9,46.2,0.0,0.0,11,0.5122,89.93,20,20,0,0.0,0.0
2026-04-19T15:38:11.480,M0,640,0,29.43,26.47,82.9,46.2,0.0,0.0,8,0.6113,89.14,21,21,0,0.0,0.0
2026-04-19T15:38:11.520,M0,640,0,30.17,25.62,82.9,46.2,0.0,0.0,8,0.578,91.2,22,22,0,0.0,0.0
2026-04-19T15:38:11.564,M0,640,0,30.65,27.94,82.9,46.2,0.0,0.0,9,0.5707,90.95,23,23,0,0.0,0.0
2026-04-19T15:38:11.610,M0,640,0,30.92,29.82,82.9,46.2,0.0,0.0,11,0.5443,91.99,24,24,0,0.0,0.0
2026-04-19T15:38:11.650,M0,640,0,31.73,24.05,82.9,46.2,0.0,0.0,11,0.5282,90.02,25,25,0,0.0,0.0
2026-04-19T15:38:11.705,M0,640,0,31.66,32.24,82.8,36.7,0.0,0.0,10,0.5412,90.5,26,26,0,0.0,0.0
2026-04-19T15:38:11.748,M0,640,0,32.31,25.19,82.8,36.7,0.0,0.0,10,0.56,90.51,27,27,0,0.0,0.0
2026-04-19T15:38:11.787,M0,640,0,32.99,24.6,82.8,36.7,0.0,0.0,12,0.5704,88.71,28,28,0,0.0,0.0
2026-04-19T15:38:11.829,M0,640,0,33.43,26.34,82.8,36.7,0.0,0.0,12,0.6173,88.97,29,29,0,0.0,0.0
2026-04-19T15:38:11.872,M0,640,0,33.81,26.53,82.8,36.7,0.0,0.0,10,0.6345,86.8,30,30,0,0.0,0.0
2026-04-19T15:38:11.917,M0,640,0,33.92,28.66,82.8,36.7,0.0,0.0,11,0.5952,86.88,31,31,0,0.0,0.0
2026-04-19T15:38:11.957,M0,640,0,34.38,25.53,82.8,36.7,0.0,0.0,10,0.5823,86.84,32,32,0,0.0,0.0
2026-04-19T15:38:12.000,M0,640,0,34.66,26.68,82.8,36.7,0.0,0.0,9,0.6152,85.34,33,33,0,0.0,0.0
2026-04-19T15:38:12.041,M0,640,0,35.08,25.42,82.8,36.7,0.0,0.0,11,0.5948,87.42,34,34,0,0.0,0.0
2026-04-19T15:38:12.081,M0,640,0,35.49,25.25,82.8,36.7,0.0,0.0,8,0.6067,81.05,35,35,0,0.0,0.0
2026-04-19T15:38:12.123,M0,640,0,35.84,25.39,82.8,36.7,0.0,0.0,8,0.5609,82.13,36,36,0,0.0,0.0
2026-04-19T15:38:12.168,M0,640,0,35.56,30.08,82.8,36.7,0.0,0.0,10,0.545,85.99,37,37,0,0.0,0.0
2026-04-19T15:38:12.227,M0,640,0,34.97,32.84,82.4,37.3,0.0,0.0,8,0.6003,87.64,38,38,0,0.0,0.0
2026-04-19T15:38:12.270,M0,640,0,35.2,26.73,82.4,37.3,0.0,0.0,9,0.6021,85.2,39,39,0,0.0,0.0
2026-04-19T15:38:12.312,M0,640,0,35.57,25.48,82.4,37.3,0.0,0.0,9,0.6016,84.2,40,40,0,0.0,0.0
2026-04-19T15:38:12.353,M0,640,0,35.93,25.29,82.4,37.3,0.0,0.0,9,0.5918,86.33,41,41,0,0.0,0.0
2026-04-19T15:38:12.394,M0,640,0,36.29,25.05,82.4,37.3,0.0,0.0,10,0.5708,89.29,42,42,0,0.0,0.0
2026-04-19T15:38:12.434,M0,640,0,36.69,24.56,82.4,37.3,0.0,0.0,8,0.6148,90.85,43,43,0,0.0,0.0
2026-04-19T15:38:12.475,M0,640,0,36.91,25.68,82.4,37.3,0.0,0.0,9,0.591,90.51,44,44,0,0.0,0.0
2026-04-19T15:38:12.518,M0,640,0,36.83,27.63,82.4,37.3,0.0,0.0,8,0.6531,88.48,45,45,0,0.0,0.0
2026-04-19T15:38:12.558,M0,640,0,37.13,24.99,82.4,37.3,0.0,0.0,8,0.6506,91.13,46,46,0,0.0,0.0
2026-04-19T15:38:12.601,M0,640,0,37.02,27.72,82.4,37.3,0.0,0.0,8,0.6583,91.5,47,47,0,0.0,0.0
2026-04-19T15:38:12.642,M0,640,0,37.22,25.53,82.4,37.3,0.0,0.0,9,0.6672,91.74,48,48,0,0.0,0.0
2026-04-19T15:38:12.684,M0,640,0,37.31,26.24,82.4,37.3,0.0,0.0,9,0.6492,91.37,49,49,0,0.0,0.0
2026-04-19T15:38:12.744,M0,640,0,35.13,43.44,82.4,32.5,0.0,0.0,10,0.6213,88.44,50,50,0,0.0,0.0
2026-04-19T15:38:12.786,M0,640,0,35.52,25.35,82.4,32.5,0.0,0.0,9,0.6251,87.74,51,51,0,0.0,0.0
2026-04-19T15:38:12.827,M0,640,0,35.91,25.09,82.4,32.5,0.0,0.0,8,0.6705,88.17,52,52,0,0.0,0.0
2026-04-19T15:38:12.867,M0,640,0,36.29,24.91,82.4,32.5,0.0,0.0,9,0.6517,88.95,53,53,0,0.0,0.0
2026-04-19T15:38:12.908,M0,640,0,36.57,25.45,82.4,32.5,0.0,0.0,11,0.6167,87.32,54,54,0,0.0,0.0
2026-04-19T15:38:12.950,M0,640,0,36.82,25.51,82.4,32.5,0.0,0.0,11,0.6129,89.66,55,55,0,0.0,0.0
2026-04-19T15:38:12.995,M0,640,0,36.56,29.06,82.4,32.5,0.0,0.0,10,0.6245,90.88,56,56,0,0.0,0.0
2026-04-19T15:38:13.038,M0,640,0,36.64,26.78,82.4,32.5,0.0,0.0,9,0.6937,92.27,57,57,0,0.0,0.0
2026-04-19T15:38:13.078,M0,640,0,36.95,24.98,82.4,32.5,0.0,0.0,9,0.7086,89.75,58,58,0,0.0,0.0
2026-04-19T15:38:13.119,M0,640,0,37.19,25.31,82.4,32.5,0.0,0.0,9,0.6952,89.78,59,59,0,0.0,0.0
2026-04-19T15:38:13.160,M0,640,0,37.39,25.46,82.4,32.5,0.0,0.0,10,0.6441,90.3,60,60,0,0.0,0.0
2026-04-19T15:38:13.201,M0,640,0,37.65,24.88,82.4,32.5,0.0,0.0,10,0.6707,91.03,61,61,0,0.0,0.0
2026-04-19T15:38:13.257,M0,640,0,35.79,40.37,82.4,34.2,0.0,0.0,9,0.7169,91.88,62,62,0,0.0,0.0
2026-04-19T15:38:13.300,M0,640,0,35.92,26.92,82.4,34.2,0.0,0.0,9,0.6824,93.34,63,63,0,0.0,0.0
2026-04-19T15:38:13.341,M0,640,0,36.21,25.61,82.4,34.2,0.0,0.0,8,0.7006,90.14,64,64,0,0.0,0.0
2026-04-19T15:38:13.382,M0,640,0,36.52,25.26,82.4,34.2,0.0,0.0,11,0.6248,90.2,65,65,0,0.0,0.0
2026-04-19T15:38:13.423,M0,640,0,36.81,25.25,82.4,34.2,0.0,0.0,9,0.6465,89.55,66,66,0,0.0,0.0
2026-04-19T15:38:13.465,M0,640,0,36.95,26.14,82.4,34.2,0.0,0.0,12,0.5494,89.8,67,67,0,0.0,0.0
2026-04-19T15:38:13.507,M0,640,0,37.08,26.1,82.4,34.2,0.0,0.0,13,0.5811,85.44,68,68,0,0.0,0.0
2026-04-19T15:38:13.548,M0,640,0,37.3,25.38,82.4,34.2,0.0,0.0,14,0.5478,84.73,69,69,0,0.0,0.0
2026-04-19T15:38:13.592,M0,640,0,37.06,28.57,82.4,34.2,0.0,0.0,14,0.5636,86.38,70,70,0,0.0,0.0
2026-04-19T15:38:13.634,M0,640,0,37.2,25.94,82.4,34.2,0.0,0.0,11,0.5913,82.7,71,71,0,0.0,0.0
2026-04-19T15:38:13.678,M0,640,0,37.13,27.42,82.4,34.2,0.0,0.0,10,0.5208,82.27,72,72,0,0.0,0.0
2026-04-19T15:38:13.722,M0,640,0,36.95,28.23,82.4,34.2,0.0,0.0,9,0.5615,83.91,73,73,0,0.0,0.0
2026-04-19T15:38:13.779,M0,640,0,35.07,41.6,82.5,35.5,0.0,0.0,9,0.582,85.57,74,74,0,0.0,0.0
2026-04-19T15:38:13.822,M0,640,0,35.29,26.7,82.5,35.5,0.0,0.0,12,0.5079,83.51,75,75,0,0.0,0.0
2026-04-19T15:38:13.865,M0,640,0,35.51,26.55,82.5,35.5,0.0,0.0,11,0.545,84.14,76,76,0,0.0,0.0
2026-04-19T15:38:13.906,M0,640,0,35.89,25.24,82.5,35.5,0.0,0.0,11,0.5422,82.89,77,77,0,0.0,0.0
2026-04-19T15:38:13.947,M0,640,0,36.22,25.33,82.5,35.5,0.0,0.0,11,0.5741,85.19,78,78,0,0.0,0.0
2026-04-19T15:38:13.988,M0,640,0,36.53,25.21,82.5,35.5,0.0,0.0,13,0.5605,83.32,79,79,0,0.0,0.0
2026-04-19T15:38:14.029,M0,640,0,36.78,25.52,82.5,35.5,0.0,0.0,8,0.5821,83.34,80,80,0,0.0,0.0
2026-04-19T15:38:14.071,M0,640,0,36.89,26.38,82.5,35.5,0.0,0.0,12,0.4892,83.8,81,81,0,0.0,0.0
2026-04-19T15:38:14.114,M0,640,0,36.96,26.59,82.5,35.5,0.0,0.0,14,0.4609,86.24,82,82,0,0.0,0.0
2026-04-19T15:38:14.156,M0,640,0,37.14,25.76,82.5,35.5,0.0,0.0,12,0.5553,85.63,83,83,0,0.0,0.0
2026-04-19T15:38:14.195,M0,640,0,37.53,24.09,82.5,35.5,0.0,0.0,12,0.5345,85.74,84,84,0,0.0,0.0
2026-04-19T15:38:14.235,M0,640,0,37.82,24.63,82.5,35.5,0.0,0.0,17,0.48,87.27,85,85,0,0.0,0.0
2026-04-19T15:38:14.290,M0,640,0,36.17,38.52,82.5,34.6,0.0,0.0,15,0.509,85.09,86,86,0,0.0,0.0
2026-04-19T15:38:14.332,M0,640,0,36.38,26.02,82.5,34.6,0.0,0.0,15,0.5364,86.72,87,87,0,0.0,0.0
2026-04-19T15:38:14.372,M0,640,0,36.89,23.69,82.5,34.6,0.0,0.0,11,0.4925,87.95,88,88,0,0.0,0.0
2026-04-19T15:38:14.413,M0,640,0,37.14,25.27,82.5,34.6,0.0,0.0,13,0.4803,86.93,89,89,0,0.0,0.0
2026-04-19T15:38:14.455,M0,640,0,37.24,26.2,82.5,34.6,0.0,0.0,10,0.5396,88.85,90,90,0,0.0,0.0
2026-04-19T15:38:14.496,M0,640,0,37.47,25.23,82.5,34.6,0.0,0.0,9,0.5441,89.39,91,91,0,0.0,0.0
2026-04-19T15:38:14.536,M0,640,0,37.77,24.55,82.5,34.6,0.0,0.0,10,0.6327,90.79,92,92,0,0.0,0.0
2026-04-19T15:38:14.577,M0,640,0,37.96,25.19,82.5,34.6,0.0,0.0,11,0.5639,90.5,93,93,0,0.0,0.0
2026-04-19T15:38:14.617,M0,640,0,38.13,25.17,82.5,34.6,0.0,0.0,10,0.5225,86.91,94,94,0,0.0,0.0
2026-04-19T15:38:14.659,M0,640,0,38.25,25.36,82.5,34.6,0.0,0.0,16,0.4954,80.0,95,95,0,0.0,0.0
2026-04-19T15:38:14.700,M0,640,0,38.29,25.9,82.5,34.6,0.0,0.0,13,0.5226,82.42,96,96,0,0.0,0.0
2026-04-19T15:38:14.741,M0,640,0,38.47,24.91,82.5,34.6,0.0,0.0,15,0.5334,86.98,97,97,0,0.0,0.0
2026-04-19T15:38:14.781,M0,640,0,38.71,24.38,82.5,34.6,0.0,0.0,12,0.5074,85.68,98,98,0,0.0,0.0
2026-04-19T15:38:14.830,M0,640,0,38.42,27.77,82.5,32.5,0.0,0.0,12,0.5261,86.63,99,99,0,0.0,0.0
2026-04-19T15:38:14.871,M0,640,0,38.5,25.52,82.5,32.5,0.0,0.0,11,0.5563,85.65,100,100,0,0.0,0.0
2026-04-19T15:38:14.912,M0,640,0,38.63,25.05,82.5,32.5,0.0,0.0,11,0.5791,86.55,101,101,0,0.0,0.0
2026-04-19T15:38:14.954,M0,640,0,38.59,26.19,82.5,32.5,0.0,0.0,15,0.5127,81.16,102,102,0,0.0,0.0
2026-04-19T15:38:14.995,M0,640,0,38.72,25.04,82.5,32.5,0.0,0.0,13,0.5849,85.3,103,103,0,0.0,0.0
2026-04-19T15:38:15.037,M0,640,0,38.67,26.16,82.5,32.5,0.0,0.0,14,0.5495,80.96,104,104,0,0.0,0.0
2026-04-19T15:38:15.078,M0,640,0,38.81,24.95,82.5,32.5,0.0,0.0,13,0.5899,89.31,105,105,0,0.0,0.0
2026-04-19T15:38:15.121,M0,640,0,38.71,26.41,82.5,32.5,0.0,0.0,12,0.5869,87.77,106,106,0,0.0,0.0
2026-04-19T15:38:15.161,M0,640,0,38.91,24.47,82.5,32.5,0.0,0.0,12,0.5991,88.79,107,107,0,0.0,0.0
2026-04-19T15:38:15.202,M0,640,0,39.04,24.87,82.5,32.5,0.0,0.0,14,0.5117,79.4,108,108,0,0.0,0.0
2026-04-19T15:38:15.244,M0,640,0,39.02,25.77,82.5,32.5,0.0,0.0,14,0.5165,80.94,109,109,0,0.0,0.0
2026-04-19T15:38:15.285,M0,640,0,39.03,25.56,82.5,32.5,0.0,0.0,13,0.5367,80.83,110,110,0,0.0,0.0
2026-04-19T15:38:15.338,M0,640,0,38.31,30.39,82.5,31.8,0.0,0.0,12,0.4814,82.34,111,111,0,0.0,0.0
2026-04-19T15:38:15.380,M0,640,0,38.52,24.73,82.5,31.8,0.0,0.0,10,0.5688,81.52,112,112,0,0.0,0.0
2026-04-19T15:38:15.421,M0,640,0,38.66,24.99,82.5,31.8,0.0,0.0,10,0.5897,84.18,113,113,0,0.0,0.0
2026-04-19T15:38:15.465,M0,640,0,38.32,28.15,82.5,31.8,0.0,0.0,10,0.5981,82.25,114,114,0,0.0,0.0
2026-04-19T15:38:15.507,M0,640,0,38.27,26.47,82.5,31.8,0.0,0.0,11,0.5412,82.01,115,115,0,0.0,0.0
2026-04-19T15:38:15.549,M0,640,0,38.31,25.87,82.5,31.8,0.0,0.0,11,0.5482,76.6,116,116,0,0.0,0.0
2026-04-19T15:38:15.590,M0,640,0,38.44,25.21,82.5,31.8,0.0,0.0,11,0.5163,81.11,117,117,0,0.0,0.0
2026-04-19T15:38:15.632,M0,640,0,38.37,26.49,82.5,31.8,0.0,0.0,11,0.5676,83.08,118,118,0,0.0,0.0
2026-04-19T15:38:15.674,M0,640,0,38.42,25.72,82.5,31.8,0.0,0.0,10,0.5456,81.37,119,119,0,0.0,0.0
2026-04-19T15:38:15.715,M0,640,0,38.5,25.46,82.5,31.8,0.0,0.0,10,0.5915,84.26,120,120,0,0.0,0.0
2026-04-19T15:38:15.756,M0,640,0,38.65,24.99,82.5,31.8,0.0,0.0,10,0.5929,81.04,121,121,0,0.0,0.0
2026-04-19T15:38:15.799,M0,640,0,38.51,26.79,82.5,31.8,0.0,0.0,10,0.6063,81.7,122,122,0,0.0,0.0
2026-04-19T15:38:15.852,M0,640,0,36.73,38.54,82.4,32.4,0.0,0.0,10,0.5919,82.36,123,123,0,0.0,0.0
2026-04-19T15:38:15.893,M0,640,0,37.11,24.49,82.4,32.4,0.0,0.0,9,0.6168,85.16,124,124,0,0.0,0.0
2026-04-19T15:38:15.933,M0,640,0,37.6,23.4,82.4,32.4,0.0,0.0,11,0.5689,85.69,125,125,0,0.0,0.0
2026-04-19T15:38:15.972,M0,640,0,37.91,24.45,82.4,32.4,0.0,0.0,11,0.556,84.45,126,126,0,0.0,0.0
2026-04-19T15:38:16.013,M0,640,0,38.1,25.04,82.4,32.4,0.0,0.0,11,0.56,85.08,127,127,0,0.0,0.0
2026-04-19T15:38:16.055,M0,640,0,38.19,25.67,82.4,32.4,0.0,0.0,9,0.5992,81.65,128,128,0,0.0,0.0
2026-04-19T15:38:16.097,M0,640,0,38.07,26.97,82.4,32.4,0.0,0.0,9,0.593,81.96,129,129,0,0.0,0.0
2026-04-19T15:38:16.138,M0,640,0,38.26,24.97,82.4,32.4,0.0,0.0,10,0.5676,79.81,130,130,0,0.0,0.0
2026-04-19T15:38:16.180,M0,640,0,38.37,25.38,82.4,32.4,0.0,0.0,11,0.5418,83.07,131,131,0,0.0,0.0
2026-04-19T15:38:16.221,M0,640,0,38.43,25.68,82.4,32.4,0.0,0.0,9,0.5974,83.13,132,132,0,0.0,0.0
2026-04-19T15:38:16.263,M0,640,0,38.48,25.66,82.4,32.4,0.0,0.0,8,0.6649,85.59,133,133,0,0.0,0.0
2026-04-19T15:38:16.304,M0,640,0,38.68,24.67,82.4,32.4,0.0,0.0,8,0.663,81.42,134,134,0,0.0,0.0
2026-04-19T15:38:16.357,M0,640,0,37.06,37.11,82.4,39.9,0.0,0.0,9,0.5635,85.17,135,135,0,0.0,0.0
2026-04-19T15:38:16.398,M0,640,0,37.35,24.92,82.4,39.9,0.0,0.0,8,0.5896,85.16,136,136,0,0.0,0.0
2026-04-19T15:38:16.437,M0,640,0,37.79,23.67,82.4,39.9,0.0,0.0,8,0.6465,87.16,137,137,0,0.0,0.0
2026-04-19T15:38:16.477,M0,640,0,38.06,24.58,82.4,39.9,0.0,0.0,10,0.5785,84.93,138,138,0,0.0,0.0
2026-04-19T15:38:16.520,M0,640,0,37.96,26.92,82.4,39.9,0.0,0.0,8,0.6482,84.35,139,139,0,0.0,0.0
2026-04-19T15:38:16.561,M0,640,0,38.14,25.13,82.4,39.9,0.0,0.0,8,0.6158,85.74,140,140,0,0.0,0.0
2026-04-19T15:38:16.602,M0,640,0,38.28,25.28,82.4,39.9,0.0,0.0,7,0.6197,89.93,141,141,0,0.0,0.0
2026-04-19T15:38:16.643,M0,640,0,38.49,24.67,82.4,39.9,0.0,0.0,9,0.5436,85.69,142,142,0,0.0,0.0
2026-04-19T15:38:16.684,M0,640,0,38.53,25.71,82.4,39.9,0.0,0.0,7,0.5855,89.19,143,143,0,0.0,0.0
2026-04-19T15:38:16.728,M0,640,0,38.25,27.85,82.4,39.9,0.0,0.0,10,0.51,83.34,144,144,0,0.0,0.0
2026-04-19T15:38:16.768,M0,640,0,38.51,24.41,82.4,39.9,0.0,0.0,7,0.5687,85.88,145,145,0,0.0,0.0
2026-04-19T15:38:16.809,M0,640,0,38.65,24.99,82.4,39.9,0.0,0.0,6,0.6672,86.26,146,146,0,0.0,0.0
2026-04-19T15:38:16.849,M0,640,0,38.82,24.73,82.4,39.9,0.0,0.0,7,0.573,88.82,147,147,0,0.0,0.0
2026-04-19T15:38:16.895,M0,640,0,38.42,28.43,82.4,44.4,0.0,0.0,9,0.4656,83.21,148,148,0,0.0,0.0
2026-04-19T15:38:16.936,M0,640,0,38.63,24.65,82.4,44.4,0.0,0.0,6,0.6124,82.55,149,149,0,0.0,0.0
2026-04-19T15:38:16.977,M0,640,0,38.7,25.38,82.4,44.4,0.0,0.0,9,0.465,76.88,150,150,0,0.0,0.0
2026-04-19T15:38:17.019,M0,640,0,38.75,25.56,82.4,44.4,0.0,0.0,6,0.5047,76.3,151,151,0,0.0,0.0
2026-04-19T15:38:17.061,M0,640,0,38.69,26.21,82.4,44.4,0.0,0.0,6,0.4983,79.39,152,152,0,0.0,0.0
2026-04-19T15:38:17.101,M0,640,0,38.81,25.03,82.4,44.4,0.0,0.0,7,0.4348,77.67,153,153,0,0.0,0.0
2026-04-19T15:38:17.141,M0,640,0,39.03,24.28,82.4,44.4,0.0,0.0,5,0.5577,82.7,154,154,0,0.0,0.0
2026-04-19T15:38:17.181,M0,640,0,39.18,24.68,82.4,44.4,0.0,0.0,4,0.5108,84.7,155,155,0,0.0,0.0
2026-04-19T15:38:17.222,M0,640,0,39.23,25.21,82.4,44.4,0.0,0.0,4,0.5775,83.26,156,156,0,0.0,0.0
2026-04-19T15:38:17.263,M0,640,0,39.23,25.49,82.4,44.4,0.0,0.0,6,0.5077,86.23,157,157,0,0.0,0.0
2026-04-19T15:38:17.304,M0,640,0,39.26,25.26,82.4,44.4,0.0,0.0,7,0.4987,85.87,158,158,0,0.0,0.0
2026-04-19T15:38:17.344,M0,640,0,39.35,24.88,82.4,44.4,0.0,0.0,5,0.5253,86.11,159,159,0,0.0,0.0
2026-04-19T15:38:17.399,M0,640,0,37.24,39.81,82.4,43.9,0.0,0.0,7,0.4347,86.51,160,160,0,0.0,0.0
2026-04-19T15:38:17.440,M0,640,0,37.6,24.3,82.4,43.9,0.0,0.0,7,0.4957,85.17,161,161,0,0.0,0.0
2026-04-19T15:38:17.480,M0,640,0,37.94,24.19,82.4,43.9,0.0,0.0,5,0.5955,86.62,162,162,0,0.0,0.0
2026-04-19T15:38:17.519,M0,640,0,38.3,23.87,82.4,43.9,0.0,0.0,6,0.5125,89.57,163,163,0,0.0,0.0
2026-04-19T15:38:17.560,M0,640,0,38.6,24.12,82.4,43.9,0.0,0.0,6,0.6078,89.14,164,164,0,0.0,0.0
2026-04-19T15:38:17.600,M0,640,0,38.79,24.65,82.4,43.9,0.0,0.0,7,0.5235,88.21,165,165,0,0.0,0.0
2026-04-19T15:38:17.642,M0,640,0,38.72,26.24,82.4,43.9,0.0,0.0,6,0.6226,86.8,166,166,0,0.0,0.0
2026-04-19T15:38:17.683,M0,640,0,38.74,25.68,82.4,43.9,0.0,0.0,7,0.5618,85.61,167,167,0,0.0,0.0
2026-04-19T15:38:17.722,M0,640,0,38.92,24.59,82.4,43.9,0.0,0.0,6,0.584,88.36,168,168,0,0.0,0.0
2026-04-19T15:38:17.763,M0,640,0,39.03,25.0,82.4,43.9,0.0,0.0,5,0.6312,86.7,169,169,0,0.0,0.0
2026-04-19T15:38:17.803,M0,640,0,39.22,24.36,82.4,43.9,0.0,0.0,9,0.5191,87.29,170,170,0,0.0,0.0
2026-04-19T15:38:17.843,M0,640,0,39.44,24.1,82.4,43.9,0.0,0.0,10,0.5458,86.71,171,171,0,0.0,0.0
2026-04-19T15:38:17.884,M0,640,0,39.54,24.68,82.4,43.9,0.0,0.0,8,0.5996,87.79,172,172,0,0.0,0.0
2026-04-19T15:38:17.929,M0,640,0,38.99,28.9,82.3,43.2,0.0,0.0,8,0.5514,86.99,173,173,0,0.0,0.0
2026-04-19T15:38:17.972,M0,640,0,38.85,26.54,82.3,43.2,0.0,0.0,7,0.5283,83.75,174,174,0,0.0,0.0
2026-04-19T15:38:18.015,M0,640,0,38.61,27.38,82.3,43.2,0.0,0.0,8,0.5314,88.75,175,175,0,0.0,0.0
2026-04-19T15:38:18.055,M0,640,0,38.85,24.3,82.3,43.2,0.0,0.0,8,0.5602,87.4,176,176,0,0.0,0.0
2026-04-19T15:38:18.096,M0,640,0,38.98,24.85,82.3,43.2,0.0,0.0,6,0.6023,86.1,177,177,0,0.0,0.0
2026-04-19T15:38:18.137,M0,640,0,39.03,25.3,82.3,43.2,0.0,0.0,6,0.5905,87.97,178,178,0,0.0,0.0
2026-04-19T15:38:18.178,M0,640,0,39.03,25.64,82.3,43.2,0.0,0.0,7,0.5547,89.23,179,179,0,0.0,0.0
2026-04-19T15:38:18.219,M0,640,0,39.04,25.55,82.3,43.2,0.0,0.0,5,0.6042,86.73,180,180,0,0.0,0.0
2026-04-19T15:38:18.261,M0,640,0,39.06,25.48,82.3,43.2,0.0,0.0,6,0.5056,84.69,181,181,0,0.0,0.0
2026-04-19T15:38:18.302,M0,640,0,38.99,26.09,82.3,43.2,0.0,0.0,5,0.6261,82.1,182,182,0,0.0,0.0
2026-04-19T15:38:18.343,M0,640,0,39.1,24.91,82.3,43.2,0.0,0.0,5,0.5951,76.61,183,183,0,0.0,0.0
2026-04-19T15:38:18.383,M0,640,0,39.24,24.67,82.3,43.2,0.0,0.0,5,0.6293,77.09,184,184,0,0.0,0.0
2026-04-19T15:38:18.438,M0,640,0,37.23,39.25,82.3,45.1,0.0,0.0,5,0.6176,76.77,185,185,0,0.0,0.0
2026-04-19T15:38:18.480,M0,640,0,37.39,25.71,82.3,45.1,0.0,0.0,5,0.6209,75.87,186,186,0,0.0,0.0
2026-04-19T15:38:18.521,M0,640,0,37.6,25.25,82.3,45.1,0.0,0.0,5,0.603,80.05,187,187,0,0.0,0.0
2026-04-19T15:38:18.562,M0,640,0,37.88,24.6,82.3,45.1,0.0,0.0,5,0.531,80.57,188,188,0,0.0,0.0
2026-04-19T15:38:18.602,M0,640,0,38.07,25.13,82.3,45.1,0.0,0.0,5,0.54,81.49,189,189,0,0.0,0.0
2026-04-19T15:38:18.644,M0,640,0,38.12,25.91,82.3,45.1,0.0,0.0,7,0.4941,85.26,190,190,0,0.0,0.0
2026-04-19T15:38:18.686,M0,640,0,38.18,25.79,82.3,45.1,0.0,0.0,5,0.6395,88.0,191,191,0,0.0,0.0
2026-04-19T15:38:18.728,M0,640,0,38.22,25.96,82.3,45.1,0.0,0.0,6,0.5789,85.09,192,192,0,0.0,0.0
2026-04-19T15:38:18.768,M0,640,0,38.39,24.97,82.3,45.1,0.0,0.0,6,0.5476,84.1,193,193,0,0.0,0.0
2026-04-19T15:38:18.809,M0,640,0,38.58,24.76,82.3,45.1,0.0,0.0,5,0.6752,85.84,194,194,0,0.0,0.0
2026-04-19T15:38:18.848,M0,640,0,38.77,24.65,82.3,45.1,0.0,0.0,7,0.6038,87.76,195,195,0,0.0,0.0
2026-04-19T15:38:18.887,M0,640,0,38.94,24.65,82.3,45.1,0.0,0.0,7,0.5889,86.3,196,196,0,0.0,0.0
2026-04-19T15:38:18.941,M0,640,0,37.16,37.99,82.3,43.3,0.0,0.0,6,0.656,84.81,197,197,0,0.0,0.0
2026-04-19T15:38:18.984,M0,640,0,37.06,27.64,82.3,43.3,0.0,0.0,7,0.5973,88.27,198,198,0,0.0,0.0
2026-04-19T15:38:19.025,M0,640,0,37.27,25.48,82.3,43.3,0.0,0.0,7,0.6291,90.19,199,199,0,0.0,0.0
2026-04-19T15:38:19.065,M0,640,0,37.58,24.59,82.3,43.3,0.0,0.0,8,0.6168,88.48,200,200,0,0.0,0.0
2026-04-19T15:38:19.107,M0,640,0,37.71,25.75,82.3,43.3,0.0,0.0,8,0.6464,89.27,201,201,0,0.0,0.0
2026-04-19T15:38:19.148,M0,640,0,37.89,25.25,82.3,43.3,0.0,0.0,9,0.5453,89.87,202,202,0,0.0,0.0
2026-04-19T15:38:19.188,M0,640,0,38.12,24.8,82.3,43.3,0.0,0.0,9,0.5776,88.69,203,203,0,0.0,0.0
2026-04-19T15:38:19.231,M0,640,0,38.0,27.06,82.3,43.3,0.0,0.0,9,0.4708,87.8,204,204,0,0.0,0.0
2026-04-19T15:38:19.270,M0,640,0,38.41,23.51,82.3,43.3,0.0,0.0,7,0.5489,85.02,205,205,0,0.0,0.0
2026-04-19T15:38:19.311,M0,640,0,38.61,24.7,82.3,43.3,0.0,0.0,8,0.5617,88.64,206,206,0,0.0,0.0
2026-04-19T15:38:19.353,M0,640,0,38.58,26.07,82.3,43.3,0.0,0.0,7,0.6214,87.19,207,207,0,0.0,0.0
2026-04-19T15:38:19.392,M0,640,0,38.87,23.99,82.3,43.3,0.0,0.0,7,0.6159,88.18,208,208,0,0.0,0.0
2026-04-19T15:38:19.432,M0,640,0,39.13,24.02,82.3,43.3,0.0,0.0,7,0.6352,88.68,209,209,0,0.0,0.0
2026-04-19T15:38:19.479,M0,640,0,38.53,29.56,82.3,43.0,0.0,0.0,7,0.6774,90.12,210,210,0,0.0,0.0
2026-04-19T15:38:19.521,M0,640,0,38.67,24.99,82.3,43.0,0.0,0.0,7,0.6225,88.4,211,211,0,0.0,0.0
2026-04-19T15:38:19.561,M0,640,0,38.93,24.13,82.3,43.0,0.0,0.0,6,0.6815,87.03,212,212,0,0.0,0.0
2026-04-19T15:38:19.601,M0,640,0,39.07,24.78,82.3,43.0,0.0,0.0,8,0.6009,87.32,213,213,0,0.0,0.0
2026-04-19T15:38:19.643,M0,640,0,39.07,25.59,82.3,43.0,0.0,0.0,10,0.5188,88.71,214,214,0,0.0,0.0
2026-04-19T15:38:19.683,M0,640,0,39.23,24.52,82.3,43.0,0.0,0.0,7,0.6096,88.32,215,215,0,0.0,0.0
2026-04-19T15:38:19.723,M0,640,0,39.28,25.17,82.3,43.0,0.0,0.0,8,0.5667,89.35,216,216,0,0.0,0.0
2026-04-19T15:38:19.763,M0,640,0,39.44,24.42,82.3,43.0,0.0,0.0,7,0.5604,89.41,217,217,0,0.0,0.0
2026-04-19T15:38:19.803,M0,640,0,39.6,24.32,82.3,43.0,0.0,0.0,6,0.6442,89.99,218,218,0,0.0,0.0
2026-04-19T15:38:19.845,M0,640,0,39.5,25.92,82.3,43.0,0.0,0.0,7,0.5913,88.8,219,219,0,0.0,0.0
2026-04-19T15:38:19.886,M0,640,0,39.53,25.1,82.3,43.0,0.0,0.0,8,0.57,89.41,220,220,0,0.0,0.0
2026-04-19T15:38:19.926,M0,640,0,39.6,24.84,82.3,43.0,0.0,0.0,9,0.5455,88.79,221,221,0,0.0,0.0
2026-04-19T15:38:19.981,M0,640,0,37.51,39.36,82.3,45.7,0.0,0.0,7,0.6448,88.55,222,222,0,0.0,0.0
2026-04-19T15:38:20.021,M0,640,0,37.82,24.47,82.3,45.7,0.0,0.0,7,0.6419,89.7,223,223,0,0.0,0.0
2026-04-19T15:38:20.061,M0,640,0,38.16,24.08,82.3,45.7,0.0,0.0,9,0.5732,88.56,224,224,0,0.0,0.0
2026-04-19T15:38:20.102,M0,640,0,38.36,24.8,82.3,45.7,0.0,0.0,8,0.5604,83.19,225,225,0,0.0,0.0
2026-04-19T15:38:20.134,M1,480,1,39.85,16.35,82.3,45.7,0.0,0.0,7,0.6239,87.91,226,226,0,0.0,0.0
2026-04-19T15:38:20.165,M1,480,1,41.3,16.28,82.3,45.7,0.0,0.0,9,0.571,86.93,228,227,1,0.44,0.44
2026-04-19T15:38:20.197,M1,480,1,42.78,15.85,82.3,45.7,0.0,0.0,7,0.5987,89.29,230,228,2,0.87,0.87
2026-04-19T15:38:20.232,M1,480,1,43.7,18.46,82.3,45.7,0.0,0.0,8,0.543,89.17,232,229,3,1.29,1.29
2026-04-19T15:38:20.265,M1,480,1,44.64,18.07,82.3,45.7,0.0,0.0,10,0.5647,85.29,234,230,4,1.71,1.71
2026-04-19T15:38:20.298,M1,480,1,45.82,16.61,82.3,45.7,0.0,0.0,10,0.6115,87.31,236,231,5,2.12,2.12
2026-04-19T15:38:20.332,M1,480,1,46.76,17.43,82.3,45.7,0.0,0.0,11,0.6094,89.59,238,232,6,2.52,2.52
2026-04-19T15:38:20.365,M1,480,1,47.54,17.9,82.3,45.7,0.0,0.0,11,0.572,83.87,240,233,7,2.92,2.92
2026-04-19T15:38:20.397,M1,480,1,48.75,15.82,82.3,45.7,0.0,0.0,7,0.6824,90.8,242,234,8,3.31,3.31
2026-04-19T15:38:20.430,M1,480,1,49.74,16.4,82.3,45.7,0.0,0.0,6,0.7427,87.74,244,235,9,3.69,3.69
2026-04-19T15:38:20.462,M1,480,1,50.68,16.38,82.3,45.7,0.0,0.0,6,0.771,94.31,246,236,10,4.07,4.07
2026-04-19T15:38:20.502,M1,480,1,50.32,21.17,82.3,42.9,0.0,0.0,6,0.7261,85.88,248,237,11,4.44,4.44
2026-04-19T15:38:20.535,M1,480,1,51.34,15.92,82.3,42.9,0.0,0.0,6,0.7744,85.13,250,238,12,4.8,4.8
2026-04-19T15:38:20.569,M1,480,1,51.89,17.41,82.3,42.9,0.0,0.0,6,0.7458,88.13,252,239,13,5.16,5.16
2026-04-19T15:38:20.603,M1,480,1,52.26,17.9,82.3,42.9,0.0,0.0,6,0.742,86.5,254,240,14,5.51,5.51
2026-04-19T15:38:20.636,M1,480,1,52.87,16.94,82.3,42.9,0.0,0.0,6,0.6541,87.97,256,241,15,5.86,5.86
2026-04-19T15:38:20.668,M1,480,1,53.61,16.3,82.3,42.9,0.0,0.0,6,0.6635,89.28,258,242,16,6.2,6.2
2026-04-19T15:38:20.702,M1,480,1,53.91,17.63,82.3,42.9,0.0,0.0,6,0.6656,88.92,260,243,17,6.54,6.54
2026-04-19T15:38:20.735,M1,480,1,54.49,16.55,82.3,42.9,0.0,0.0,6,0.6157,89.61,262,244,18,6.87,6.87
2026-04-19T15:38:20.769,M1,480,1,54.68,17.73,82.3,42.9,0.0,0.0,6,0.573,88.29,264,245,19,7.2,7.2
2026-04-19T15:38:20.802,M1,480,1,55.26,16.35,82.3,42.9,0.0,0.0,5,0.5851,87.82,266,246,20,7.52,7.52
2026-04-19T15:38:20.835,M1,480,1,55.45,17.49,82.3,42.9,0.0,0.0,5,0.521,86.99,268,247,21,7.84,7.84
2026-04-19T15:38:20.868,M1,480,1,55.84,16.77,82.3,42.9,0.0,0.0,4,0.5374,88.52,270,248,22,8.15,8.15
2026-04-19T15:38:20.902,M1,480,1,56.06,17.22,82.3,42.9,0.0,0.0,4,0.5064,89.51,272,249,23,8.46,8.46
2026-04-19T15:38:20.935,M1,480,1,56.26,17.21,82.3,42.9,0.0,0.0,4,0.4868,90.73,274,250,24,8.76,8.76
2026-04-19T15:38:20.969,M1,480,1,56.31,17.61,82.3,42.9,0.0,0.0,3,0.5511,90.44,276,251,25,9.06,9.06
2026-04-19T15:38:21.014,M1,480,1,53.09,28.51,82.4,45.7,0.0,0.0,3,0.4961,90.19,278,252,26,9.35,9.35
2026-04-19T15:38:21.049,M1,480,1,53.38,17.81,82.4,45.7,0.0,0.0,2,0.6174,88.49,280,253,27,9.64,9.64
2026-04-19T15:38:21.082,M1,480,1,53.94,16.8,82.4,45.7,0.0,0.0,2,0.6256,89.55,282,254,28,9.93,9.93
2026-04-19T15:38:21.115,M1,480,1,54.36,17.12,82.4,45.7,0.0,0.0,3,0.4898,87.85,284,255,29,10.21,10.21
2026-04-19T15:38:21.149,M1,480,1,54.76,17.04,82.4,45.7,0.0,0.0,4,0.3944,66.24,286,256,30,10.49,10.49
2026-04-19T15:38:21.181,M1,480,1,55.07,17.23,82.4,45.7,0.0,0.0,3,0.4096,47.08,288,257,31,10.76,10.76
2026-04-19T15:38:21.217,M1,480,1,54.67,19.48,82.4,45.7,0.0,0.0,4,0.3923,61.26,290,258,32,11.03,11.03
2026-04-19T15:38:21.250,M1,480,1,54.96,17.32,82.4,45.7,0.0,0.0,3,0.4952,66.88,292,259,33,11.3,11.3
2026-04-19T15:38:21.286,M1,480,1,54.41,20.06,82.4,45.7,0.0,0.0,4,0.4794,60.49,294,260,34,11.56,11.56
2026-04-19T15:38:21.321,M1,480,1,54.26,18.89,82.4,45.7,0.0,0.0,2,0.5018,62.26,296,261,35,11.82,11.82
2026-04-19T15:38:21.355,M1,480,1,54.02,19.22,82.4,45.7,0.0,0.0,5,0.4414,59.79,298,262,36,12.08,12.08
2026-04-19T15:38:21.391,M1,480,1,53.9,18.92,82.4,45.7,0.0,0.0,5,0.3912,48.66,300,263,37,12.33,12.33
2026-04-19T15:38:21.426,M1,480,1,53.88,18.62,82.4,45.7,0.0,0.0,5,0.3979,56.3,302,264,38,12.58,12.58
2026-04-19T15:38:21.459,M1,480,1,54.27,17.23,82.4,45.7,0.0,0.0,5,0.4537,64.1,304,265,39,12.83,12.83
2026-04-19T15:38:21.492,M1,480,1,54.58,17.4,82.4,45.7,0.0,0.0,4,0.4836,70.47,306,266,40,13.07,13.07
2026-04-19T15:38:21.536,M1,480,1,51.99,27.46,82.3,56.3,0.0,0.0,6,0.4576,62.32,308,267,41,13.31,13.31
2026-04-19T15:38:21.571,M1,480,1,52.26,18.24,82.3,56.3,0.0,0.0,7,0.4407,61.9,310,268,42,13.55,13.55
2026-04-19T15:38:21.604,M1,480,1,52.87,16.91,82.3,56.3,0.0,0.0,7,0.4199,68.82,312,269,43,13.78,13.78
2026-04-19T15:38:21.637,M1,480,1,53.2,17.76,82.3,56.3,0.0,0.0,7,0.4571,64.61,314,270,44,14.01,14.01
2026-04-19T15:38:21.672,M1,480,1,53.35,18.28,82.3,56.3,0.0,0.0,6,0.4587,66.5,316,271,45,14.24,14.24
2026-04-19T15:38:21.705,M1,480,1,53.81,17.12,82.3,56.3,0.0,0.0,8,0.4327,60.74,318,272,46,14.47,14.47
2026-04-19T15:38:21.738,M1,480,1,54.52,16.18,82.3,56.3,0.0,0.0,6,0.4268,69.89,320,273,47,14.69,14.69
2026-04-19T15:38:21.770,M1,480,1,55.05,16.57,82.3,56.3,0.0,0.0,5,0.4953,72.96,322,274,48,14.91,14.91
2026-04-19T15:38:21.804,M1,480,1,55.3,17.33,82.3,56.3,0.0,0.0,4,0.5288,73.86,324,275,49,15.12,15.12
2026-04-19T15:38:21.836,M1,480,1,55.85,16.32,82.3,56.3,0.0,0.0,5,0.4808,74.59,326,276,50,15.34,15.34
2026-04-19T15:38:21.869,M1,480,1,56.16,16.92,82.3,56.3,0.0,0.0,6,0.5487,78.46,328,277,51,15.55,15.55
2026-04-19T15:38:21.904,M1,480,1,55.95,18.46,82.3,56.3,0.0,0.0,4,0.631,79.93,330,278,52,15.76,15.76
2026-04-19T15:38:21.935,M1,480,1,56.56,15.96,82.3,56.3,0.0,0.0,3,0.7421,83.87,332,279,53,15.96,15.96
2026-04-19T15:38:21.968,M1,480,1,56.92,16.55,82.3,56.3,0.0,0.0,5,0.575,75.97,334,280,54,16.17,16.17
2026-04-19T15:38:22.000,M1,480,1,57.31,16.36,82.3,56.3,0.0,0.0,5,0.5704,75.54,336,281,55,16.37,16.37
2026-04-19T15:38:22.044,M1,480,1,54.26,27.28,82.3,31.9,0.0,0.0,4,0.6521,82.27,338,282,56,16.57,16.57
2026-04-19T15:38:22.078,M1,480,1,54.65,17.1,82.3,31.9,0.0,0.0,5,0.5735,79.33,340,283,57,16.76,16.76
2026-04-19T15:38:22.110,M1,480,1,55.22,16.41,82.3,31.9,0.0,0.0,4,0.6203,81.17,342,284,58,16.96,16.96
2026-04-19T15:38:22.143,M1,480,1,55.63,16.8,82.3,31.9,0.0,0.0,5,0.518,81.78,344,285,59,17.15,17.15
2026-04-19T15:38:22.176,M1,480,1,56.01,16.74,82.3,31.9,0.0,0.0,3,0.5987,84.86,346,286,60,17.34,17.34
2026-04-19T15:38:22.208,M1,480,1,56.52,16.25,82.3,31.9,0.0,0.0,3,0.6514,86.76,348,287,61,17.53,17.53
2026-04-19T15:38:22.242,M1,480,1,56.31,18.37,82.3,31.9,0.0,0.0,3,0.6748,90.53,350,288,62,17.71,17.71
2026-04-19T15:38:22.275,M1,480,1,56.52,17.1,82.3,31.9,0.0,0.0,3,0.5347,91.29,352,289,63,17.9,17.9
2026-04-19T15:38:22.310,M1,480,1,56.29,18.41,82.3,31.9,0.0,0.0,2,0.679,88.35,354,290,64,18.08,18.08
2026-04-19T15:38:22.344,M1,480,1,56.4,17.43,82.3,31.9,0.0,0.0,3,0.7431,89.54,356,291,65,18.26,18.26
2026-04-19T15:38:22.377,M1,480,1,56.51,17.39,82.3,31.9,0.0,0.0,4,0.7264,90.18,358,292,66,18.44,18.44
2026-04-19T15:38:22.410,M1,480,1,56.56,17.52,82.3,31.9,0.0,0.0,4,0.7134,80.38,360,293,67,18.61,18.61
2026-04-19T15:38:22.443,M1,480,1,56.73,17.15,82.3,31.9,0.0,0.0,5,0.5564,80.99,362,294,68,18.78,18.78
2026-04-19T15:38:22.476,M1,480,1,57.09,16.53,82.3,31.9,0.0,0.0,3,0.6639,79.8,364,295,69,18.96,18.96
2026-04-19T15:38:22.510,M1,480,1,56.77,18.5,82.3,31.9,0.0,0.0,2,0.8204,84.1,366,296,70,19.13,19.13
2026-04-19T15:38:22.555,M1,480,1,53.54,28.23,82.3,32.4,0.0,0.0,2,0.8001,83.52,368,297,71,19.29,19.29
2026-04-19T15:38:22.591,M1,480,1,53.55,18.65,82.3,32.4,0.0,0.0,2,0.7018,87.23,370,298,72,19.46,19.46
2026-04-19T15:38:22.624,M1,480,1,53.98,17.18,82.3,32.4,0.0,0.0,1,0.7373,73.73,372,299,73,19.62,19.62
2026-04-19T15:38:22.657,M1,480,1,54.4,17.12,82.3,32.4,0.0,0.0,1,0.8032,80.32,374,300,74,19.79,19.79
2026-04-19T15:38:22.691,M1,480,1,54.57,17.8,82.3,32.4,0.0,0.0,1,0.3934,39.34,376,301,75,19.95,19.95
2026-04-19T15:38:22.725,M1,480,1,54.66,18.03,82.3,32.4,0.0,0.0,0,0.0,0.0,378,302,76,20.11,20.11
2026-04-19T15:38:22.758,M1,480,1,55.12,16.76,82.3,32.4,0.0,0.0,0,0.0,0.0,380,303,77,20.26,20.26
2026-04-19T15:38:22.793,M1,480,1,54.93,18.76,82.3,32.4,0.0,0.0,1,0.3101,31.01,382,304,78,20.42,20.42
2026-04-19T15:38:22.826,M1,480,1,55.11,17.6,82.3,32.4,0.0,0.0,2,0.3086,35.54,384,305,79,20.57,20.57
2026-04-19T15:38:22.861,M1,480,1,55.17,17.96,82.3,32.4,0.0,0.0,2,0.4468,61.29,386,306,80,20.73,20.73
2026-04-19T15:38:22.895,M1,480,1,55.33,17.61,82.3,32.4,0.0,0.0,1,0.2816,28.16,388,307,81,20.88,20.88
2026-04-19T15:38:22.929,M1,480,1,55.39,17.85,82.3,32.4,0.0,0.0,0,0.0,0.0,390,308,82,21.03,21.03
2026-04-19T15:38:22.962,M1,480,1,55.76,16.85,82.3,32.4,0.0,0.0,1,0.3089,30.89,392,309,83,21.17,21.17
2026-04-19T15:38:22.998,M1,480,1,55.34,19.31,82.3,32.4,0.0,0.0,0,0.0,0.0,394,310,84,21.32,21.32
2026-04-19T15:38:23.032,M1,480,1,55.31,18.18,82.3,32.4,0.0,0.0,1,0.3132,31.32,396,311,85,21.46,21.46
2026-04-19T15:38:23.074,M1,480,1,52.64,27.22,82.3,33.6,0.0,0.0,0,0.0,0.0,398,312,86,21.61,21.61
2026-04-19T15:38:23.109,M1,480,1,52.92,18.01,82.3,33.6,0.0,0.0,0,0.0,0.0,400,313,87,21.75,21.75
2026-04-19T15:38:23.142,M1,480,1,53.5,16.82,82.3,33.6,0.0,0.0,0,0.0,0.0,402,314,88,21.89,21.89
2026-04-19T15:38:23.175,M1,480,1,53.93,17.22,82.3,33.6,0.0,0.0,0,0.0,0.0,404,315,89,22.03,22.03
2026-04-19T15:38:23.208,M1,480,1,54.33,17.17,82.3,33.6,0.0,0.0,0,0.0,0.0,406,316,90,22.17,22.17
2026-04-19T15:38:23.242,M1,480,1,54.45,18.0,82.3,33.6,0.0,0.0,1,0.4253,42.53,408,317,91,22.3,22.3
2026-04-19T15:38:23.275,M1,480,1,54.82,17.13,82.3,33.6,0.0,0.0,1,0.4784,47.84,410,318,92,22.44,22.44
2026-04-19T15:38:23.308,M1,480,1,54.81,18.29,82.3,33.6,0.0,0.0,1,0.2797,27.97,412,319,93,22.57,22.57
2026-04-19T15:38:23.341,M1,480,1,54.97,17.7,82.3,33.6,0.0,0.0,1,0.4043,40.43,414,320,94,22.71,22.71
2026-04-19T15:38:23.375,M1,480,1,55.26,17.25,82.3,33.6,0.0,0.0,1,0.4304,43.04,416,321,95,22.84,22.84
2026-04-19T15:38:23.410,M1,480,1,55.03,18.85,82.3,33.6,0.0,0.0,1,0.5104,51.04,418,322,96,22.97,22.97
2026-04-19T15:38:23.444,M1,480,1,55.05,18.09,82.3,33.6,0.0,0.0,3,0.3627,55.37,420,323,97,23.1,23.1
2026-04-19T15:38:23.476,M1,480,1,55.67,16.14,82.3,33.6,0.0,0.0,2,0.3358,34.98,422,324,98,23.22,23.22
2026-04-19T15:38:23.511,M1,480,1,55.38,18.91,82.3,33.6,0.0,0.0,2,0.3452,36.4,424,325,99,23.35,23.35
2026-04-19T15:38:23.549,M1,480,1,54.6,20.65,82.3,33.6,0.0,0.0,3,0.3502,39.22,426,326,100,23.47,23.47
2026-04-19T15:38:23.601,M1,480,1,49.92,35.47,82.1,33.7,0.0,0.0,5,0.3896,49.92,428,327,101,23.6,23.6
2026-04-19T15:38:23.642,M1,480,1,49.1,23.36,82.1,33.7,0.0,0.0,2,0.5917,68.25,430,328,102,23.72,23.72
2026-04-19T15:38:23.680,M1,480,1,48.63,22.35,82.1,33.7,0.0,0.0,2,0.5408,60.15,432,329,103,23.84,23.84
2026-04-19T15:38:23.719,M1,480,1,48.33,21.86,82.1,33.7,0.0,0.0,3,0.5368,65.97,434,330,104,23.96,23.96
2026-04-19T15:38:23.762,M1,480,1,46.89,27.02,82.1,33.7,0.0,0.0,4,0.4473,57.48,436,331,105,24.08,24.08
2026-04-19T15:38:23.796,M1,480,1,47.85,17.07,82.1,33.7,0.0,0.0,5,0.4566,58.91,438,332,106,24.2,24.2
2026-04-19T15:38:23.829,M1,480,1,48.81,16.78,82.1,33.7,0.0,0.0,5,0.4394,65.47,440,333,107,24.32,24.32
2026-04-19T15:38:23.863,M1,480,1,49.53,17.53,82.1,33.7,0.0,0.0,3,0.6053,68.82,442,334,108,24.43,24.43
2026-04-19T15:38:23.897,M1,480,1,50.01,18.24,82.1,33.7,0.0,0.0,5,0.4239,61.3,444,335,109,24.55,24.55
2026-04-19T15:38:23.930,M1,480,1,50.73,17.14,82.1,33.7,0.0,0.0,5,0.4807,60.42,446,336,110,24.66,24.66
2026-04-19T15:38:23.964,M1,480,1,51.26,17.68,82.1,33.7,0.0,0.0,5,0.517,78.27,448,337,111,24.78,24.78
2026-04-19T15:38:23.997,M1,480,1,51.93,17.0,82.1,33.7,0.0,0.0,4,0.4966,80.71,450,338,112,24.89,24.89
2026-04-19T15:38:24.031,M1,480,1,52.52,17.1,82.1,33.7,0.0,0.0,6,0.5159,79.24,452,339,113,25.0,25.0
2026-04-19T15:38:24.064,M1,480,1,53.03,17.2,82.1,33.7,0.0,0.0,4,0.6856,79.39,454,340,114,25.11,25.11
2026-04-19T15:38:24.112,M1,480,1,49.62,31.82,81.9,35.4,0.0,0.0,5,0.5485,82.0,456,341,115,25.22,25.22
2026-04-19T15:38:24.149,M1,480,1,49.81,19.38,81.9,35.4,0.0,0.0,6,0.5376,86.66,458,342,116,25.33,25.33
2026-04-19T15:38:24.185,M1,480,1,49.98,19.38,81.9,35.4,0.0,0.0,4,0.5949,81.04,460,343,117,25.43,25.43
2026-04-19T15:38:24.221,M1,480,1,50.03,19.84,81.9,35.4,0.0,0.0,8,0.5253,73.31,462,344,118,25.54,25.54
2026-04-19T15:38:24.255,M1,480,1,50.46,18.28,81.9,35.4,0.0,0.0,6,0.4796,66.1,464,345,119,25.65,25.65
2026-04-19T15:38:24.289,M1,480,1,51.02,17.62,81.9,35.4,0.0,0.0,6,0.4603,65.96,466,346,120,25.75,25.75
2026-04-19T15:38:24.323,M1,480,1,51.46,17.93,81.9,35.4,0.0,0.0,6,0.4881,69.85,468,347,121,25.85,25.85
2026-04-19T15:38:24.355,M1,480,1,52.19,16.71,81.9,35.4,0.0,0.0,6,0.4582,74.94,470,348,122,25.96,25.96
2026-04-19T15:38:24.391,M1,480,1,52.3,18.76,81.9,35.4,0.0,0.0,5,0.6261,75.71,472,349,123,26.06,26.06
2026-04-19T15:38:24.423,M1,480,1,53.04,16.47,81.9,35.4,0.0,0.0,5,0.6207,76.61,474,350,124,26.16,26.16
2026-04-19T15:38:24.455,M1,480,1,53.81,16.16,81.9,35.4,0.0,0.0,4,0.6232,81.43,476,351,125,26.26,26.26
2026-04-19T15:38:24.488,M1,480,1,54.31,16.85,81.9,35.4,0.0,0.0,5,0.5966,84.01,478,352,126,26.36,26.36
2026-04-19T15:38:24.523,M1,480,1,54.19,18.82,81.9,35.4,0.0,0.0,5,0.5653,84.84,480,353,127,26.46,26.46
2026-04-19T15:38:24.556,M1,480,1,54.77,16.52,81.9,35.4,0.0,0.0,4,0.5894,83.73,482,354,128,26.56,26.56
2026-04-19T15:38:24.591,M1,480,1,54.57,18.91,81.9,35.4,0.0,0.0,4,0.6148,86.28,484,355,129,26.65,26.65
2026-04-19T15:38:24.633,M1,480,1,52.23,26.52,81.9,30.6,0.0,0.0,4,0.6631,88.4,486,356,130,26.75,26.75
2026-04-19T15:38:24.667,M1,480,1,52.82,17.01,81.9,30.6,0.0,0.0,4,0.5934,84.16,488,357,131,26.84,26.84
2026-04-19T15:38:24.701,M1,480,1,53.19,17.62,81.9,30.6,0.0,0.0,5,0.6008,85.88,490,358,132,26.94,26.94
2026-04-19T15:38:24.736,M1,480,1,53.25,18.59,81.9,30.6,0.0,0.0,4,0.5307,72.25,492,359,133,27.03,27.03
2026-04-19T15:38:24.768,M1,480,1,53.99,16.19,81.9,30.6,0.0,0.0,3,0.5247,54.92,494,360,134,27.13,27.13
2026-04-19T15:38:24.803,M1,480,1,53.96,18.63,81.9,30.6,0.0,0.0,2,0.6938,77.99,496,361,135,27.22,27.22
2026-04-19T15:38:24.838,M1,480,1,53.89,18.77,81.9,30.6,0.0,0.0,2,0.6742,68.6,498,362,136,27.31,27.31
2026-04-19T15:38:24.871,M1,480,1,54.36,16.97,81.9,30.6,0.0,0.0,2,0.6321,67.79,500,363,137,27.4,27.4
2026-04-19T15:38:24.905,M1,480,1,54.33,18.48,81.9,30.6,0.0,0.0,2,0.5245,60.23,502,364,138,27.49,27.49
2026-04-19T15:38:24.938,M1,480,1,54.87,16.61,81.9,30.6,0.0,0.0,1,0.7104,71.04,504,365,139,27.58,27.58
2026-04-19T15:38:24.970,M1,480,1,55.53,16.06,81.9,30.6,0.0,0.0,1,0.5924,59.24,506,366,140,27.67,27.67
2026-04-19T15:38:25.003,M1,480,1,55.69,17.47,81.9,30.6,0.0,0.0,2,0.5311,77.66,508,367,141,27.76,27.76
2026-04-19T15:38:25.036,M1,480,1,55.96,17.12,81.9,30.6,0.0,0.0,2,0.514,71.97,510,368,142,27.84,27.84
2026-04-19T15:38:25.070,M1,480,1,55.89,18.07,81.9,30.6,0.0,0.0,2,0.5555,78.16,512,369,143,27.93,27.93
2026-04-19T15:38:25.103,M1,480,1,56.12,17.18,81.9,30.6,0.0,0.0,2,0.585,77.92,514,370,144,28.02,28.02
2026-04-19T15:38:25.147,M1,480,1,53.25,27.41,81.9,31.8,0.0,0.0,2,0.532,80.7,516,371,145,28.1,28.1
2026-04-19T15:38:25.181,M1,480,1,53.33,18.51,81.9,31.8,0.0,0.0,5,0.4939,82.12,518,372,146,28.19,28.19
2026-04-19T15:38:25.216,M1,480,1,53.4,18.51,81.9,31.8,0.0,0.0,4,0.4632,70.65,520,373,147,28.27,28.27
2026-04-19T15:38:25.249,M1,480,1,53.91,16.94,81.9,31.8,0.0,0.0,3,0.4387,46.18,522,374,148,28.35,28.35
2026-04-19T15:38:25.282,M1,480,1,54.42,16.81,81.9,31.8,0.0,0.0,3,0.4458,60.6,524,375,149,28.44,28.44
2026-04-19T15:38:25.315,M1,480,1,54.68,17.52,81.9,31.8,0.0,0.0,3,0.4629,63.65,526,376,150,28.52,28.52
2026-04-19T15:38:25.349,M1,480,1,54.77,17.98,81.9,31.8,0.0,0.0,4,0.444,57.72,528,377,151,28.6,28.6
2026-04-19T15:38:25.382,M1,480,1,55.11,17.12,81.9,31.8,0.0,0.0,3,0.6128,70.63,530,378,152,28.68,28.68
2026-04-19T15:38:25.416,M1,480,1,55.27,17.64,81.9,31.8,0.0,0.0,4,0.585,77.35,532,379,153,28.76,28.76
2026-04-19T15:38:25.449,M1,480,1,55.56,17.16,81.9,31.8,0.0,0.0,4,0.5696,73.14,534,380,154,28.84,28.84
2026-04-19T15:38:25.481,M1,480,1,56.17,16.04,81.9,31.8,0.0,0.0,3,0.6318,73.16,536,381,155,28.92,28.92
2026-04-19T15:38:25.515,M1,480,1,55.97,18.42,81.9,31.8,0.0,0.0,2,0.5623,61.48,538,382,156,29.0,29.0
2026-04-19T15:38:25.548,M1,480,1,56.24,17.01,81.9,31.8,0.0,0.0,4,0.5032,68.14,540,383,157,29.07,29.07
2026-04-19T15:38:25.583,M1,480,1,56.03,18.47,81.9,31.8,0.0,0.0,2,0.7174,74.76,542,384,158,29.15,29.15
2026-04-19T15:38:25.616,M1,480,1,56.31,16.95,81.9,31.8,0.0,0.0,2,0.5344,75.19,544,385,159,29.23,29.23
2026-04-19T15:38:25.660,M1,480,1,53.2,28.14,81.9,32.2,0.0,0.0,2,0.6974,78.36,546,386,160,29.3,29.3
2026-04-19T15:38:25.694,M1,480,1,53.59,17.44,81.9,32.2,0.0,0.0,2,0.6922,73.24,548,387,161,29.38,29.38
2026-04-19T15:38:25.728,M1,480,1,54.06,17.04,81.9,32.2,0.0,0.0,1,0.7654,76.54,550,388,162,29.45,29.45
2026-04-19T15:38:25.760,M1,480,1,54.44,17.21,81.9,32.2,0.0,0.0,2,0.5849,67.15,552,389,163,29.53,29.53
2026-04-19T15:38:25.793,M1,480,1,54.84,17.03,81.9,32.2,0.0,0.0,2,0.6047,70.39,554,390,164,29.6,29.6
2026-04-19T15:38:25.828,M1,480,1,54.66,18.83,81.9,32.2,0.0,0.0,1,0.7264,72.64,556,391,165,29.68,29.68
2026-04-19T15:38:25.863,M1,480,1,55.11,16.8,81.9,32.2,0.0,0.0,1,0.6624,66.24,558,392,166,29.75,29.75
2026-04-19T15:38:25.898,M1,480,1,54.86,18.98,81.9,32.2,0.0,0.0,1,0.2549,25.49,560,393,167,29.82,29.82
2026-04-19T15:38:25.932,M1,480,1,54.94,17.97,81.9,32.2,0.0,0.0,0,0.0,0.0,562,394,168,29.89,29.89
2026-04-19T15:38:25.966,M1,480,1,55.01,17.96,81.9,32.2,0.0,0.0,1,0.2889,28.89,564,395,169,29.96,29.96
2026-04-19T15:38:26.000,M1,480,1,55.06,18.01,81.9,32.2,0.0,0.0,1,0.2971,29.71,566,396,170,30.04,30.04
2026-04-19T15:38:26.033,M1,480,1,55.44,16.91,81.9,32.2,0.0,0.0,0,0.0,0.0,568,397,171,30.11,30.11
2026-04-19T15:38:26.066,M1,480,1,55.94,16.44,81.9,32.2,0.0,0.0,1,0.3176,31.76,570,398,172,30.18,30.18
2026-04-19T15:38:26.097,M1,480,1,56.59,15.82,81.9,32.2,0.0,0.0,2,0.4261,52.6,572,399,173,30.24,30.24
2026-04-19T15:38:26.130,M1,480,1,56.92,16.66,81.9,32.2,0.0,0.0,3,0.3077,39.28,574,400,174,30.31,30.31
2026-04-19T15:38:26.176,M1,480,1,53.25,29.67,81.9,31.4,0.0,0.0,1,0.305,30.5,576,401,175,30.38,30.38
2026-04-19T15:38:26.210,M1,480,1,53.53,17.78,81.9,31.4,0.0,0.0,3,0.3773,46.03,578,402,176,30.45,30.45
2026-04-19T15:38:26.245,M1,480,1,53.71,18.06,81.9,31.4,0.0,0.0,3,0.3574,50.96,580,403,177,30.52,30.52
2026-04-19T15:38:26.278,M1,480,1,54.2,16.96,81.9,31.4,0.0,0.0,3,0.4868,61.7,582,404,178,30.58,30.58
2026-04-19T15:38:26.311,M1,480,1,54.34,17.95,81.9,31.4,0.0,0.0,3,0.5091,61.56,584,405,179,30.65,30.65
2026-04-19T15:38:26.344,M1,480,1,54.85,16.71,81.9,31.4,0.0,0.0,4,0.4232,51.66,586,406,180,30.72,30.72
2026-04-19T15:38:26.378,M1,480,1,54.87,18.15,81.9,31.4,0.0,0.0,4,0.4947,64.46,588,407,181,30.78,30.78
2026-04-19T15:38:26.410,M1,480,1,55.41,16.46,81.9,31.4,0.0,0.0,2,0.6717,70.49,590,408,182,30.85,30.85
2026-04-19T15:38:26.443,M1,480,1,55.87,16.57,81.9,31.4,0.0,0.0,4,0.4484,64.7,592,409,183,30.91,30.91
2026-04-19T15:38:26.476,M1,480,1,56.27,16.61,81.9,31.4,0.0,0.0,4,0.356,45.63,594,410,184,30.98,30.98
2026-04-19T15:38:26.509,M1,480,1,56.32,17.63,81.9,31.4,0.0,0.0,5,0.5251,63.65,596,411,185,31.04,31.04
2026-04-19T15:38:26.542,M1,480,1,56.51,17.16,81.9,31.4,0.0,0.0,6,0.472,66.27,598,412,186,31.1,31.1
2026-04-19T15:38:26.575,M1,480,1,56.53,17.61,81.9,31.4,0.0,0.0,7,0.4631,65.43,600,413,187,31.17,31.17
2026-04-19T15:38:26.609,M1,480,1,56.75,17.03,81.9,31.4,0.0,0.0,8,0.5023,64.7,602,414,188,31.23,31.23
2026-04-19T15:38:26.640,M1,480,1,57.1,16.52,81.9,31.4,0.0,0.0,6,0.5209,65.32,604,415,189,31.29,31.29
2026-04-19T15:38:26.675,M1,480,1,56.75,18.59,81.9,31.4,0.0,0.0,7,0.4793,75.09,606,416,190,31.35,31.35
2026-04-19T15:38:26.712,M1,480,1,55.98,20.07,82.0,32.0,0.0,0.0,6,0.4771,72.01,608,417,191,31.41,31.41
2026-04-19T15:38:26.745,M1,480,1,56.27,16.94,82.0,32.0,0.0,0.0,5,0.5398,68.34,610,418,192,31.48,31.48
2026-04-19T15:38:26.779,M1,480,1,56.42,17.29,82.0,32.0,0.0,0.0,5,0.5799,79.62,612,419,193,31.54,31.54
2026-04-19T15:38:26.812,M1,480,1,56.67,16.95,82.0,32.0,0.0,0.0,7,0.5073,75.86,614,420,194,31.6,31.6
2026-04-19T15:38:26.844,M1,480,1,57.06,16.43,82.0,32.0,0.0,0.0,6,0.5396,81.78,616,421,195,31.66,31.66
2026-04-19T15:38:26.879,M1,480,1,56.7,18.64,82.0,32.0,0.0,0.0,5,0.5792,76.4,618,422,196,31.72,31.72
2026-04-19T15:38:26.912,M1,480,1,57.14,16.29,82.0,32.0,0.0,0.0,5,0.5936,79.79,620,423,197,31.77,31.77
2026-04-19T15:38:26.944,M1,480,1,57.54,16.27,82.0,32.0,0.0,0.0,5,0.56,79.27,622,424,198,31.83,31.83
2026-04-19T15:38:26.977,M1,480,1,57.62,17.14,82.0,32.0,0.0,0.0,5,0.5528,71.67,624,425,199,31.89,31.89
2026-04-19T15:38:27.009,M1,480,1,58.0,16.21,82.0,32.0,0.0,0.0,6,0.6052,85.41,626,426,200,31.95,31.95
2026-04-19T15:38:27.042,M1,480,1,58.09,16.98,82.0,32.0,0.0,0.0,5,0.5054,79.71,628,427,201,32.01,32.01
2026-04-19T15:38:27.075,M1,480,1,58.26,16.72,82.0,32.0,0.0,0.0,5,0.4547,68.72,630,428,202,32.06,32.06
2026-04-19T15:38:27.108,M1,480,1,58.32,16.99,82.0,32.0,0.0,0.0,3,0.5038,64.06,632,429,203,32.12,32.12
2026-04-19T15:38:27.141,M1,480,1,58.18,17.56,82.0,32.0,0.0,0.0,3,0.5147,59.2,634,430,204,32.18,32.18
2026-04-19T15:38:27.174,M1,480,1,58.07,17.51,82.0,32.0,0.0,0.0,3,0.5125,70.98,636,431,205,32.23,32.23
2026-04-19T15:38:27.219,M1,480,1,54.3,29.18,81.9,32.4,0.0,0.0,3,0.4915,60.23,638,432,206,32.29,32.29
2026-04-19T15:38:27.253,M1,480,1,54.73,16.96,81.9,32.4,0.0,0.0,4,0.5427,72.06,640,433,207,32.34,32.34
2026-04-19T15:38:27.286,M1,480,1,55.28,16.45,81.9,32.4,0.0,0.0,3,0.4845,61.37,642,434,208,32.4,32.4
2026-04-19T15:38:27.319,M1,480,1,55.36,17.84,81.9,32.4,0.0,0.0,4,0.4681,71.85,644,435,209,32.45,32.45
2026-04-19T15:38:27.352,M1,480,1,55.77,16.73,81.9,32.4,0.0,0.0,3,0.58,70.13,646,436,210,32.51,32.51
2026-04-19T15:38:27.385,M1,480,1,56.14,16.75,81.9,32.4,0.0,0.0,4,0.5085,66.94,648,437,211,32.56,32.56
2026-04-19T15:38:27.420,M1,480,1,55.93,18.46,81.9,32.4,0.0,0.0,6,0.4448,63.91,650,438,212,32.62,32.62
2026-04-19T15:38:27.452,M1,480,1,56.37,16.5,81.9,32.4,0.0,0.0,3,0.5396,70.48,652,439,213,32.67,32.67
2026-04-19T15:38:27.485,M1,480,1,56.8,16.4,81.9,32.4,0.0,0.0,6,0.4623,73.06,654,440,214,32.72,32.72
2026-04-19T15:38:27.517,M1,480,1,57.31,16.05,81.9,32.4,0.0,0.0,5,0.4275,52.91,656,441,215,32.77,32.77
2026-04-19T15:38:27.550,M1,480,1,57.47,16.96,81.9,32.4,0.0,0.0,4,0.4736,65.68,658,442,216,32.83,32.83
2026-04-19T15:38:27.585,M1,480,1,56.92,19.08,81.9,32.4,0.0,0.0,5,0.3587,52.67,660,443,217,32.88,32.88
2026-04-19T15:38:27.617,M1,480,1,57.32,16.34,81.9,32.4,0.0,0.0,4,0.3701,59.42,662,444,218,32.93,32.93
2026-04-19T15:38:27.650,M1,480,1,57.5,16.91,81.9,32.4,0.0,0.0,3,0.4219,65.3,664,445,219,32.98,32.98
2026-04-19T15:38:27.685,M1,480,1,57.03,18.82,81.9,32.4,0.0,0.0,4,0.4405,67.46,666,446,220,33.03,33.03
2026-04-19T15:38:27.728,M1,480,1,54.34,26.21,81.9,32.4,0.0,0.0,4,0.4833,75.84,668,447,221,33.08,33.08
2026-04-19T15:38:27.762,M1,480,1,54.7,17.18,81.9,32.4,0.0,0.0,3,0.6283,79.36,670,448,222,33.13,33.13
2026-04-19T15:38:27.795,M1,480,1,55.05,17.11,81.9,32.4,0.0,0.0,3,0.7282,87.55,672,449,223,33.18,33.18
2026-04-19T15:38:27.828,M1,480,1,55.62,16.31,81.9,32.4,0.0,0.0,3,0.7068,86.06,674,450,224,33.23,33.23
2026-04-19T15:38:27.860,M1,480,1,56.11,16.42,81.9,32.4,0.0,0.0,3,0.7372,85.73,676,451,225,33.28,33.28
2026-04-19T15:38:27.893,M1,480,1,56.44,16.79,81.9,32.4,0.0,0.0,4,0.534,79.52,678,452,226,33.33,33.33
2026-04-19T15:38:27.925,M1,480,1,56.8,16.57,81.9,32.4,0.0,0.0,3,0.6379,76.92,680,453,227,33.38,33.38
2026-04-19T15:38:27.958,M1,480,1,57.15,16.55,81.9,32.4,0.0,0.0,2,0.6881,72.54,682,454,228,33.43,33.43
2026-04-19T15:38:27.992,M1,480,1,56.83,18.47,81.9,32.4,0.0,0.0,2,0.643,82.41,684,455,229,33.48,33.48
2026-04-19T15:38:28.025,M1,480,1,57.24,16.35,81.9,32.4,0.0,0.0,1,0.5828,58.28,686,456,230,33.53,33.53
2026-04-19T15:38:28.057,M1,480,1,57.57,16.46,81.9,32.4,0.0,0.0,3,0.3025,38.8,688,457,231,33.58,33.58
2026-04-19T15:38:28.089,M1,480,1,57.81,16.66,81.9,32.4,0.0,0.0,1,0.3518,35.18,690,458,232,33.62,33.62
2026-04-19T15:38:28.121,M1,480,1,58.15,16.27,81.9,32.4,0.0,0.0,1,0.5734,57.34,692,459,233,33.67,33.67
