timestamp,mode,mode_imgsz,mode_skip,fps,latency_ms,ram_usage_percent,cpu_usage_percent,gpu_usage_percent,temperature,num_detections,confidence_score_avg,source_frames_seen,processed_frames,intentional_skips_total,intentional_drop_rate_percent,frame_drop_rate_percent
2026-04-19T15:27:52.412,M0,640,0,7.41,134.93,83.8,0.0,0.0,0.0,9,0.5472,1,1,0,0.0,0.0
2026-04-19T15:27:53.104,M0,640,0,7.93,45.92,83.9,50.4,0.0,0.0,8,0.5276,2,2,0,0.0,0.0
2026-04-19T15:27:53.181,M0,640,0,8.55,35.03,83.9,50.4,0.0,0.0,10,0.5189,3,3,0,0.0,0.0
2026-04-19T15:27:53.241,M0,640,0,9.16,39.66,83.9,50.4,0.0,0.0,10,0.4998,4,4,0,0.0,0.0
2026-04-19T15:27:53.291,M0,640,0,9.84,33.59,83.9,50.4,0.0,0.0,8,0.5675,5,5,0,0.0,0.0
2026-04-19T15:27:53.395,M0,640,0,10.11,74.0,84.4,70.0,0.0,0.0,9,0.5197,6,6,0,0.0,0.0
2026-04-19T15:27:53.503,M0,640,0,10.81,35.09,84.4,70.0,0.0,0.0,9,0.5491,7,7,0,0.0,0.0
2026-04-19T15:27:53.554,M0,640,0,11.6,29.93,84.4,70.0,0.0,0.0,9,0.506,8,8,0,0.0,0.0
2026-04-19T15:27:53.602,M0,640,0,12.39,30.75,84.4,70.0,0.0,0.0,7,0.5467,9,9,0,0.0,0.0
2026-04-19T15:27:53.646,M0,640,0,13.25,28.64,84.4,70.0,0.0,0.0,10,0.4941,10,10,0,0.0,0.0
2026-04-19T15:27:53.694,M0,640,0,14.05,32.36,84.4,70.0,0.0,0.0,9,0.4848,11,11,0,0.0,0.0
2026-04-19T15:27:53.739,M0,640,0,14.95,28.45,84.4,70.0,0.0,0.0,7,0.5921,12,12,0,0.0,0.0
2026-04-19T15:27:53.784,M0,640,0,15.84,29.37,84.4,70.0,0.0,0.0,9,0.5332,13,13,0,0.0,0.0
2026-04-19T15:27:53.830,M0,640,0,16.73,29.34,84.4,70.0,0.0,0.0,9,0.5112,14,14,0,0.0,0.0
2026-04-19T15:27:53.895,M0,640,0,17.05,48.5,84.3,70.7,0.0,0.0,11,0.4947,15,15,0,0.0,0.0
2026-04-19T15:27:53.943,M0,640,0,17.93,30.09,84.3,70.7,0.0,0.0,11,0.4951,16,16,0,0.0,0.0
2026-04-19T15:27:53.987,M0,640,0,18.86,28.21,84.3,70.7,0.0,0.0,9,0.54,17,17,0,0.0,0.0
2026-04-19T15:27:54.032,M0,640,0,19.77,28.58,84.3,70.7,0.0,0.0,10,0.5493,18,18,0,0.0,0.0
2026-04-19T15:27:54.075,M0,640,0,20.72,27.35,84.3,70.7,0.0,0.0,12,0.5098,19,19,0,0.0,0.0
2026-04-19T15:27:54.121,M0,640,0,21.56,29.5,84.3,70.7,0.0,0.0,11,0.5122,20,20,0,0.0,0.0
2026-04-19T15:27:54.163,M0,640,0,22.49,27.18,84.3,70.7,0.0,0.0,8,0.6113,21,21,0,0.0,0.0
2026-04-19T15:27:54.207,M0,640,0,23.36,27.88,84.3,70.7,0.0,0.0,8,0.578,22,22,0,0.0,0.0
2026-04-19T15:27:54.252,M0,640,0,24.15,28.75,84.3,70.7,0.0,0.0,9,0.5707,23,23,0,0.0,0.0
2026-04-19T15:27:54.295,M0,640,0,25.06,26.45,84.3,70.7,0.0,0.0,11,0.5443,24,24,0,0.0,0.0
2026-04-19T15:27:54.341,M0,640,0,25.77,28.92,84.3,70.7,0.0,0.0,11,0.5282,25,25,0,0.0,0.0
2026-04-19T15:27:54.387,M0,640,0,26.37,30.0,84.3,70.7,0.0,0.0,10,0.5412,26,26,0,0.0,0.0
2026-04-19T15:27:54.438,M0,640,0,26.74,32.71,84.1,69.4,0.0,0.0,10,0.56,27,27,0,0.0,0.0
2026-04-19T15:27:54.486,M0,640,0,27.21,30.86,84.1,69.4,0.0,0.0,12,0.5704,28,28,0,0.0,0.0
2026-04-19T15:27:54.539,M0,640,0,27.26,36.11,84.1,69.4,0.0,0.0,12,0.6173,29,29,0,0.0,0.0
2026-04-19T15:27:54.590,M0,640,0,27.42,34.55,84.1,69.4,0.0,0.0,10,0.6345,30,30,0,0.0,0.0
2026-04-19T15:27:54.643,M0,640,0,27.44,36.19,84.1,69.4,0.0,0.0,11,0.5952,31,31,0,0.0,0.0
2026-04-19T15:27:54.694,M0,640,0,27.54,35.14,84.1,69.4,0.0,0.0,10,0.5823,32,32,0,0.0,0.0
2026-04-19T15:27:54.747,M0,640,0,27.51,36.67,84.1,69.4,0.0,0.0,9,0.6152,33,33,0,0.0,0.0
2026-04-19T15:27:54.806,M0,640,0,27.06,42.47,84.1,69.4,0.0,0.0,11,0.5948,34,34,0,0.0,0.0
2026-04-19T15:27:54.854,M0,640,0,27.43,31.89,84.1,69.4,0.0,0.0,8,0.6067,35,35,0,0.0,0.0
2026-04-19T15:27:54.902,M0,640,0,27.83,31.29,84.1,69.4,0.0,0.0,8,0.5609,36,36,0,0.0,0.0
2026-04-19T15:27:54.956,M0,640,0,27.79,36.45,83.8,77.8,0.0,0.0,10,0.545,37,37,0,0.0,0.0
2026-04-19T15:27:55.003,M0,640,0,28.23,30.28,83.8,77.8,0.0,0.0,8,0.6003,38,38,0,0.0,0.0
2026-04-19T15:27:55.052,M0,640,0,28.72,29.46,83.8,77.8,0.0,0.0,9,0.6021,39,39,0,0.0,0.0
2026-04-19T15:27:55.098,M0,640,0,29.18,29.26,83.8,77.8,0.0,0.0,9,0.6016,40,40,0,0.0,0.0
2026-04-19T15:27:55.141,M0,640,0,29.66,28.77,83.8,77.8,0.0,0.0,9,0.5918,41,41,0,0.0,0.0
2026-04-19T15:27:55.185,M0,640,0,30.16,28.17,83.8,77.8,0.0,0.0,10,0.5708,42,42,0,0.0,0.0
2026-04-19T15:27:55.231,M0,640,0,30.44,30.11,83.8,77.8,0.0,0.0,8,0.6148,43,43,0,0.0,0.0
2026-04-19T15:27:55.276,M0,640,0,30.84,28.57,83.8,77.8,0.0,0.0,9,0.591,44,44,0,0.0,0.0
2026-04-19T15:27:55.320,M0,640,0,31.22,28.5,83.8,77.8,0.0,0.0,8,0.6531,45,45,0,0.0,0.0
2026-04-19T15:27:55.362,M0,640,0,31.73,26.84,83.8,77.8,0.0,0.0,8,0.6506,46,46,0,0.0,0.0
2026-04-19T15:27:55.406,M0,640,0,32.09,27.96,83.8,77.8,0.0,0.0,8,0.6583,47,47,0,0.0,0.0
2026-04-19T15:27:55.469,M0,640,0,30.58,46.52,83.7,71.4,0.0,0.0,9,0.6672,48,48,0,0.0,0.0
2026-04-19T15:27:55.512,M0,640,0,31.17,26.59,83.7,71.4,0.0,0.0,9,0.6492,49,49,0,0.0,0.0
2026-04-19T15:27:55.554,M0,640,0,31.74,26.31,83.7,71.4,0.0,0.0,10,0.6213,50,50,0,0.0,0.0
2026-04-19T15:27:55.599,M0,640,0,32.0,28.92,83.7,71.4,0.0,0.0,9,0.6251,51,51,0,0.0,0.0
2026-04-19T15:27:55.644,M0,640,0,32.28,28.59,83.7,71.4,0.0,0.0,8,0.6705,52,52,0,0.0,0.0
2026-04-19T15:27:55.689,M0,640,0,32.41,29.74,83.7,71.4,0.0,0.0,9,0.6517,53,53,0,0.0,0.0
2026-04-19T15:27:55.731,M0,640,0,32.99,25.36,83.7,71.4,0.0,0.0,11,0.6167,54,54,0,0.0,0.0
2026-04-19T15:27:55.772,M0,640,0,33.56,25.19,83.7,71.4,0.0,0.0,11,0.6129,55,55,0,0.0,0.0
2026-04-19T15:27:55.814,M0,640,0,33.96,26.27,83.7,71.4,0.0,0.0,10,0.6245,56,56,0,0.0,0.0
2026-04-19T15:27:55.856,M0,640,0,34.3,26.59,83.7,71.4,0.0,0.0,9,0.6937,57,57,0,0.0,0.0
2026-04-19T15:27:55.898,M0,640,0,34.72,25.58,83.7,71.4,0.0,0.0,9,0.7086,58,58,0,0.0,0.0
2026-04-19T15:27:55.939,M0,640,0,35.09,25.75,83.7,71.4,0.0,0.0,9,0.6952,59,59,0,0.0,0.0
2026-04-19T15:27:55.992,M0,640,0,34.72,31.58,83.6,64.8,0.0,0.0,10,0.6441,60,60,0,0.0,0.0
2026-04-19T15:27:56.034,M0,640,0,35.0,26.49,83.6,64.8,0.0,0.0,10,0.6707,61,61,0,0.0,0.0
2026-04-19T15:27:56.075,M0,640,0,35.48,24.73,83.6,64.8,0.0,0.0,9,0.7169,62,62,0,0.0,0.0
2026-04-19T15:27:56.115,M0,640,0,35.88,24.99,83.6,64.8,0.0,0.0,9,0.6824,63,63,0,0.0,0.0
2026-04-19T15:27:56.156,M0,640,0,36.28,24.85,83.6,64.8,0.0,0.0,8,0.7006,64,64,0,0.0,0.0
2026-04-19T15:27:56.198,M0,640,0,36.43,26.42,83.6,64.8,0.0,0.0,11,0.6248,65,65,0,0.0,0.0
2026-04-19T15:27:56.242,M0,640,0,36.36,27.98,83.6,64.8,0.0,0.0,9,0.6465,66,66,0,0.0,0.0
2026-04-19T15:27:56.283,M0,640,0,36.54,26.11,83.6,64.8,0.0,0.0,12,0.5494,67,67,0,0.0,0.0
2026-04-19T15:27:56.325,M0,640,0,36.73,25.95,83.6,64.8,0.0,0.0,13,0.5811,68,68,0,0.0,0.0
2026-04-19T15:27:56.370,M0,640,0,36.52,28.81,83.6,64.8,0.0,0.0,14,0.5478,69,69,0,0.0,0.0
2026-04-19T15:27:56.410,M0,640,0,36.89,24.64,83.6,64.8,0.0,0.0,14,0.5636,70,70,0,0.0,0.0
2026-04-19T15:27:56.450,M0,640,0,37.34,23.83,83.6,64.8,0.0,0.0,11,0.5913,71,71,0,0.0,0.0
2026-04-19T15:27:56.504,M0,640,0,35.81,38.23,83.4,63.7,0.0,0.0,10,0.5208,72,72,0,0.0,0.0
2026-04-19T15:27:56.546,M0,640,0,36.14,25.35,83.4,63.7,0.0,0.0,9,0.5615,73,73,0,0.0,0.0
2026-04-19T15:27:56.587,M0,640,0,36.52,24.78,83.4,63.7,0.0,0.0,9,0.582,74,74,0,0.0,0.0
2026-04-19T15:27:56.629,M0,640,0,36.77,25.56,83.4,63.7,0.0,0.0,12,0.5079,75,75,0,0.0,0.0
2026-04-19T15:27:56.671,M0,640,0,36.93,26.01,83.4,63.7,0.0,0.0,11,0.545,76,76,0,0.0,0.0
2026-04-19T15:27:56.713,M0,640,0,37.04,26.29,83.4,63.7,0.0,0.0,11,0.5422,77,77,0,0.0,0.0
2026-04-19T15:27:56.757,M0,640,0,36.87,28.23,83.4,63.7,0.0,0.0,11,0.5741,78,78,0,0.0,0.0
2026-04-19T15:27:56.800,M0,640,0,36.9,26.9,83.4,63.7,0.0,0.0,13,0.5605,79,79,0,0.0,0.0
2026-04-19T15:27:56.844,M0,640,0,36.86,27.38,83.4,63.7,0.0,0.0,8,0.5821,80,80,0,0.0,0.0
2026-04-19T15:27:56.885,M0,640,0,37.14,25.07,83.4,63.7,0.0,0.0,12,0.4892,81,81,0,0.0,0.0
2026-04-19T15:27:56.925,M0,640,0,37.55,23.98,83.4,63.7,0.0,0.0,14,0.4609,82,82,0,0.0,0.0
2026-04-19T15:27:56.967,M0,640,0,37.53,26.81,83.4,63.7,0.0,0.0,12,0.5553,83,83,0,0.0,0.0
2026-04-19T15:27:57.023,M0,640,0,35.74,40.03,83.7,58.8,0.0,0.0,12,0.5345,84,84,0,0.0,0.0
2026-04-19T15:27:57.067,M0,640,0,35.83,27.27,83.7,58.8,0.0,0.0,17,0.48,85,85,0,0.0,0.0
2026-04-19T15:27:57.110,M0,640,0,35.91,27.27,83.7,58.8,0.0,0.0,15,0.509,86,86,0,0.0,0.0
2026-04-19T15:27:57.152,M0,640,0,36.15,25.99,83.7,58.8,0.0,0.0,15,0.5364,87,87,0,0.0,0.0
2026-04-19T15:27:57.194,M0,640,0,36.42,25.64,83.7,58.8,0.0,0.0,11,0.4925,88,88,0,0.0,0.0
2026-04-19T15:27:57.237,M0,640,0,36.47,27.01,83.7,58.8,0.0,0.0,13,0.4803,89,89,0,0.0,0.0
2026-04-19T15:27:57.280,M0,640,0,36.5,27.2,83.7,58.8,0.0,0.0,10,0.5396,90,90,0,0.0,0.0
2026-04-19T15:27:57.324,M0,640,0,36.48,27.58,83.7,58.8,0.0,0.0,9,0.5441,91,91,0,0.0,0.0
2026-04-19T15:27:57.365,M0,640,0,36.8,25.0,83.7,58.8,0.0,0.0,10,0.6327,92,92,0,0.0,0.0
2026-04-19T15:27:57.409,M0,640,0,36.65,28.31,83.7,58.8,0.0,0.0,11,0.5639,93,93,0,0.0,0.0
2026-04-19T15:27:57.452,M0,640,0,36.63,27.43,83.7,58.8,0.0,0.0,10,0.5225,94,94,0,0.0,0.0
2026-04-19T15:27:57.495,M0,640,0,36.8,26.07,83.7,58.8,0.0,0.0,16,0.4954,95,95,0,0.0,0.0
2026-04-19T15:27:57.541,M0,640,0,36.52,29.25,83.7,66.3,0.0,0.0,13,0.5226,96,96,0,0.0,0.0
2026-04-19T15:27:57.585,M0,640,0,36.54,27.21,83.7,66.3,0.0,0.0,15,0.5334,97,97,0,0.0,0.0
2026-04-19T15:27:57.628,M0,640,0,36.65,26.55,83.7,66.3,0.0,0.0,12,0.5074,98,98,0,0.0,0.0
2026-04-19T15:27:57.670,M0,640,0,36.79,26.23,83.7,66.3,0.0,0.0,12,0.5261,99,99,0,0.0,0.0
2026-04-19T15:27:57.712,M0,640,0,36.93,26.15,83.7,66.3,0.0,0.0,11,0.5563,100,100,0,0.0,0.0
2026-04-19T15:27:57.756,M0,640,0,36.91,27.24,83.7,66.3,0.0,0.0,11,0.5791,101,101,0,0.0,0.0
2026-04-19T15:27:57.801,M0,640,0,36.82,27.72,83.7,66.3,0.0,0.0,15,0.5127,102,102,0,0.0,0.0
2026-04-19T15:27:57.843,M0,640,0,36.95,26.27,83.7,66.3,0.0,0.0,13,0.5849,103,103,0,0.0,0.0
2026-04-19T15:27:57.886,M0,640,0,36.92,27.24,83.7,66.3,0.0,0.0,14,0.5495,104,104,0,0.0,0.0
2026-04-19T15:27:57.930,M0,640,0,36.84,27.69,83.7,66.3,0.0,0.0,13,0.5899,105,105,0,0.0,0.0
2026-04-19T15:27:57.972,M0,640,0,36.95,26.34,83.7,66.3,0.0,0.0,12,0.5869,106,106,0,0.0,0.0
2026-04-19T15:27:58.033,M0,640,0,34.67,44.84,83.8,66.3,0.0,0.0,12,0.5991,107,107,0,0.0,0.0
2026-04-19T15:27:58.082,M0,640,0,34.51,30.16,83.8,66.3,0.0,0.0,14,0.5117,108,108,0,0.0,0.0
2026-04-19T15:27:58.123,M0,640,0,35.0,24.97,83.8,66.3,0.0,0.0,14,0.5165,109,109,0,0.0,0.0
2026-04-19T15:27:58.166,M0,640,0,35.15,27.3,83.8,66.3,0.0,0.0,13,0.5367,110,110,0,0.0,0.0
2026-04-19T15:27:58.215,M0,640,0,34.68,32.37,83.8,66.3,0.0,0.0,12,0.4814,111,111,0,0.0,0.0
2026-04-19T15:27:58.257,M0,640,0,35.0,26.17,83.8,66.3,0.0,0.0,10,0.5688,112,112,0,0.0,0.0
2026-04-19T15:27:58.299,M0,640,0,35.27,26.34,83.8,66.3,0.0,0.0,10,0.5897,113,113,0,0.0,0.0
2026-04-19T15:27:58.342,M0,640,0,35.5,26.57,83.8,66.3,0.0,0.0,10,0.5981,114,114,0,0.0,0.0
2026-04-19T15:27:58.383,M0,640,0,35.75,26.17,83.8,66.3,0.0,0.0,11,0.5412,115,115,0,0.0,0.0
2026-04-19T15:27:58.425,M0,640,0,36.12,25.13,83.8,66.3,0.0,0.0,11,0.5482,116,116,0,0.0,0.0
2026-04-19T15:27:58.468,M0,640,0,36.08,27.98,83.8,66.3,0.0,0.0,11,0.5163,117,117,0,0.0,0.0
2026-04-19T15:27:58.510,M0,640,0,36.32,25.9,83.8,66.3,0.0,0.0,11,0.5676,118,118,0,0.0,0.0
2026-04-19T15:27:58.562,M0,640,0,35.3,35.49,83.7,58.6,0.0,0.0,10,0.5456,119,119,0,0.0,0.0
2026-04-19T15:27:58.603,M0,640,0,35.69,25.18,83.7,58.6,0.0,0.0,10,0.5915,120,120,0,0.0,0.0
2026-04-19T15:27:58.645,M0,640,0,36.07,25.13,83.7,58.6,0.0,0.0,10,0.5929,121,121,0,0.0,0.0
2026-04-19T15:27:58.686,M0,640,0,36.36,25.5,83.7,58.6,0.0,0.0,10,0.6063,122,122,0,0.0,0.0
2026-04-19T15:27:58.727,M0,640,0,36.62,25.51,83.7,58.6,0.0,0.0,10,0.5919,123,123,0,0.0,0.0
2026-04-19T15:27:58.768,M0,640,0,36.9,25.27,83.7,58.6,0.0,0.0,9,0.6168,124,124,0,0.0,0.0
2026-04-19T15:27:58.811,M0,640,0,36.9,27.1,83.7,58.6,0.0,0.0,11,0.5689,125,125,0,0.0,0.0
2026-04-19T15:27:58.857,M0,640,0,36.7,28.59,83.7,58.6,0.0,0.0,11,0.556,126,126,0,0.0,0.0
2026-04-19T15:27:58.901,M0,640,0,36.64,27.7,83.7,58.6,0.0,0.0,11,0.56,127,127,0,0.0,0.0
2026-04-19T15:27:58.943,M0,640,0,36.78,26.23,83.7,58.6,0.0,0.0,9,0.5992,128,128,0,0.0,0.0
2026-04-19T15:27:58.987,M0,640,0,36.64,28.2,83.7,58.6,0.0,0.0,9,0.593,129,129,0,0.0,0.0
2026-04-19T15:27:59.032,M0,640,0,36.37,29.35,83.7,58.6,0.0,0.0,10,0.5676,130,130,0,0.0,0.0
2026-04-19T15:27:59.086,M0,640,0,34.99,38.3,83.8,66.5,0.0,0.0,11,0.5418,131,131,0,0.0,0.0
2026-04-19T15:27:59.130,M0,640,0,35.07,27.97,83.8,66.5,0.0,0.0,9,0.5974,132,132,0,0.0,0.0
2026-04-19T15:27:59.173,M0,640,0,35.31,26.6,83.8,66.5,0.0,0.0,8,0.6649,133,133,0,0.0,0.0
2026-04-19T15:27:59.216,M0,640,0,35.46,27.06,83.8,66.5,0.0,0.0,8,0.663,134,134,0,0.0,0.0
2026-04-19T15:27:59.263,M0,640,0,35.14,30.8,83.8,66.5,0.0,0.0,9,0.5635,135,135,0,0.0,0.0
2026-04-19T15:27:59.305,M0,640,0,35.46,25.91,83.8,66.5,0.0,0.0,8,0.5896,136,136,0,0.0,0.0
2026-04-19T15:27:59.345,M0,640,0,35.94,24.42,83.8,66.5,0.0,0.0,8,0.6465,137,137,0,0.0,0.0
2026-04-19T15:27:59.389,M0,640,0,35.95,27.73,83.8,66.5,0.0,0.0,10,0.5785,138,138,0,0.0,0.0
2026-04-19T15:27:59.430,M0,640,0,36.21,25.8,83.8,66.5,0.0,0.0,8,0.6482,139,139,0,0.0,0.0
2026-04-19T15:27:59.472,M0,640,0,36.4,26.23,83.8,66.5,0.0,0.0,8,0.6158,140,140,0,0.0,0.0
2026-04-19T15:27:59.513,M0,640,0,36.69,25.29,83.8,66.5,0.0,0.0,7,0.6197,141,141,0,0.0,0.0
2026-04-19T15:27:59.554,M0,640,0,36.9,25.69,83.8,66.5,0.0,0.0,9,0.5436,142,142,0,0.0,0.0
2026-04-19T15:27:59.613,M0,640,0,34.87,42.89,83.8,66.9,0.0,0.0,7,0.5855,143,143,0,0.0,0.0
2026-04-19T15:27:59.656,M0,640,0,35.12,26.64,83.8,66.9,0.0,0.0,10,0.51,144,144,0,0.0,0.0
2026-04-19T15:27:59.698,M0,640,0,35.43,25.96,83.8,66.9,0.0,0.0,7,0.5687,145,145,0,0.0,0.0
2026-04-19T15:27:59.741,M0,640,0,35.61,26.76,83.8,66.9,0.0,0.0,6,0.6672,146,146,0,0.0,0.0
2026-04-19T15:27:59.783,M0,640,0,35.84,26.35,83.8,66.9,0.0,0.0,7,0.573,147,147,0,0.0,0.0
2026-04-19T15:27:59.824,M0,640,0,36.11,25.75,83.8,66.9,0.0,0.0,9,0.4656,148,148,0,0.0,0.0
2026-04-19T15:27:59.867,M0,640,0,36.18,27.16,83.8,66.9,0.0,0.0,6,0.6124,149,149,0,0.0,0.0
2026-04-19T15:27:59.910,M0,640,0,36.18,27.63,83.8,66.9,0.0,0.0,9,0.465,150,150,0,0.0,0.0
2026-04-19T15:27:59.952,M0,640,0,36.45,25.61,83.8,66.9,0.0,0.0,6,0.5047,151,151,0,0.0,0.0
2026-04-19T15:27:59.993,M0,640,0,36.74,25.26,83.8,66.9,0.0,0.0,6,0.4983,152,152,0,0.0,0.0
2026-04-19T15:28:00.036,M0,640,0,36.75,27.2,83.8,66.9,0.0,0.0,7,0.4348,153,153,0,0.0,0.0
2026-04-19T15:28:00.078,M0,640,0,36.81,26.75,83.8,66.9,0.0,0.0,5,0.5577,154,154,0,0.0,0.0
2026-04-19T15:28:00.130,M0,640,0,35.57,36.59,83.7,68.9,0.0,0.0,4,0.5108,155,155,0,0.0,0.0
2026-04-19T15:28:00.174,M0,640,0,35.59,28.01,83.7,68.9,0.0,0.0,4,0.5775,156,156,0,0.0,0.0
2026-04-19T15:28:00.218,M0,640,0,35.59,28.08,83.7,68.9,0.0,0.0,6,0.5077,157,157,0,0.0,0.0
2026-04-19T15:28:00.260,M0,640,0,35.92,25.53,83.7,68.9,0.0,0.0,7,0.4987,158,158,0,0.0,0.0
2026-04-19T15:28:00.304,M0,640,0,35.89,28.04,83.7,68.9,0.0,0.0,5,0.5253,159,159,0,0.0,0.0
2026-04-19T15:28:00.349,M0,640,0,35.9,27.81,83.7,68.9,0.0,0.0,7,0.4347,160,160,0,0.0,0.0
2026-04-19T15:28:00.392,M0,640,0,35.95,27.49,83.7,68.9,0.0,0.0,7,0.4957,161,161,0,0.0,0.0
2026-04-19T15:28:00.434,M0,640,0,36.12,26.45,83.7,68.9,0.0,0.0,5,0.5955,162,162,0,0.0,0.0
2026-04-19T15:28:00.477,M0,640,0,36.15,27.46,83.7,68.9,0.0,0.0,6,0.5125,163,163,0,0.0,0.0
2026-04-19T15:28:00.520,M0,640,0,36.19,27.4,83.7,68.9,0.0,0.0,6,0.6078,164,164,0,0.0,0.0
2026-04-19T15:28:00.560,M0,640,0,36.56,24.81,83.7,68.9,0.0,0.0,7,0.5235,165,165,0,0.0,0.0
2026-04-19T15:28:00.601,M0,640,0,36.79,25.63,83.7,68.9,0.0,0.0,6,0.6226,166,166,0,0.0,0.0
2026-04-19T15:28:00.652,M0,640,0,36.3,30.85,83.8,63.2,0.0,0.0,7,0.5618,167,167,0,0.0,0.0
2026-04-19T15:28:00.693,M0,640,0,36.66,24.85,83.8,63.2,0.0,0.0,6,0.584,168,168,0,0.0,0.0
2026-04-19T15:28:00.732,M0,640,0,37.21,23.28,83.8,63.2,0.0,0.0,5,0.6312,169,169,0,0.0,0.0
2026-04-19T15:28:00.773,M0,640,0,37.49,24.83,83.8,63.2,0.0,0.0,9,0.5191,170,170,0,0.0,0.0
2026-04-19T15:28:00.815,M0,640,0,37.45,26.97,83.8,63.2,0.0,0.0,10,0.5458,171,171,0,0.0,0.0
2026-04-19T15:28:00.857,M0,640,0,37.51,26.3,83.8,63.2,0.0,0.0,8,0.5996,172,172,0,0.0,0.0
2026-04-19T15:28:00.900,M0,640,0,37.31,28.09,83.8,63.2,0.0,0.0,8,0.5514,173,173,0,0.0,0.0
2026-04-19T15:28:00.943,M0,640,0,37.33,26.65,83.8,63.2,0.0,0.0,7,0.5283,174,174,0,0.0,0.0
2026-04-19T15:28:00.985,M0,640,0,37.44,25.95,83.8,63.2,0.0,0.0,8,0.5314,175,175,0,0.0,0.0
2026-04-19T15:28:01.027,M0,640,0,37.62,25.48,83.8,63.2,0.0,0.0,8,0.5602,176,176,0,0.0,0.0
2026-04-19T15:28:01.070,M0,640,0,37.58,26.85,83.8,63.2,0.0,0.0,6,0.6023,177,177,0,0.0,0.0
2026-04-19T15:28:01.115,M0,640,0,37.28,28.71,83.8,63.2,0.0,0.0,6,0.5905,178,178,0,0.0,0.0
2026-04-19T15:28:01.176,M0,640,0,35.71,38.61,83.8,69.6,0.0,0.0,7,0.5547,179,179,0,0.0,0.0
2026-04-19T15:28:01.218,M0,640,0,36.0,25.79,83.8,69.6,0.0,0.0,5,0.6042,180,180,0,0.0,0.0
2026-04-19T15:28:01.261,M0,640,0,36.18,26.42,83.8,69.6,0.0,0.0,6,0.5056,181,181,0,0.0,0.0
2026-04-19T15:28:01.303,M0,640,0,36.32,26.57,83.8,69.6,0.0,0.0,5,0.6261,182,182,0,0.0,0.0
2026-04-19T15:28:01.344,M0,640,0,36.58,25.59,83.8,69.6,0.0,0.0,5,0.5951,183,183,0,0.0,0.0
2026-04-19T15:28:01.386,M0,640,0,36.8,25.69,83.8,69.6,0.0,0.0,5,0.6293,184,184,0,0.0,0.0
2026-04-19T15:28:01.427,M0,640,0,37.01,25.62,83.8,69.6,0.0,0.0,5,0.6176,185,185,0,0.0,0.0
2026-04-19T15:28:01.469,M0,640,0,37.08,26.5,83.8,69.6,0.0,0.0,5,0.6209,186,186,0,0.0,0.0
2026-04-19T15:28:01.511,M0,640,0,37.29,25.47,83.8,69.6,0.0,0.0,5,0.603,187,187,0,0.0,0.0
2026-04-19T15:28:01.550,M0,640,0,37.76,23.45,83.8,69.6,0.0,0.0,5,0.531,188,188,0,0.0,0.0
2026-04-19T15:28:01.593,M0,640,0,37.72,26.78,83.8,69.6,0.0,0.0,5,0.54,189,189,0,0.0,0.0
2026-04-19T15:28:01.634,M0,640,0,37.87,25.45,83.8,69.6,0.0,0.0,7,0.4941,190,190,0,0.0,0.0
2026-04-19T15:28:01.688,M0,640,0,36.19,38.65,83.6,65.0,0.0,0.0,5,0.6395,191,191,0,0.0,0.0
2026-04-19T15:28:01.730,M0,640,0,36.45,25.7,83.6,65.0,0.0,0.0,6,0.5789,192,192,0,0.0,0.0
2026-04-19T15:28:01.769,M0,640,0,36.82,24.67,83.6,65.0,0.0,0.0,6,0.5476,193,193,0,0.0,0.0
2026-04-19T15:28:01.813,M0,640,0,36.75,27.68,83.6,65.0,0.0,0.0,5,0.6752,194,194,0,0.0,0.0
2026-04-19T15:28:01.854,M0,640,0,37.01,25.28,83.6,65.0,0.0,0.0,7,0.6038,195,195,0,0.0,0.0
2026-04-19T15:28:01.894,M0,640,0,37.31,24.85,83.6,65.0,0.0,0.0,7,0.5889,196,196,0,0.0,0.0
2026-04-19T15:28:01.935,M0,640,0,37.51,25.35,83.6,65.0,0.0,0.0,6,0.656,197,197,0,0.0,0.0
2026-04-19T15:28:01.976,M0,640,0,37.69,25.4,83.6,65.0,0.0,0.0,7,0.5973,198,198,0,0.0,0.0
2026-04-19T15:28:02.017,M0,640,0,37.9,25.09,83.6,65.0,0.0,0.0,7,0.6291,199,199,0,0.0,0.0
2026-04-19T15:28:02.059,M0,640,0,37.92,26.21,83.6,65.0,0.0,0.0,8,0.6168,200,200,0,0.0,0.0
2026-04-19T15:28:02.106,M0,640,0,37.34,30.51,83.6,65.0,0.0,0.0,8,0.6464,201,201,0,0.0,0.0
2026-04-19T15:28:02.149,M0,640,0,37.26,27.34,83.6,65.0,0.0,0.0,9,0.5453,202,202,0,0.0,0.0
2026-04-19T15:28:02.201,M0,640,0,36.49,32.49,83.8,66.4,0.0,0.0,9,0.5776,203,203,0,0.0,0.0
2026-04-19T15:28:02.246,M0,640,0,36.44,27.79,83.8,66.4,0.0,0.0,9,0.4708,204,204,0,0.0,0.0
2026-04-19T15:28:02.282,M1,480,1,37.46,19.98,83.8,66.4,0.0,0.0,7,0.5735,205,205,0,0.0,0.0
2026-04-19T15:28:02.317,M1,480,1,38.63,18.63,83.8,66.4,0.0,0.0,6,0.6172,207,206,1,0.48,0.48
2026-04-19T15:28:02.351,M1,480,1,39.8,18.28,83.8,66.4,0.0,0.0,7,0.6163,209,207,2,0.96,0.96
2026-04-19T15:28:02.388,M1,480,1,40.59,20.2,83.8,66.4,0.0,0.0,7,0.6459,211,208,3,1.42,1.42
2026-04-19T15:28:02.422,M1,480,1,41.73,17.91,83.8,66.4,0.0,0.0,7,0.5601,213,209,4,1.88,1.88
2026-04-19T15:28:02.456,M1,480,1,42.79,18.06,83.8,66.4,0.0,0.0,6,0.6323,215,210,5,2.33,2.33
2026-04-19T15:28:02.493,M1,480,1,43.4,20.04,83.8,66.4,0.0,0.0,7,0.6154,217,211,6,2.76,2.76
2026-04-19T15:28:02.527,M1,480,1,44.36,18.05,83.8,66.4,0.0,0.0,6,0.6579,219,212,7,3.2,3.2
2026-04-19T15:28:02.563,M1,480,1,45.19,18.41,83.8,66.4,0.0,0.0,7,0.5934,221,213,8,3.62,3.62
2026-04-19T15:28:02.597,M1,480,1,45.95,18.46,83.8,66.4,0.0,0.0,6,0.5637,223,214,9,4.04,4.04
2026-04-19T15:28:02.630,M1,480,1,46.82,17.71,83.8,66.4,0.0,0.0,6,0.649,225,215,10,4.44,4.44
2026-04-19T15:28:02.664,M1,480,1,47.61,17.81,83.8,66.4,0.0,0.0,9,0.5661,227,216,11,4.85,4.85
2026-04-19T15:28:02.707,M1,480,1,47.71,20.6,83.7,68.6,0.0,0.0,9,0.5268,229,217,12,5.24,5.24
2026-04-19T15:28:02.741,M1,480,1,48.63,16.98,83.7,68.6,0.0,0.0,8,0.6385,231,218,13,5.63,5.63
2026-04-19T15:28:02.775,M1,480,1,49.43,17.24,83.7,68.6,0.0,0.0,9,0.6335,233,219,14,6.01,6.01
2026-04-19T15:28:02.808,M1,480,1,50.38,16.39,83.7,68.6,0.0,0.0,11,0.5668,235,220,15,6.38,6.38
2026-04-19T15:28:02.842,M1,480,1,50.99,17.47,83.7,68.6,0.0,0.0,10,0.6242,237,221,16,6.75,6.75
2026-04-19T15:28:02.876,M1,480,1,51.41,18.01,83.7,68.6,0.0,0.0,11,0.5993,239,222,17,7.11,7.11
2026-04-19T15:28:02.913,M1,480,1,51.31,19.86,83.7,68.6,0.0,0.0,10,0.6015,241,223,18,7.47,7.47
2026-04-19T15:28:02.947,M1,480,1,51.83,17.54,83.7,68.6,0.0,0.0,7,0.6778,243,224,19,7.82,7.82
2026-04-19T15:28:02.981,M1,480,1,51.84,19.24,83.7,68.6,0.0,0.0,6,0.7412,245,225,20,8.16,8.16
2026-04-19T15:28:03.018,M1,480,1,51.5,20.58,83.7,68.6,0.0,0.0,6,0.7879,247,226,21,8.5,8.5
2026-04-19T15:28:03.052,M1,480,1,51.89,17.94,83.7,68.6,0.0,0.0,6,0.7341,249,227,22,8.84,8.84
2026-04-19T15:28:03.087,M1,480,1,52.02,18.78,83.7,68.6,0.0,0.0,6,0.7765,251,228,23,9.16,9.16
2026-04-19T15:28:03.121,M1,480,1,52.39,17.89,83.7,68.6,0.0,0.0,6,0.7259,253,229,24,9.49,9.49
2026-04-19T15:28:03.154,M1,480,1,52.8,17.58,83.7,68.6,0.0,0.0,7,0.6195,255,230,25,9.8,9.8
2026-04-19T15:28:03.187,M1,480,1,53.53,16.37,83.7,68.6,0.0,0.0,6,0.6765,257,231,26,10.12,10.12
2026-04-19T15:28:03.228,M1,480,1,52.31,23.02,83.9,69.4,0.0,0.0,7,0.6009,259,232,27,10.42,10.42
2026-04-19T15:28:03.262,M1,480,1,52.41,18.77,83.9,69.4,0.0,0.0,4,0.7154,261,233,28,10.73,10.73
2026-04-19T15:28:03.296,M1,480,1,52.83,17.55,83.9,69.4,0.0,0.0,5,0.6608,263,234,29,11.03,11.03
2026-04-19T15:28:03.330,M1,480,1,52.97,18.42,83.9,69.4,0.0,0.0,5,0.6002,265,235,30,11.32,11.32
2026-04-19T15:28:03.365,M1,480,1,53.16,18.22,83.9,69.4,0.0,0.0,6,0.6337,267,236,31,11.61,11.61
2026-04-19T15:28:03.399,M1,480,1,53.33,18.22,83.9,69.4,0.0,0.0,5,0.5048,269,237,32,11.9,11.9
2026-04-19T15:28:03.436,M1,480,1,52.83,20.51,83.9,69.4,0.0,0.0,4,0.4887,271,238,33,12.18,12.18
2026-04-19T15:28:03.472,M1,480,1,52.52,20.04,83.9,69.4,0.0,0.0,4,0.5603,273,239,34,12.45,12.45
2026-04-19T15:28:03.506,M1,480,1,52.81,18.0,83.9,69.4,0.0,0.0,3,0.485,275,240,35,12.73,12.73
2026-04-19T15:28:03.542,M1,480,1,52.65,19.53,83.9,69.4,0.0,0.0,3,0.5056,277,241,36,13.0,13.0
2026-04-19T15:28:03.578,M1,480,1,52.51,19.5,83.9,69.4,0.0,0.0,2,0.644,279,242,37,13.26,13.26
2026-04-19T15:28:03.613,M1,480,1,52.69,18.4,83.9,69.4,0.0,0.0,2,0.6219,281,243,38,13.52,13.52
2026-04-19T15:28:03.646,M1,480,1,53.05,17.68,83.9,69.4,0.0,0.0,2,0.6295,283,244,39,13.78,13.78
2026-04-19T15:28:03.680,M1,480,1,53.49,17.3,83.9,69.4,0.0,0.0,2,0.5036,285,245,40,14.04,14.04
2026-04-19T15:28:03.723,M1,480,1,51.14,27.29,83.3,69.2,0.0,0.0,3,0.3853,287,246,41,14.29,14.29
2026-04-19T15:28:03.759,M1,480,1,51.49,18.24,83.3,69.2,0.0,0.0,2,0.4446,289,247,42,14.53,14.53
2026-04-19T15:28:03.793,M1,480,1,51.69,18.67,83.3,69.2,0.0,0.0,5,0.3722,291,248,43,14.78,14.78
2026-04-19T15:28:03.828,M1,480,1,51.97,18.31,83.3,69.2,0.0,0.0,3,0.4775,293,249,44,15.02,15.02
2026-04-19T15:28:03.862,M1,480,1,52.23,18.25,83.3,69.2,0.0,0.0,3,0.4739,295,250,45,15.25,15.25
2026-04-19T15:28:03.897,M1,480,1,52.52,18.12,83.3,69.2,0.0,0.0,3,0.4266,297,251,46,15.49,15.49
2026-04-19T15:28:03.930,M1,480,1,52.82,17.94,83.3,69.2,0.0,0.0,4,0.4472,299,252,47,15.72,15.72
2026-04-19T15:28:03.965,M1,480,1,53.0,18.29,83.3,69.2,0.0,0.0,4,0.3836,301,253,48,15.95,15.95
2026-04-19T15:28:03.999,M1,480,1,53.32,17.76,83.3,69.2,0.0,0.0,7,0.431,303,254,49,16.17,16.17
2026-04-19T15:28:04.032,M1,480,1,53.78,17.12,83.3,69.2,0.0,0.0,3,0.5428,305,255,50,16.39,16.39
2026-04-19T15:28:04.067,M1,480,1,54.03,17.73,83.3,69.2,0.0,0.0,5,0.4311,307,256,51,16.61,16.61
2026-04-19T15:28:04.102,M1,480,1,53.79,19.36,83.3,69.2,0.0,0.0,6,0.4176,309,257,52,16.83,16.83
2026-04-19T15:28:04.135,M1,480,1,54.29,16.86,83.3,69.2,0.0,0.0,7,0.4242,311,258,53,17.04,17.04
2026-04-19T15:28:04.168,M1,480,1,54.46,17.85,83.3,69.2,0.0,0.0,5,0.5072,313,259,54,17.25,17.25
2026-04-19T15:28:04.202,M1,480,1,54.7,17.55,83.3,69.2,0.0,0.0,8,0.4218,315,260,55,17.46,17.46
2026-04-19T15:28:04.247,M1,480,1,51.87,28.26,83.8,69.4,0.0,0.0,5,0.563,317,261,56,17.67,17.67
2026-04-19T15:28:04.282,M1,480,1,52.3,17.7,83.8,69.4,0.0,0.0,8,0.4082,319,262,57,17.87,17.87
2026-04-19T15:28:04.315,M1,480,1,53.01,16.54,83.8,69.4,0.0,0.0,5,0.4272,321,263,58,18.07,18.07
2026-04-19T15:28:04.351,M1,480,1,52.87,19.36,83.8,69.4,0.0,0.0,6,0.5353,323,264,59,18.27,18.27
2026-04-19T15:28:04.385,M1,480,1,53.06,18.24,83.8,69.4,0.0,0.0,3,0.6487,325,265,60,18.46,18.46
2026-04-19T15:28:04.420,M1,480,1,53.04,18.94,83.8,69.4,0.0,0.0,6,0.5072,327,266,61,18.65,18.65
2026-04-19T15:28:04.454,M1,480,1,53.45,17.4,83.8,69.4,0.0,0.0,4,0.5758,329,267,62,18.84,18.84
2026-04-19T15:28:04.489,M1,480,1,53.41,18.86,83.8,69.4,0.0,0.0,5,0.6218,331,268,63,19.03,19.03
2026-04-19T15:28:04.525,M1,480,1,53.23,19.36,83.8,69.4,0.0,0.0,5,0.6034,333,269,64,19.22,19.22
2026-04-19T15:28:04.557,M1,480,1,53.74,16.98,83.8,69.4,0.0,0.0,4,0.6244,335,270,65,19.4,19.4
2026-04-19T15:28:04.592,M1,480,1,53.95,17.89,83.8,69.4,0.0,0.0,3,0.7772,337,271,66,19.58,19.58
2026-04-19T15:28:04.627,M1,480,1,53.91,18.68,83.8,69.4,0.0,0.0,3,0.7474,339,272,67,19.76,19.76
2026-04-19T15:28:04.661,M1,480,1,53.91,18.56,83.8,69.4,0.0,0.0,4,0.6896,341,273,68,19.94,19.94
2026-04-19T15:28:04.695,M1,480,1,54.09,17.92,83.8,69.4,0.0,0.0,5,0.52,343,274,69,20.12,20.12
2026-04-19T15:28:04.729,M1,480,1,54.28,17.85,83.8,69.4,0.0,0.0,3,0.6404,345,275,70,20.29,20.29
2026-04-19T15:28:04.763,M1,480,1,54.48,17.76,83.7,68.9,0.0,0.0,4,0.5706,347,276,71,20.46,20.46
2026-04-19T15:28:04.798,M1,480,1,54.56,18.07,83.7,68.9,0.0,0.0,3,0.6497,349,277,72,20.63,20.63
2026-04-19T15:28:04.832,M1,480,1,54.6,18.2,83.7,68.9,0.0,0.0,3,0.7032,351,278,73,20.8,20.8
2026-04-19T15:28:04.867,M1,480,1,54.48,18.72,83.7,68.9,0.0,0.0,2,0.6814,353,279,74,20.96,20.96
2026-04-19T15:28:04.902,M1,480,1,54.46,18.41,83.7,68.9,0.0,0.0,3,0.7135,355,280,75,21.13,21.13
2026-04-19T15:28:04.936,M1,480,1,54.38,18.64,83.7,68.9,0.0,0.0,3,0.7465,357,281,76,21.29,21.29
2026-04-19T15:28:04.971,M1,480,1,54.29,18.71,83.7,68.9,0.0,0.0,5,0.6787,359,282,77,21.45,21.45
2026-04-19T15:28:05.005,M1,480,1,54.3,18.38,83.7,68.9,0.0,0.0,3,0.7902,361,283,78,21.61,21.61
2026-04-19T15:28:05.037,M1,480,1,54.96,16.2,83.7,68.9,0.0,0.0,3,0.6537,363,284,79,21.76,21.76
2026-04-19T15:28:05.069,M1,480,1,55.6,16.1,83.7,68.9,0.0,0.0,2,0.7926,365,285,80,21.92,21.92
2026-04-19T15:28:05.102,M1,480,1,56.18,16.12,83.7,68.9,0.0,0.0,2,0.8154,367,286,81,22.07,22.07
2026-04-19T15:28:05.135,M1,480,1,56.32,17.37,83.7,68.9,0.0,0.0,3,0.4826,369,287,82,22.22,22.22
2026-04-19T15:28:05.167,M1,480,1,56.97,15.71,83.7,68.9,0.0,0.0,3,0.5405,371,288,83,22.37,22.37
2026-04-19T15:28:05.199,M1,480,1,57.41,16.23,83.7,68.9,0.0,0.0,1,0.7386,373,289,84,22.52,22.52
2026-04-19T15:28:05.235,M1,480,1,56.62,19.84,83.7,68.9,0.0,0.0,1,0.5119,375,290,85,22.67,22.67
2026-04-19T15:28:05.287,M1,480,1,52.51,31.49,83.9,68.2,0.0,0.0,1,0.2544,377,291,86,22.81,22.81
2026-04-19T15:28:05.321,M1,480,1,52.69,18.4,83.9,68.2,0.0,0.0,1,0.3159,379,292,87,22.96,22.96
2026-04-19T15:28:05.355,M1,480,1,53.01,17.83,83.9,68.2,0.0,0.0,1,0.3291,381,293,88,23.1,23.1
2026-04-19T15:28:05.389,M1,480,1,53.33,17.71,83.9,68.2,0.0,0.0,0,0.0,383,294,89,23.24,23.24
2026-04-19T15:28:05.423,M1,480,1,53.45,18.36,83.9,68.2,0.0,0.0,1,0.6642,385,295,90,23.38,23.38
2026-04-19T15:28:05.457,M1,480,1,53.66,17.96,83.9,68.2,0.0,0.0,1,0.3547,387,296,91,23.51,23.51
2026-04-19T15:28:05.492,M1,480,1,53.55,19.03,83.9,68.2,0.0,0.0,1,0.2672,389,297,92,23.65,23.65
2026-04-19T15:28:05.528,M1,480,1,53.44,19.06,83.9,68.2,0.0,0.0,0,0.0,391,298,93,23.79,23.79
2026-04-19T15:28:05.562,M1,480,1,53.55,18.3,83.9,68.2,0.0,0.0,1,0.2702,393,299,94,23.92,23.92
2026-04-19T15:28:05.597,M1,480,1,53.52,18.8,83.9,68.2,0.0,0.0,1,0.4306,395,300,95,24.05,24.05
2026-04-19T15:28:05.632,M1,480,1,53.6,18.41,83.9,68.2,0.0,0.0,0,0.0,397,301,96,24.18,24.18
2026-04-19T15:28:05.668,M1,480,1,53.48,19.06,83.9,68.2,0.0,0.0,0,0.0,399,302,97,24.31,24.31
2026-04-19T15:28:05.702,M1,480,1,53.62,18.22,83.9,68.2,0.0,0.0,0,0.0,401,303,98,24.44,24.44
2026-04-19T15:28:05.736,M1,480,1,53.84,17.86,83.9,68.2,0.0,0.0,0,0.0,403,304,99,24.57,24.57
2026-04-19T15:28:05.770,M1,480,1,54.0,18.04,83.9,68.2,0.0,0.0,1,0.3438,405,305,100,24.69,24.69
2026-04-19T15:28:05.806,M1,480,1,53.67,19.64,83.7,70.5,0.0,0.0,0,0.0,407,306,101,24.82,24.82
2026-04-19T15:28:05.840,M1,480,1,53.98,17.59,83.7,70.5,0.0,0.0,1,0.5253,409,307,102,24.94,24.94
2026-04-19T15:28:05.873,M1,480,1,54.62,16.33,83.7,70.5,0.0,0.0,1,0.46,411,308,103,25.06,25.06
2026-04-19T15:28:05.905,M1,480,1,55.3,16.07,83.7,70.5,0.0,0.0,1,0.2829,413,309,104,25.18,25.18
2026-04-19T15:28:05.937,M1,480,1,55.84,16.35,83.7,70.5,0.0,0.0,1,0.3478,415,310,105,25.3,25.3
2026-04-19T15:28:05.970,M1,480,1,55.91,17.69,83.7,70.5,0.0,0.0,1,0.4047,417,311,106,25.42,25.42
2026-04-19T15:28:06.003,M1,480,1,56.04,17.46,83.7,70.5,0.0,0.0,2,0.4681,419,312,107,25.54,25.54
2026-04-19T15:28:06.037,M1,480,1,56.07,17.75,83.7,70.5,0.0,0.0,2,0.3706,421,313,108,25.65,25.65
2026-04-19T15:28:06.071,M1,480,1,56.01,18.01,83.7,70.5,0.0,0.0,3,0.4167,423,314,109,25.77,25.77
2026-04-19T15:28:06.103,M1,480,1,56.02,17.83,83.7,70.5,0.0,0.0,2,0.409,425,315,110,25.88,25.88
2026-04-19T15:28:06.138,M1,480,1,55.9,18.23,83.7,70.5,0.0,0.0,4,0.423,427,316,111,26.0,26.0
2026-04-19T15:28:06.172,M1,480,1,55.85,18.06,83.7,70.5,0.0,0.0,4,0.4616,429,317,112,26.11,26.11
2026-04-19T15:28:06.208,M1,480,1,55.14,20.2,83.7,70.5,0.0,0.0,3,0.5173,431,318,113,26.22,26.22
2026-04-19T15:28:06.246,M1,480,1,54.05,21.79,83.7,70.5,0.0,0.0,3,0.4386,433,319,114,26.33,26.33
2026-04-19T15:28:06.284,M1,480,1,53.32,21.02,83.7,70.5,0.0,0.0,3,0.5799,435,320,115,26.44,26.44
2026-04-19T15:28:06.327,M1,480,1,51.88,23.98,83.8,71.0,0.0,0.0,4,0.4189,437,321,116,26.54,26.54
2026-04-19T15:28:06.367,M1,480,1,50.86,23.12,83.8,71.0,0.0,0.0,3,0.4684,439,322,117,26.65,26.65
2026-04-19T15:28:06.409,M1,480,1,50.82,19.82,83.8,71.0,0.0,0.0,3,0.4925,441,323,118,26.76,26.76
2026-04-19T15:28:06.444,M1,480,1,50.98,19.06,83.8,71.0,0.0,0.0,4,0.5454,443,324,119,26.86,26.86
2026-04-19T15:28:06.480,M1,480,1,50.99,19.56,83.8,71.0,0.0,0.0,5,0.4693,445,325,120,26.97,26.97
2026-04-19T15:28:06.516,M1,480,1,51.17,18.92,83.8,71.0,0.0,0.0,3,0.4927,447,326,121,27.07,27.07
2026-04-19T15:28:06.551,M1,480,1,51.32,19.0,83.8,71.0,0.0,0.0,5,0.549,449,327,122,27.17,27.17
2026-04-19T15:28:06.586,M1,480,1,51.48,18.85,83.8,71.0,0.0,0.0,4,0.5729,451,328,123,27.27,27.27
2026-04-19T15:28:06.623,M1,480,1,51.19,20.53,83.8,71.0,0.0,0.0,4,0.6427,453,329,124,27.37,27.37
2026-04-19T15:28:06.659,M1,480,1,51.21,19.47,83.8,71.0,0.0,0.0,5,0.581,455,330,125,27.47,27.47
2026-04-19T15:28:06.692,M1,480,1,51.8,17.3,83.8,71.0,0.0,0.0,4,0.6477,457,331,126,27.57,27.57
2026-04-19T15:28:06.727,M1,480,1,52.06,18.35,83.8,71.0,0.0,0.0,5,0.5193,459,332,127,27.67,27.67
2026-04-19T15:28:06.760,M1,480,1,52.66,17.02,83.8,71.0,0.0,0.0,5,0.5508,461,333,128,27.77,27.77
2026-04-19T15:28:06.795,M1,480,1,52.8,18.48,83.8,71.0,0.0,0.0,6,0.511,463,334,129,27.86,27.86
2026-04-19T15:28:06.832,M1,480,1,52.51,20.0,83.7,73.1,0.0,0.0,5,0.5366,465,335,130,27.96,27.96
2026-04-19T15:28:06.866,M1,480,1,53.06,17.06,83.7,73.1,0.0,0.0,6,0.4361,467,336,131,28.05,28.05
2026-04-19T15:28:06.901,M1,480,1,53.16,18.48,83.7,73.1,0.0,0.0,6,0.4532,469,337,132,28.14,28.14
2026-04-19T15:28:06.935,M1,480,1,53.43,17.89,83.7,73.1,0.0,0.0,5,0.4426,471,338,133,28.24,28.24
2026-04-19T15:28:06.967,M1,480,1,54.03,16.64,83.7,73.1,0.0,0.0,5,0.6673,473,339,134,28.33,28.33
2026-04-19T15:28:07.002,M1,480,1,54.12,18.18,83.7,73.1,0.0,0.0,4,0.6267,475,340,135,28.42,28.42
2026-04-19T15:28:07.035,M1,480,1,54.58,16.92,83.7,73.1,0.0,0.0,4,0.6788,477,341,136,28.51,28.51
2026-04-19T15:28:07.071,M1,480,1,54.05,20.13,83.7,73.1,0.0,0.0,5,0.6369,479,342,137,28.6,28.6
2026-04-19T15:28:07.105,M1,480,1,54.38,17.37,83.7,73.1,0.0,0.0,5,0.5772,481,343,138,28.69,28.69
2026-04-19T15:28:07.139,M1,480,1,54.47,18.11,83.7,73.1,0.0,0.0,4,0.5787,483,344,139,28.78,28.78
2026-04-19T15:28:07.170,M1,480,1,55.32,15.53,83.7,73.1,0.0,0.0,4,0.6711,485,345,140,28.87,28.87
2026-04-19T15:28:07.204,M1,480,1,55.48,17.56,83.7,73.1,0.0,0.0,3,0.6938,487,346,141,28.95,28.95
2026-04-19T15:28:07.238,M1,480,1,55.67,17.41,83.7,73.1,0.0,0.0,4,0.5503,489,347,142,29.04,29.04
2026-04-19T15:28:07.274,M1,480,1,55.02,20.06,83.7,73.1,0.0,0.0,5,0.5503,491,348,143,29.12,29.12
2026-04-19T15:28:07.307,M1,480,1,55.29,17.31,83.7,73.1,0.0,0.0,4,0.5218,493,349,144,29.21,29.21
2026-04-19T15:28:07.347,M1,480,1,54.36,21.17,83.8,68.3,0.0,0.0,2,0.681,495,350,145,29.29,29.29
2026-04-19T15:28:07.380,M1,480,1,54.8,16.93,83.8,68.3,0.0,0.0,2,0.698,497,351,146,29.38,29.38
2026-04-19T15:28:07.415,M1,480,1,54.53,19.13,83.8,68.3,0.0,0.0,2,0.6619,499,352,147,29.46,29.46
2026-04-19T15:28:07.448,M1,480,1,55.04,16.66,83.8,68.3,0.0,0.0,2,0.5424,501,353,148,29.54,29.54
2026-04-19T15:28:07.481,M1,480,1,55.21,17.59,83.8,68.3,0.0,0.0,2,0.5298,503,354,149,29.62,29.62
2026-04-19T15:28:07.517,M1,480,1,55.02,18.75,83.8,68.3,0.0,0.0,1,0.7184,505,355,150,29.7,29.7
2026-04-19T15:28:07.551,M1,480,1,55.07,18.01,83.8,68.3,0.0,0.0,2,0.5299,507,356,151,29.78,29.78
2026-04-19T15:28:07.584,M1,480,1,55.48,16.81,83.8,68.3,0.0,0.0,1,0.7476,509,357,152,29.86,29.86
2026-04-19T15:28:07.620,M1,480,1,55.02,19.55,83.8,68.3,0.0,0.0,2,0.4767,511,358,153,29.94,29.94
2026-04-19T15:28:07.653,M1,480,1,55.18,17.62,83.8,68.3,0.0,0.0,1,0.8266,513,359,154,30.02,30.02
2026-04-19T15:28:07.689,M1,480,1,54.73,19.63,83.8,68.3,0.0,0.0,1,0.7671,515,360,155,30.1,30.1
2026-04-19T15:28:07.722,M1,480,1,54.78,18.1,83.8,68.3,0.0,0.0,3,0.5156,517,361,156,30.17,30.17
2026-04-19T15:28:07.758,M1,480,1,54.22,20.14,83.8,68.3,0.0,0.0,5,0.4228,519,362,157,30.25,30.25
2026-04-19T15:28:07.792,M1,480,1,54.7,16.81,83.8,68.3,0.0,0.0,4,0.4282,521,363,158,30.33,30.33
2026-04-19T15:28:07.825,M1,480,1,54.94,17.5,83.8,68.3,0.0,0.0,3,0.3953,523,364,159,30.4,30.4
2026-04-19T15:28:07.861,M1,480,1,54.72,18.93,83.7,69.8,0.0,0.0,2,0.5272,525,365,160,30.48,30.48
2026-04-19T15:28:07.894,M1,480,1,55.09,17.04,83.7,69.8,0.0,0.0,3,0.3953,527,366,161,30.55,30.55
2026-04-19T15:28:07.930,M1,480,1,54.69,19.49,83.7,69.8,0.0,0.0,3,0.4964,529,367,162,30.62,30.62
2026-04-19T15:28:07.963,M1,480,1,54.97,17.35,83.7,69.8,0.0,0.0,4,0.4547,531,368,163,30.7,30.7
2026-04-19T15:28:07.997,M1,480,1,55.23,17.35,83.7,69.8,0.0,0.0,4,0.5388,533,369,164,30.77,30.77
2026-04-19T15:28:08.030,M1,480,1,55.33,17.76,83.7,69.8,0.0,0.0,3,0.6309,535,370,165,30.84,30.84
2026-04-19T15:28:08.064,M1,480,1,55.19,18.53,83.7,69.8,0.0,0.0,3,0.5501,537,371,166,30.91,30.91
2026-04-19T15:28:08.098,M1,480,1,54.8,19.42,83.7,69.8,0.0,0.0,3,0.5481,539,372,167,30.98,30.98
2026-04-19T15:28:08.134,M1,480,1,54.52,19.18,83.7,69.8,0.0,0.0,2,0.6448,541,373,168,31.05,31.05
2026-04-19T15:28:08.169,M1,480,1,54.28,19.17,83.7,69.8,0.0,0.0,2,0.6861,543,374,169,31.12,31.12
2026-04-19T15:28:08.207,M1,480,1,53.17,22.24,83.7,69.8,0.0,0.0,2,0.4923,545,375,170,31.19,31.19
2026-04-19T15:28:08.242,M1,480,1,53.51,17.61,83.7,69.8,0.0,0.0,1,0.8077,547,376,171,31.26,31.26
2026-04-19T15:28:08.275,M1,480,1,53.65,18.21,83.7,69.8,0.0,0.0,1,0.8003,549,377,172,31.33,31.33
2026-04-19T15:28:08.309,M1,480,1,54.1,17.08,83.7,69.8,0.0,0.0,2,0.5692,551,378,173,31.4,31.4
2026-04-19T15:28:08.353,M1,480,1,51.44,28.07,83.9,66.5,0.0,0.0,1,0.7151,553,379,174,31.46,31.46
2026-04-19T15:28:08.390,M1,480,1,51.52,19.11,83.9,66.5,0.0,0.0,1,0.75,555,380,175,31.53,31.53
2026-04-19T15:28:08.424,M1,480,1,52.04,17.48,83.9,66.5,0.0,0.0,1,0.7501,557,381,176,31.6,31.6
2026-04-19T15:28:08.465,M1,480,1,51.88,19.8,83.9,66.5,0.0,0.0,1,0.6226,559,382,177,31.66,31.66
2026-04-19T15:28:08.499,M1,480,1,52.24,17.96,83.9,66.5,0.0,0.0,1,0.5656,561,383,178,31.73,31.73
2026-04-19T15:28:08.532,M1,480,1,52.88,16.8,83.9,66.5,0.0,0.0,0,0.0,563,384,179,31.79,31.79
2026-04-19T15:28:08.566,M1,480,1,53.31,17.41,83.9,66.5,0.0,0.0,0,0.0,565,385,180,31.86,31.86
2026-04-19T15:28:08.599,M1,480,1,53.64,17.59,83.9,66.5,0.0,0.0,0,0.0,567,386,181,31.92,31.92
2026-04-19T15:28:08.631,M1,480,1,54.22,16.66,83.9,66.5,0.0,0.0,2,0.3282,569,387,182,31.99,31.99
2026-04-19T15:28:08.664,M1,480,1,54.69,16.85,83.9,66.5,0.0,0.0,0,0.0,571,388,183,32.05,32.05
2026-04-19T15:28:08.697,M1,480,1,54.96,17.4,83.9,66.5,0.0,0.0,2,0.3977,573,389,184,32.11,32.11
2026-04-19T15:28:08.730,M1,480,1,55.48,16.48,83.9,66.5,0.0,0.0,2,0.3578,575,390,185,32.17,32.17
2026-04-19T15:28:08.762,M1,480,1,55.86,16.78,83.9,66.5,0.0,0.0,1,0.4125,577,391,186,32.24,32.24
2026-04-19T15:28:08.795,M1,480,1,56.01,17.44,83.9,66.5,0.0,0.0,4,0.3864,579,392,187,32.3,32.3
2026-04-19T15:28:08.828,M1,480,1,56.31,16.91,83.9,66.5,0.0,0.0,3,0.4168,581,393,188,32.36,32.36
2026-04-19T15:28:08.874,M1,480,1,52.59,30.3,83.9,62.2,0.0,0.0,4,0.4505,583,394,189,32.42,32.42
2026-04-19T15:28:08.908,M1,480,1,53.08,17.27,83.9,62.2,0.0,0.0,4,0.4499,585,395,190,32.48,32.48
2026-04-19T15:28:08.941,M1,480,1,53.68,16.73,83.9,62.2,0.0,0.0,4,0.4288,587,396,191,32.54,32.54
2026-04-19T15:28:08.974,M1,480,1,54.35,16.36,83.9,62.2,0.0,0.0,3,0.5316,589,397,192,32.6,32.6
2026-04-19T15:28:09.009,M1,480,1,54.22,18.84,83.9,62.2,0.0,0.0,4,0.4778,591,398,193,32.66,32.66
2026-04-19T15:28:09.043,M1,480,1,54.48,17.56,83.9,62.2,0.0,0.0,3,0.4327,593,399,194,32.72,32.72
2026-04-19T15:28:09.076,M1,480,1,54.82,17.21,83.9,62.2,0.0,0.0,5,0.5273,595,400,195,32.77,32.77
2026-04-19T15:28:09.113,M1,480,1,54.14,20.54,83.9,62.2,0.0,0.0,6,0.5022,597,401,196,32.83,32.83
2026-04-19T15:28:09.146,M1,480,1,54.47,17.35,83.9,62.2,0.0,0.0,6,0.5041,599,402,197,32.89,32.89
2026-04-19T15:28:09.183,M1,480,1,53.62,21.26,83.9,62.2,0.0,0.0,5,0.5548,601,403,198,32.95,32.95
2026-04-19T15:28:09.217,M1,480,1,53.85,17.88,83.9,62.2,0.0,0.0,7,0.4812,603,404,199,33.0,33.0
2026-04-19T15:28:09.253,M1,480,1,53.33,20.37,83.9,62.2,0.0,0.0,6,0.4834,605,405,200,33.06,33.06
2026-04-19T15:28:09.286,M1,480,1,53.9,16.76,83.9,62.2,0.0,0.0,5,0.5014,607,406,201,33.11,33.11
2026-04-19T15:28:09.323,M1,480,1,53.2,20.98,83.9,62.2,0.0,0.0,5,0.4781,609,407,202,33.17,33.17
2026-04-19T15:28:09.358,M1,480,1,53.32,18.4,83.9,62.2,0.0,0.0,7,0.4715,611,408,203,33.22,33.22
2026-04-19T15:28:09.404,M1,480,1,52.04,23.38,83.9,64.5,0.0,0.0,8,0.486,613,409,204,33.28,33.28
2026-04-19T15:28:09.439,M1,480,1,52.42,17.8,83.9,64.5,0.0,0.0,6,0.557,615,410,205,33.33,33.33
2026-04-19T15:28:09.472,M1,480,1,52.87,17.46,83.9,64.5,0.0,0.0,6,0.5155,617,411,206,33.39,33.39
2026-04-19T15:28:09.506,M1,480,1,53.07,18.18,83.9,64.5,0.0,0.0,5,0.5846,619,412,207,33.44,33.44
2026-04-19T15:28:09.540,M1,480,1,53.29,18.08,83.9,64.5,0.0,0.0,6,0.6051,621,413,208,33.49,33.49
2026-04-19T15:28:09.574,M1,480,1,53.35,18.56,83.9,64.5,0.0,0.0,5,0.4999,623,414,209,33.55,33.55
2026-04-19T15:28:09.608,M1,480,1,53.67,17.61,83.9,64.5,0.0,0.0,5,0.6073,625,415,210,33.6,33.6
2026-04-19T15:28:09.642,M1,480,1,53.99,17.53,83.9,64.5,0.0,0.0,5,0.5184,627,416,211,33.65,33.65
2026-04-19T15:28:09.677,M1,480,1,53.92,18.77,83.9,64.5,0.0,0.0,4,0.5437,629,417,212,33.7,33.7
2026-04-19T15:28:09.711,M1,480,1,54.02,18.2,83.9,64.5,0.0,0.0,4,0.504,631,418,213,33.76,33.76
2026-04-19T15:28:09.745,M1,480,1,54.17,17.98,83.9,64.5,0.0,0.0,3,0.5727,633,419,214,33.81,33.81
2026-04-19T15:28:09.779,M1,480,1,54.32,17.97,83.9,64.5,0.0,0.0,4,0.4232,635,420,215,33.86,33.86
2026-04-19T15:28:09.813,M1,480,1,54.48,17.86,83.9,64.5,0.0,0.0,3,0.5698,637,421,216,33.91,33.91
2026-04-19T15:28:09.847,M1,480,1,54.57,18.04,83.9,64.5,0.0,0.0,3,0.5654,639,422,217,33.96,33.96
2026-04-19T15:28:09.881,M1,480,1,54.5,18.58,83.9,64.5,0.0,0.0,3,0.5352,641,423,218,34.01,34.01
2026-04-19T15:28:09.918,M1,480,1,54.05,19.88,83.9,66.5,0.0,0.0,3,0.4894,643,424,219,34.06,34.06
2026-04-19T15:28:09.953,M1,480,1,54.19,18.01,83.9,66.5,0.0,0.0,4,0.4936,645,425,220,34.11,34.11
2026-04-19T15:28:09.987,M1,480,1,54.51,17.37,83.9,66.5,0.0,0.0,3,0.5409,647,426,221,34.16,34.16
2026-04-19T15:28:10.022,M1,480,1,54.35,18.89,83.9,66.5,0.0,0.0,2,0.593,649,427,222,34.21,34.21
2026-04-19T15:28:10.055,M1,480,1,54.5,17.88,83.9,66.5,0.0,0.0,7,0.4298,651,428,223,34.25,34.25
2026-04-19T15:28:10.089,M1,480,1,54.86,17.16,83.9,66.5,0.0,0.0,5,0.5114,653,429,224,34.3,34.3
2026-04-19T15:28:10.123,M1,480,1,54.95,17.92,83.9,66.5,0.0,0.0,5,0.4644,655,430,225,34.35,34.35
2026-04-19T15:28:10.156,M1,480,1,55.24,17.25,83.9,66.5,0.0,0.0,5,0.4136,657,431,226,34.4,34.4
2026-04-19T15:28:10.191,M1,480,1,55.17,18.32,83.9,66.5,0.0,0.0,3,0.417,659,432,227,34.45,34.45
2026-04-19T15:28:10.227,M1,480,1,54.52,20.3,83.9,66.5,0.0,0.0,5,0.4357,661,433,228,34.49,34.49
2026-04-19T15:28:10.261,M1,480,1,54.64,17.93,83.9,66.5,0.0,0.0,3,0.461,663,434,229,34.54,34.54
2026-04-19T15:28:10.296,M1,480,1,54.47,18.88,83.9,66.5,0.0,0.0,3,0.5068,665,435,230,34.59,34.59
2026-04-19T15:28:10.329,M1,480,1,54.79,17.29,83.9,66.5,0.0,0.0,4,0.4948,667,436,231,34.63,34.63
2026-04-19T15:28:10.363,M1,480,1,54.87,18.0,83.9,66.5,0.0,0.0,3,0.6345,669,437,232,34.68,34.68
2026-04-19T15:28:10.397,M1,480,1,54.96,17.9,83.9,66.5,0.0,0.0,4,0.6126,671,438,233,34.72,34.72
2026-04-19T15:28:10.433,M1,480,1,54.78,18.81,84.0,69.4,0.0,0.0,3,0.7056,673,439,234,34.77,34.77
2026-04-19T15:28:10.470,M1,480,1,54.31,19.82,84.0,69.4,0.0,0.0,4,0.6498,675,440,235,34.81,34.81
2026-04-19T15:28:10.502,M1,480,1,54.8,16.78,84.0,69.4,0.0,0.0,3,0.6402,677,441,236,34.86,34.86
2026-04-19T15:28:10.536,M1,480,1,55.26,16.71,84.0,69.4,0.0,0.0,3,0.6783,679,442,237,34.9,34.9
2026-04-19T15:28:10.568,M1,480,1,55.86,16.17,84.0,69.4,0.0,0.0,2,0.6173,681,443,238,34.95,34.95
2026-04-19T15:28:10.599,M1,480,1,56.51,15.84,84.0,69.4,0.0,0.0,3,0.5646,683,444,239,34.99,34.99
2026-04-19T15:28:10.632,M1,480,1,56.7,17.1,84.0,69.4,0.0,0.0,2,0.4403,685,445,240,35.04,35.04
2026-04-19T15:28:10.665,M1,480,1,56.84,17.2,84.0,69.4,0.0,0.0,3,0.5039,687,446,241,35.08,35.08
2026-04-19T15:28:10.698,M1,480,1,56.99,17.12,84.0,69.4,0.0,0.0,2,0.3002,689,447,242,35.12,35.12
2026-04-19T15:28:10.730,M1,480,1,57.16,17.04,84.0,69.4,0.0,0.0,1,0.253,691,448,243,35.17,35.17
