timestamp,mode,mode_imgsz,mode_skip,controller_reason,switch_count,state_gpu_percent,state_vram_percent,state_cpu_percent,state_ram_percent,state_temperature,state_fps,fps,latency_ms,num_detections,confidence_score_avg,accuracy,gpu_usage_percent,vram_usage_percent,cpu_usage_percent,ram_usage_percent,temperature,source_frames_seen,processed_frames,intentional_skips_total,intentional_drop_rate_percent,frame_drop_rate_percent
2026-05-02T18:30:42.116,M0,640,0,M0 <- CPU 0% <= 50.0% (low),0,0.0,0.0,0.0,81.8,0.0,104.77613306127857,104.78,86.44,9,0.5472,86.17,0.0,0.0,0.0,81.8,0.0,1,1,0,0.0,0.0
2026-05-02T18:30:42.143,M0,640,0,M0 <- CPU 0% <= 50.0% (low),0,0.0,0.0,0.0,81.8,0.0,89.10329144032742,89.1,26.33,8,0.5276,89.69,0.0,0.0,0.0,81.8,0.0,2,2,0,0.0,0.0
2026-05-02T18:30:42.172,M0,640,0,M0 <- CPU 0% <= 50.0% (low),0,0.0,0.0,0.0,81.8,0.0,77.53884289644753,77.54,27.96,10,0.5189,86.82,0.0,0.0,0.0,81.8,0.0,3,3,0,0.0,0.0
2026-05-02T18:30:42.203,M0,640,0,M0 <- CPU 0% <= 50.0% (low),0,0.0,0.0,0.0,81.8,0.0,68.51501927604444,68.52,29.88,10,0.4998,85.54,0.0,0.0,0.0,81.8,0.0,4,4,0,0.0,0.0
2026-05-02T18:30:42.234,M0,640,0,M0 <- CPU 0% <= 50.0% (low),0,0.0,0.0,0.0,81.8,0.0,61.937650736698416,61.94,30.09,8,0.5675,81.85,0.0,0.0,0.0,81.8,0.0,5,5,0,0.0,0.0
2026-05-02T18:30:42.260,M0,640,0,M0 <- CPU 0% <= 50.0% (low),0,0.0,0.0,0.0,81.8,0.0,58.33361273121314,58.33,26.12,9,0.5197,81.42,0.0,0.0,0.0,81.8,0.0,6,6,0,0.0,0.0
2026-05-02T18:30:42.286,M0,640,0,M0 <- CPU 0% <= 50.0% (low),0,0.0,0.0,0.0,81.8,0.0,55.71543553810388,55.72,25.2,9,0.5491,84.33,0.0,0.0,0.0,81.8,0.0,7,7,0,0.0,0.0
2026-05-02T18:30:42.312,M0,640,0,M0 <- CPU 0% <= 50.0% (low),0,0.0,0.0,0.0,81.8,0.0,53.45797286421706,53.46,25.53,9,0.506,85.39,0.0,0.0,0.0,81.8,0.0,8,8,0,0.0,0.0
2026-05-02T18:30:42.340,M0,640,0,M0 <- CPU 0% <= 50.0% (low),0,0.0,0.0,0.0,81.8,0.0,51.01923389564426,51.02,27.65,7,0.5467,83.36,0.0,0.0,0.0,81.8,0.0,9,9,0,0.0,0.0
2026-05-02T18:30:42.368,M0,640,0,M0 <- CPU 0% <= 50.0% (low),0,0.0,0.0,0.0,81.8,0.0,49.22038549552479,49.22,26.76,10,0.4941,87.11,0.0,0.0,0.0,81.8,0.0,10,10,0,0.0,0.0
2026-05-02T18:30:42.394,M0,640,0,M0 <- CPU 0% <= 50.0% (low),0,0.0,0.0,0.0,81.8,0.0,48.027677171805,48.03,25.36,9,0.4848,86.81,0.0,0.0,0.0,81.8,0.0,11,11,0,0.0,0.0
2026-05-02T18:30:42.420,M0,640,0,M0 <- CPU 0% <= 50.0% (low),0,0.0,0.0,0.0,81.8,0.0,46.85945247231113,46.86,26.01,7,0.5921,86.43,0.0,0.0,0.0,81.8,0.0,12,12,0,0.0,0.0
2026-05-02T18:30:42.446,M0,640,0,M0 <- CPU 0% <= 50.0% (low),0,0.0,0.0,0.0,81.8,0.0,45.97758482887752,45.98,25.43,9,0.5332,86.63,0.0,0.0,0.0,81.8,0.0,13,13,0,0.0,0.0
2026-05-02T18:30:42.473,M0,640,0,M0 <- CPU 0% <= 50.0% (low),0,0.0,0.0,0.0,81.8,0.0,45.12284618766293,45.12,25.87,9,0.5112,87.19,0.0,0.0,0.0,81.8,0.0,14,14,0,0.0,0.0
2026-05-02T18:30:42.500,M0,640,0,M0 <- CPU 0% <= 50.0% (low),0,0.0,0.0,0.0,81.8,0.0,44.211294643209705,44.21,26.73,11,0.4947,88.43,0.0,0.0,0.0,81.8,0.0,15,15,0,0.0,0.0
2026-05-02T18:30:42.542,M0,640,0,M0 <- CPU 0% <= 50.0% (low),0,0.0,0.0,0.0,81.8,0.0,40.74618923180551,40.75,41.85,11,0.4951,89.83,0.0,0.0,0.0,81.8,0.0,16,16,0,0.0,0.0
2026-05-02T18:30:42.571,M0,640,0,M0 <- CPU 49% <= 50.0% (low),0,0.0,0.0,48.8,82.1,0.0,40.26048364760367,40.26,27.5,9,0.54,90.49,0.0,0.0,48.8,82.1,0.0,17,17,0,0.0,0.0
2026-05-02T18:30:42.601,M0,640,0,M0 <- CPU 49% <= 50.0% (low),0,0.0,0.0,48.8,82.1,0.0,39.60116191214594,39.6,28.97,10,0.5493,90.06,0.0,0.0,48.8,82.1,0.0,18,18,0,0.0,0.0
2026-05-02T18:30:42.630,M0,640,0,M0 <- CPU 49% <= 50.0% (low),0,0.0,0.0,48.8,82.1,0.0,39.08291028170187,39.08,28.6,12,0.5098,89.99,0.0,0.0,48.8,82.1,0.0,19,19,0,0.0,0.0
2026-05-02T18:30:42.658,M0,640,0,M0 <- CPU 49% <= 50.0% (low),0,0.0,0.0,48.8,82.1,0.0,38.79705672479557,38.8,27.47,11,0.5122,89.93,0.0,0.0,48.8,82.1,0.0,20,20,0,0.0,0.0
2026-05-02T18:30:42.685,M0,640,0,M0 <- CPU 49% <= 50.0% (low),0,0.0,0.0,48.8,82.1,0.0,38.642298647601535,38.64,26.81,8,0.6113,89.14,0.0,0.0,48.8,82.1,0.0,21,21,0,0.0,0.0
2026-05-02T18:30:42.713,M0,640,0,M0 <- CPU 49% <= 50.0% (low),0,0.0,0.0,48.8,82.1,0.0,38.461602610737344,38.46,27.09,8,0.578,91.2,0.0,0.0,48.8,82.1,0.0,22,22,0,0.0,0.0
2026-05-02T18:30:42.741,M0,640,0,M0 <- CPU 49% <= 50.0% (low),0,0.0,0.0,48.8,82.1,0.0,38.32112811834377,38.32,26.95,9,0.5707,90.95,0.0,0.0,48.8,82.1,0.0,23,23,0,0.0,0.0
2026-05-02T18:30:42.768,M0,640,0,M0 <- CPU 49% <= 50.0% (low),0,0.0,0.0,48.8,82.1,0.0,38.2338370558711,38.23,26.69,11,0.5443,91.99,0.0,0.0,48.8,82.1,0.0,24,24,0,0.0,0.0
2026-05-02T18:30:42.794,M0,640,0,M0 <- CPU 49% <= 50.0% (low),0,0.0,0.0,48.8,82.1,0.0,38.357352413103,38.36,25.31,11,0.5282,90.02,0.0,0.0,48.8,82.1,0.0,25,25,0,0.0,0.0
2026-05-02T18:30:42.820,M0,640,0,M0 <- CPU 49% <= 50.0% (low),0,0.0,0.0,48.8,82.1,0.0,38.44442853047972,38.44,25.48,10,0.5412,90.5,0.0,0.0,48.8,82.1,0.0,26,26,0,0.0,0.0
2026-05-02T18:30:42.847,M0,640,0,M0 <- CPU 49% <= 50.0% (low),0,0.0,0.0,48.8,82.1,0.0,38.33415463619211,38.33,26.76,10,0.56,90.51,0.0,0.0,48.8,82.1,0.0,27,27,0,0.0,0.0
2026-05-02T18:30:42.875,M0,640,0,M0 <- CPU 49% <= 50.0% (low),0,0.0,0.0,48.8,82.1,0.0,38.21847812364927,38.22,26.88,12,0.5704,88.71,0.0,0.0,48.8,82.1,0.0,28,28,0,0.0,0.0
2026-05-02T18:30:42.900,M0,640,0,M0 <- CPU 49% <= 50.0% (low),0,0.0,0.0,48.8,82.1,0.0,38.36356753394147,38.36,25.18,12,0.6173,88.97,0.0,0.0,48.8,82.1,0.0,29,29,0,0.0,0.0
2026-05-02T18:30:42.927,M0,640,0,M0 <- CPU 49% <= 50.0% (low),0,0.0,0.0,48.8,82.1,0.0,38.41869995144538,38.42,25.69,10,0.6345,86.8,0.0,0.0,48.8,82.1,0.0,30,30,0,0.0,0.0
2026-05-02T18:30:42.953,M0,640,0,M0 <- CPU 49% <= 50.0% (low),0,0.0,0.0,48.8,82.1,0.0,38.38323972938402,38.38,26.27,11,0.5952,86.88,0.0,0.0,48.8,82.1,0.0,31,31,0,0.0,0.0
2026-05-02T18:30:42.980,M0,640,0,M0 <- CPU 49% <= 50.0% (low),0,0.0,0.0,48.8,82.1,0.0,38.3357235405918,38.34,26.38,10,0.5823,86.84,0.0,0.0,48.8,82.1,0.0,32,32,0,0.0,0.0
2026-05-02T18:30:43.080,M0,640,0,M0 <- CPU 49% <= 50.0% (low),0,0.0,0.0,48.8,82.1,0.0,29.96043247361766,29.96,99.01,9,0.6152,85.34,0.0,0.0,48.8,82.1,0.0,33,33,0,0.0,0.0
2026-05-02T18:30:43.116,M0,640,0,M0 <- CPU 46% <= 50.0% (low),0,0.0,0.0,46.2,82.0,0.0,29.81994442367752,29.82,34.95,11,0.5948,87.42,0.0,0.0,46.2,82.0,0.0,34,34,0,0.0,0.0
2026-05-02T18:30:43.157,M0,640,0,M0 <- CPU 46% <= 50.0% (low),0,0.0,0.0,46.2,82.0,0.0,29.277649927341688,29.28,39.75,8,0.6067,81.05,0.0,0.0,46.2,82.0,0.0,35,35,0,0.0,0.0
2026-05-02T18:30:43.189,M0,640,0,M0 <- CPU 46% <= 50.0% (low),0,0.0,0.0,46.2,82.0,0.0,29.530838622648613,29.53,31.23,8,0.5609,82.13,0.0,0.0,46.2,82.0,0.0,36,36,0,0.0,0.0
2026-05-02T18:30:43.220,M0,640,0,M0 <- CPU 46% <= 50.0% (low),0,0.0,0.0,46.2,82.0,0.0,29.766254510519527,29.77,31.18,10,0.545,85.99,0.0,0.0,46.2,82.0,0.0,37,37,0,0.0,0.0
2026-05-02T18:30:43.252,M0,640,0,M0 <- CPU 46% <= 50.0% (low),0,0.0,0.0,46.2,82.0,0.0,30.036770881851975,30.04,30.57,8,0.6003,87.64,0.0,0.0,46.2,82.0,0.0,38,38,0,0.0,0.0
2026-05-02T18:30:43.282,M0,640,0,M0 <- CPU 46% <= 50.0% (low),0,0.0,0.0,46.2,82.0,0.0,30.35692614674682,30.36,29.78,9,0.6021,85.2,0.0,0.0,46.2,82.0,0.0,39,39,0,0.0,0.0
2026-05-02T18:30:43.310,M0,640,0,M0 <- CPU 46% <= 50.0% (low),0,0.0,0.0,46.2,82.0,0.0,30.859788709005915,30.86,27.57,9,0.6016,84.2,0.0,0.0,46.2,82.0,0.0,40,40,0,0.0,0.0
2026-05-02T18:30:43.339,M0,640,0,M0 <- CPU 46% <= 50.0% (low),0,0.0,0.0,46.2,82.0,0.0,31.30979095362755,31.31,27.75,9,0.5918,86.33,0.0,0.0,46.2,82.0,0.0,41,41,0,0.0,0.0
2026-05-02T18:30:43.367,M0,640,0,M0 <- CPU 46% <= 50.0% (low),0,0.0,0.0,46.2,82.0,0.0,31.707657741495325,31.71,27.93,10,0.5708,89.29,0.0,0.0,46.2,82.0,0.0,42,42,0,0.0,0.0
2026-05-02T18:30:43.394,M0,640,0,M0 <- CPU 46% <= 50.0% (low),0,0.0,0.0,46.2,82.0,0.0,32.256328169333294,32.26,26.17,8,0.6148,90.85,0.0,0.0,46.2,82.0,0.0,43,43,0,0.0,0.0
2026-05-02T18:30:43.423,M0,640,0,M0 <- CPU 46% <= 50.0% (low),0,0.0,0.0,46.2,82.0,0.0,32.57572846988492,32.58,27.96,9,0.591,90.51,0.0,0.0,46.2,82.0,0.0,44,44,0,0.0,0.0
2026-05-02T18:30:43.451,M0,640,0,M0 <- CPU 46% <= 50.0% (low),0,0.0,0.0,46.2,82.0,0.0,32.935452044506754,32.94,27.34,8,0.6531,88.48,0.0,0.0,46.2,82.0,0.0,45,45,0,0.0,0.0
2026-05-02T18:30:43.482,M0,640,0,M0 <- CPU 46% <= 50.0% (low),0,0.0,0.0,46.2,82.0,0.0,32.90604133186695,32.91,30.63,8,0.6506,91.13,0.0,0.0,46.2,82.0,0.0,46,46,0,0.0,0.0
2026-05-02T18:30:43.511,M0,640,0,M0 <- CPU 46% <= 50.0% (low),0,0.0,0.0,46.2,82.0,0.0,33.136611440445726,33.14,28.28,8,0.6583,91.5,0.0,0.0,46.2,82.0,0.0,47,47,0,0.0,0.0
2026-05-02T18:30:43.541,M0,640,0,M0 <- CPU 46% <= 50.0% (low),0,0.0,0.0,46.2,82.0,0.0,33.180804138982026,33.18,29.78,9,0.6672,91.74,0.0,0.0,46.2,82.0,0.0,48,48,0,0.0,0.0
2026-05-02T18:30:43.584,M0,640,0,M0 <- CPU 46% <= 50.0% (low),0,0.0,0.0,46.2,82.0,0.0,31.86045975889476,31.86,42.63,9,0.6492,91.37,0.0,0.0,46.2,82.0,0.0,49,49,0,0.0,0.0
2026-05-02T18:30:43.605,M1,480,1,M1 <- CPU 53% > 50.0%,1,0.0,0.0,52.6,82.2,0.0,33.03042513468428,33.03,20.27,11,0.6168,86.32,0.0,0.0,52.6,82.2,0.0,50,50,0,0.0,0.0
2026-05-02T18:30:43.625,M1,480,1,M1 <- CPU 53% > 50.0%,1,0.0,0.0,52.6,82.2,0.0,34.38722853545203,34.39,18.33,8,0.6485,86.73,0.0,0.0,52.6,82.2,0.0,52,51,1,1.92,1.92
2026-05-02T18:30:43.644,M1,480,1,M1 <- CPU 53% > 50.0%,1,0.0,0.0,52.6,82.2,0.0,35.83156562626581,35.83,17.36,10,0.5811,89.21,0.0,0.0,52.6,82.2,0.0,54,52,2,3.7,3.7
2026-05-02T18:30:43.662,M1,480,1,M1 <- CPU 53% > 50.0%,1,0.0,0.0,52.6,82.2,0.0,37.16645800600495,37.17,17.88,8,0.6865,85.85,0.0,0.0,52.6,82.2,0.0,56,53,3,5.36,5.36
2026-05-02T18:30:43.682,M1,480,1,M1 <- CPU 53% > 50.0%,1,0.0,0.0,52.6,82.2,0.0,38.4345798856757,38.43,18.03,9,0.6586,87.86,0.0,0.0,52.6,82.2,0.0,58,54,4,6.9,6.9
2026-05-02T18:30:43.700,M1,480,1,M1 <- CPU 53% > 50.0%,1,0.0,0.0,52.6,82.2,0.0,39.69758285600489,39.7,17.74,9,0.6573,84.88,0.0,0.0,52.6,82.2,0.0,60,55,5,8.33,8.33
2026-05-02T18:30:43.719,M1,480,1,M1 <- CPU 53% > 50.0%,1,0.0,0.0,52.6,82.2,0.0,40.870164316749445,40.87,17.96,12,0.6138,86.88,0.0,0.0,52.6,82.2,0.0,62,56,6,9.68,9.68
2026-05-02T18:30:43.738,M1,480,1,M1 <- CPU 53% > 50.0%,1,0.0,0.0,52.6,82.2,0.0,42.148033040164165,42.15,17.05,9,0.6304,86.57,0.0,0.0,52.6,82.2,0.0,64,57,7,10.94,10.94
2026-05-02T18:30:43.756,M1,480,1,M1 <- CPU 53% > 50.0%,1,0.0,0.0,52.6,82.2,0.0,43.38125578972778,43.38,16.98,10,0.6034,86.85,0.0,0.0,52.6,82.2,0.0,66,58,8,12.12,12.12
2026-05-02T18:30:43.773,M1,480,1,M1 <- CPU 53% > 50.0%,1,0.0,0.0,52.6,82.2,0.0,44.60551180721638,44.61,16.72,11,0.5565,85.72,0.0,0.0,52.6,82.2,0.0,68,59,9,13.24,13.24
2026-05-02T18:30:43.793,M1,480,1,M1 <- CPU 53% > 50.0%,1,0.0,0.0,52.6,82.2,0.0,45.42415179031347,45.42,18.38,10,0.6015,79.86,0.0,0.0,52.6,82.2,0.0,70,60,10,14.29,14.29
2026-05-02T18:30:43.811,M1,480,1,M1 <- CPU 53% > 50.0%,1,0.0,0.0,52.6,82.2,0.0,46.474478928196504,46.47,17.04,7,0.6292,84.21,0.0,0.0,52.6,82.2,0.0,72,61,11,15.28,15.28
2026-05-02T18:30:43.828,M1,480,1,M1 <- CPU 53% > 50.0%,1,0.0,0.0,52.6,82.2,0.0,47.61171551879748,47.61,16.38,10,0.5328,83.51,0.0,0.0,52.6,82.2,0.0,74,62,12,16.22,16.22
2026-05-02T18:30:43.846,M1,480,1,M1 <- CPU 53% > 50.0%,1,0.0,0.0,52.6,82.2,0.0,48.65532363604954,48.66,16.5,9,0.588,81.38,0.0,0.0,52.6,82.2,0.0,76,63,13,17.11,17.11
2026-05-02T18:30:43.863,M1,480,1,M1 <- CPU 53% > 50.0%,1,0.0,0.0,52.6,82.2,0.0,49.73231705131229,49.73,16.1,12,0.4663,83.21,0.0,0.0,52.6,82.2,0.0,78,64,14,17.95,17.95
2026-05-02T18:30:43.882,M1,480,1,M1 <- CPU 53% > 50.0%,1,0.0,0.0,52.6,82.2,0.0,50.28457614979793,50.28,17.9,12,0.5138,83.31,0.0,0.0,52.6,82.2,0.0,80,65,15,18.75,18.75
2026-05-02T18:30:43.906,M1,480,1,M1 <- CPU 53% > 50.0%,1,0.0,0.0,52.6,82.2,0.0,49.68902157443988,49.69,22.27,12,0.4936,87.05,0.0,0.0,52.6,82.2,0.0,82,66,16,19.51,19.51
2026-05-02T18:30:43.929,M1,480,1,M1 <- CPU 53% > 50.0%,1,0.0,0.0,52.6,82.2,0.0,49.25738656382777,49.26,21.89,11,0.5228,83.34,0.0,0.0,52.6,82.2,0.0,84,67,17,20.24,20.24
2026-05-02T18:30:43.961,M1,480,1,M1 <- CPU 53% > 50.0%,1,0.0,0.0,52.6,82.2,0.0,47.15243404875414,47.15,29.36,9,0.562,84.62,0.0,0.0,52.6,82.2,0.0,86,68,18,20.93,20.93
2026-05-02T18:30:43.984,M1,480,1,M1 <- CPU 53% > 50.0%,1,0.0,0.0,52.6,82.2,0.0,46.947120679243454,46.95,22.14,12,0.5198,85.43,0.0,0.0,52.6,82.2,0.0,88,69,19,21.59,21.59
2026-05-02T18:30:44.016,M1,480,1,M1 <- CPU 53% > 50.0%,1,0.0,0.0,52.6,82.2,0.0,45.914568207281185,45.91,26.09,10,0.5377,85.07,0.0,0.0,52.6,82.2,0.0,90,70,20,22.22,22.22
2026-05-02T18:30:44.037,M1,480,1,M1 <- CPU 53% > 50.0%,1,0.0,0.0,52.6,82.2,0.0,46.564444159824426,46.56,18.74,13,0.5256,87.56,0.0,0.0,52.6,82.2,0.0,92,71,21,22.83,22.83
2026-05-02T18:30:44.062,M1,480,1,M1 <- CPU 53% > 50.0%,1,0.0,0.0,52.6,82.2,0.0,45.98724425542864,45.99,24.17,13,0.5017,86.01,0.0,0.0,52.6,82.2,0.0,94,72,22,23.4,23.4
2026-05-02T18:30:44.092,M1,480,1,M1 <- CPU 53% > 50.0%,1,0.0,0.0,52.6,82.2,0.0,44.615141763740354,44.62,28.43,11,0.5677,85.03,0.0,0.0,52.6,82.2,0.0,96,73,23,23.96,23.96
2026-05-02T18:30:44.112,M1,480,1,M1 <- CPU 52% > 50.0%,1,0.0,0.0,52.1,82.4,0.0,45.437500821524345,45.44,18.36,11,0.462,81.44,0.0,0.0,52.1,82.4,0.0,98,74,24,24.49,24.49
2026-05-02T18:30:44.130,M1,480,1,M1 <- CPU 52% > 50.0%,1,0.0,0.0,52.1,82.4,0.0,46.448575090571154,46.45,17.22,12,0.529,80.47,0.0,0.0,52.1,82.4,0.0,100,75,25,25.0,25.0
2026-05-02T18:30:44.150,M1,480,1,M1 <- CPU 52% > 50.0%,1,0.0,0.0,52.1,82.4,0.0,46.97857183778973,46.98,19.1,16,0.5089,86.95,0.0,0.0,52.1,82.4,0.0,102,76,26,25.49,25.49
2026-05-02T18:30:44.167,M1,480,1,M1 <- CPU 52% > 50.0%,1,0.0,0.0,52.1,82.4,0.0,48.171239813994944,48.17,16.02,12,0.5998,85.47,0.0,0.0,52.1,82.4,0.0,104,77,27,25.96,25.96
2026-05-02T18:30:44.185,M1,480,1,M1 <- CPU 52% > 50.0%,1,0.0,0.0,52.1,82.4,0.0,49.05951551958765,49.06,17.0,13,0.5021,82.58,0.0,0.0,52.1,82.4,0.0,106,78,28,26.42,26.42
2026-05-02T18:30:44.206,M1,480,1,M1 <- CPU 52% > 50.0%,1,0.0,0.0,52.1,82.4,0.0,49.26242236852652,49.26,19.54,16,0.5097,79.58,0.0,0.0,52.1,82.4,0.0,108,79,29,26.85,26.85
2026-05-02T18:30:44.225,M1,480,1,M1 <- CPU 52% > 50.0%,1,0.0,0.0,52.1,82.4,0.0,49.84092586805296,49.84,17.94,14,0.5348,79.29,0.0,0.0,52.1,82.4,0.0,110,80,30,27.27,27.27
2026-05-02T18:30:44.243,M1,480,1,M1 <- CPU 52% > 50.0%,1,0.0,0.0,52.1,82.4,0.0,50.55967572906032,50.56,17.21,7,0.6009,73.03,0.0,0.0,52.1,82.4,0.0,112,81,31,27.68,27.68
2026-05-02T18:30:44.261,M1,480,1,M1 <- CPU 52% > 50.0%,1,0.0,0.0,52.1,82.4,0.0,51.30955564176567,51.31,16.89,10,0.5475,80.01,0.0,0.0,52.1,82.4,0.0,114,82,32,28.07,28.07
2026-05-02T18:30:44.279,M1,480,1,M1 <- CPU 52% > 50.0%,1,0.0,0.0,52.1,82.4,0.0,51.94896093916358,51.95,17.09,12,0.5314,78.47,0.0,0.0,52.1,82.4,0.0,116,83,33,28.45,28.45
2026-05-02T18:30:44.297,M1,480,1,M1 <- CPU 52% > 50.0%,1,0.0,0.0,52.1,82.4,0.0,52.50688380698624,52.51,17.2,9,0.5566,79.01,0.0,0.0,52.1,82.4,0.0,118,84,34,28.81,28.81
2026-05-02T18:30:44.315,M1,480,1,M1 <- CPU 52% > 50.0%,1,0.0,0.0,52.1,82.4,0.0,53.104637386616936,53.1,16.9,9,0.5677,81.14,0.0,0.0,52.1,82.4,0.0,120,85,35,29.17,29.17
2026-05-02T18:30:44.333,M1,480,1,M1 <- CPU 52% > 50.0%,1,0.0,0.0,52.1,82.4,0.0,53.76349651046185,53.76,16.52,12,0.544,81.19,0.0,0.0,52.1,82.4,0.0,122,86,36,29.51,29.51
2026-05-02T18:30:44.351,M1,480,1,M1 <- CPU 52% > 50.0%,1,0.0,0.0,52.1,82.4,0.0,54.279167741488095,54.28,16.83,16,0.522,80.86,0.0,0.0,52.1,82.4,0.0,124,87,37,29.84,29.84
2026-05-02T18:30:44.369,M1,480,1,M1 <- CPU 52% > 50.0%,1,0.0,0.0,52.1,82.4,0.0,54.77164569642232,54.77,16.77,13,0.5496,83.65,0.0,0.0,52.1,82.4,0.0,126,88,38,30.16,30.16
2026-05-02T18:30:44.386,M1,480,1,M1 <- CPU 52% > 50.0%,1,0.0,0.0,52.1,82.4,0.0,55.38402740032265,55.38,16.24,15,0.4893,83.78,0.0,0.0,52.1,82.4,0.0,128,89,39,30.47,30.47
2026-05-02T18:30:44.403,M1,480,1,M1 <- CPU 52% > 50.0%,1,0.0,0.0,52.1,82.4,0.0,55.77946886867557,55.78,16.78,13,0.4975,73.8,0.0,0.0,52.1,82.4,0.0,130,90,40,30.77,30.77
2026-05-02T18:30:44.421,M1,480,1,M1 <- CPU 52% > 50.0%,1,0.0,0.0,52.1,82.4,0.0,56.144336296584854,56.14,16.76,13,0.4937,78.01,0.0,0.0,52.1,82.4,0.0,132,91,41,31.06,31.06
2026-05-02T18:30:44.439,M1,480,1,M1 <- CPU 52% > 50.0%,1,0.0,0.0,52.1,82.4,0.0,56.57874181778719,56.58,16.44,11,0.5452,80.52,0.0,0.0,52.1,82.4,0.0,134,92,42,31.34,31.34
2026-05-02T18:30:44.456,M1,480,1,M1 <- CPU 52% > 50.0%,1,0.0,0.0,52.1,82.4,0.0,56.84668193828575,56.85,16.84,10,0.5627,85.28,0.0,0.0,52.1,82.4,0.0,136,93,43,31.62,31.62
2026-05-02T18:30:44.474,M1,480,1,M1 <- CPU 52% > 50.0%,1,0.0,0.0,52.1,82.4,0.0,57.08328599533942,57.08,16.86,10,0.5478,84.98,0.0,0.0,52.1,82.4,0.0,138,94,44,31.88,31.88
2026-05-02T18:30:44.492,M1,480,1,M1 <- CPU 52% > 50.0%,1,0.0,0.0,52.1,82.4,0.0,57.45673861786042,57.46,16.38,9,0.5888,86.07,0.0,0.0,52.1,82.4,0.0,140,95,45,32.14,32.14
2026-05-02T18:30:44.510,M1,480,1,M1 <- CPU 52% > 50.0%,1,0.0,0.0,52.1,82.4,0.0,57.40407046778035,57.4,17.56,11,0.5405,83.03,0.0,0.0,52.1,82.4,0.0,142,96,46,32.39,32.39
2026-05-02T18:30:44.530,M1,480,1,M1 <- CPU 52% > 50.0%,1,0.0,0.0,52.1,82.4,0.0,57.00445328961251,57.0,18.64,9,0.5444,87.65,0.0,0.0,52.1,82.4,0.0,144,97,47,32.64,32.64
2026-05-02T18:30:44.547,M1,480,1,M1 <- CPU 52% > 50.0%,1,0.0,0.0,52.1,82.4,0.0,57.31213729556852,57.31,16.6,10,0.5693,86.73,0.0,0.0,52.1,82.4,0.0,146,98,48,32.88,32.88
2026-05-02T18:30:44.565,M1,480,1,M1 <- CPU 52% > 50.0%,1,0.0,0.0,52.1,82.4,0.0,57.49429522724653,57.49,16.9,8,0.5777,83.85,0.0,0.0,52.1,82.4,0.0,148,99,49,33.11,33.11
2026-05-02T18:30:44.586,M1,480,1,M1 <- CPU 52% > 50.0%,1,0.0,0.0,52.1,82.4,0.0,56.61411533231459,56.61,20.1,9,0.5141,82.17,0.0,0.0,52.1,82.4,0.0,150,100,50,33.33,33.33
2026-05-02T18:30:44.636,M0,640,0,M0 <- CPU 39% <= 50.0% (low),2,0.0,0.0,39.3,82.3,0.0,50.476403271568074,50.48,39.14,6,0.4983,79.39,0.0,0.0,39.3,82.3,0.0,152,101,51,33.55,33.55
2026-05-02T18:30:44.665,M0,640,0,M0 <- CPU 39% <= 50.0% (low),2,0.0,0.0,39.3,82.3,0.0,48.40942505306124,48.41,28.27,7,0.4348,77.67,0.0,0.0,39.3,82.3,0.0,153,102,51,33.33,33.33
2026-05-02T18:30:44.699,M0,640,0,M0 <- CPU 39% <= 50.0% (low),2,0.0,0.0,39.3,82.3,0.0,45.62682972868381,45.63,33.26,5,0.5577,82.7,0.0,0.0,39.3,82.3,0.0,154,103,51,33.12,33.12
2026-05-02T18:30:44.726,M0,640,0,M0 <- CPU 39% <= 50.0% (low),2,0.0,0.0,39.3,82.3,0.0,44.73314111238342,44.73,26.3,4,0.5108,84.7,0.0,0.0,39.3,82.3,0.0,155,104,51,32.9,32.9
2026-05-02T18:30:44.753,M0,640,0,M0 <- CPU 39% <= 50.0% (low),2,0.0,0.0,39.3,82.3,0.0,43.98821531563404,43.99,26.14,4,0.5775,83.26,0.0,0.0,39.3,82.3,0.0,156,105,51,32.69,32.69
2026-05-02T18:30:44.779,M0,640,0,M0 <- CPU 39% <= 50.0% (low),2,0.0,0.0,39.3,82.3,0.0,43.44451989662216,43.44,25.58,6,0.5077,86.23,0.0,0.0,39.3,82.3,0.0,157,106,51,32.48,32.48
2026-05-02T18:30:44.805,M0,640,0,M0 <- CPU 39% <= 50.0% (low),2,0.0,0.0,39.3,82.3,0.0,43.01973916707512,43.02,25.29,7,0.4987,85.87,0.0,0.0,39.3,82.3,0.0,158,107,51,32.28,32.28
2026-05-02T18:30:44.831,M0,640,0,M0 <- CPU 39% <= 50.0% (low),2,0.0,0.0,39.3,82.3,0.0,42.57619361542429,42.58,25.67,5,0.5253,86.11,0.0,0.0,39.3,82.3,0.0,159,108,51,32.08,32.08
2026-05-02T18:30:44.857,M0,640,0,M0 <- CPU 39% <= 50.0% (low),2,0.0,0.0,39.3,82.3,0.0,42.266359838451024,42.27,25.21,7,0.4347,86.51,0.0,0.0,39.3,82.3,0.0,160,109,51,31.87,31.87
2026-05-02T18:30:44.883,M0,640,0,M0 <- CPU 39% <= 50.0% (low),2,0.0,0.0,39.3,82.3,0.0,41.97743688431913,41.98,25.29,7,0.4957,85.17,0.0,0.0,39.3,82.3,0.0,161,110,51,31.68,31.68
2026-05-02T18:30:44.910,M0,640,0,M0 <- CPU 39% <= 50.0% (low),2,0.0,0.0,39.3,82.3,0.0,41.506029324610516,41.51,26.53,5,0.5955,86.62,0.0,0.0,39.3,82.3,0.0,162,111,51,31.48,31.48
2026-05-02T18:30:44.936,M0,640,0,M0 <- CPU 39% <= 50.0% (low),2,0.0,0.0,39.3,82.3,0.0,41.288502528243754,41.29,25.36,6,0.5125,89.57,0.0,0.0,39.3,82.3,0.0,163,112,51,31.29,31.29
2026-05-02T18:30:44.962,M0,640,0,M0 <- CPU 39% <= 50.0% (low),2,0.0,0.0,39.3,82.3,0.0,41.06595873287992,41.07,25.53,6,0.6078,89.14,0.0,0.0,39.3,82.3,0.0,164,113,51,31.1,31.1
2026-05-02T18:30:44.988,M0,640,0,M0 <- CPU 39% <= 50.0% (low),2,0.0,0.0,39.3,82.3,0.0,40.83301436941236,40.83,25.74,7,0.5235,88.21,0.0,0.0,39.3,82.3,0.0,165,114,51,30.91,30.91
2026-05-02T18:30:45.014,M0,640,0,M0 <- CPU 39% <= 50.0% (low),2,0.0,0.0,39.3,82.3,0.0,40.70783982394235,40.71,25.24,6,0.6226,86.8,0.0,0.0,39.3,82.3,0.0,166,115,51,30.72,30.72
2026-05-02T18:30:45.042,M0,640,0,M0 <- CPU 39% <= 50.0% (low),2,0.0,0.0,39.3,82.3,0.0,40.18912177434447,40.19,27.74,7,0.5618,85.61,0.0,0.0,39.3,82.3,0.0,167,116,51,30.54,30.54
2026-05-02T18:30:45.069,M0,640,0,M0 <- CPU 39% <= 50.0% (low),2,0.0,0.0,39.3,82.3,0.0,40.01416708176247,40.01,25.97,6,0.584,88.36,0.0,0.0,39.3,82.3,0.0,168,117,51,30.36,30.36
2026-05-02T18:30:45.094,M0,640,0,M0 <- CPU 39% <= 50.0% (low),2,0.0,0.0,39.3,82.3,0.0,39.991560923267,39.99,25.13,5,0.6312,86.7,0.0,0.0,39.3,82.3,0.0,169,118,51,30.18,30.18
2026-05-02T18:30:45.131,M0,640,0,M0 <- CPU 39% <= 50.0% (low),2,0.0,0.0,39.3,82.3,0.0,38.29077327616146,38.29,36.11,9,0.5191,87.29,0.0,0.0,39.3,82.3,0.0,170,119,51,30.0,30.0
2026-05-02T18:30:45.158,M0,640,0,M0 <- CPU 39% <= 50.0% (low),2,0.0,0.0,39.4,82.3,0.0,38.289807100192114,38.29,26.12,10,0.5458,86.71,0.0,0.0,39.4,82.3,0.0,171,120,51,29.82,29.82
2026-05-02T18:30:45.184,M0,640,0,M0 <- CPU 39% <= 50.0% (low),2,0.0,0.0,39.4,82.3,0.0,38.43917120249718,38.44,25.1,8,0.5996,87.79,0.0,0.0,39.4,82.3,0.0,172,121,51,29.65,29.65
2026-05-02T18:30:45.210,M0,640,0,M0 <- CPU 39% <= 50.0% (low),2,0.0,0.0,39.4,82.3,0.0,38.416713591206644,38.42,26.17,8,0.5514,86.99,0.0,0.0,39.4,82.3,0.0,173,122,51,29.48,29.48
2026-05-02T18:30:45.237,M0,640,0,M0 <- CPU 39% <= 50.0% (low),2,0.0,0.0,39.4,82.3,0.0,38.49006186227122,38.49,25.53,7,0.5283,83.75,0.0,0.0,39.4,82.3,0.0,174,123,51,29.31,29.31
2026-05-02T18:30:45.265,M0,640,0,M0 <- CPU 39% <= 50.0% (low),2,0.0,0.0,39.4,82.3,0.0,38.269124362546144,38.27,27.48,8,0.5314,88.75,0.0,0.0,39.4,82.3,0.0,175,124,51,29.14,29.14
2026-05-02T18:30:45.292,M0,640,0,M0 <- CPU 39% <= 50.0% (low),2,0.0,0.0,39.4,82.3,0.0,38.12011414163296,38.12,27.15,8,0.5602,87.4,0.0,0.0,39.4,82.3,0.0,176,125,51,28.98,28.98
2026-05-02T18:30:45.320,M0,640,0,M0 <- CPU 39% <= 50.0% (low),2,0.0,0.0,39.4,82.3,0.0,38.016273242139626,38.02,26.95,6,0.6023,86.1,0.0,0.0,39.4,82.3,0.0,177,126,51,28.81,28.81
2026-05-02T18:30:45.346,M0,640,0,M0 <- CPU 39% <= 50.0% (low),2,0.0,0.0,39.4,82.3,0.0,38.10582691936295,38.11,25.69,6,0.5905,87.97,0.0,0.0,39.4,82.3,0.0,178,127,51,28.65,28.65
2026-05-02T18:30:45.372,M0,640,0,M0 <- CPU 39% <= 50.0% (low),2,0.0,0.0,39.4,82.3,0.0,38.18634329160601,38.19,25.69,7,0.5547,89.23,0.0,0.0,39.4,82.3,0.0,179,128,51,28.49,28.49
2026-05-02T18:30:45.400,M0,640,0,M0 <- CPU 39% <= 50.0% (low),2,0.0,0.0,39.4,82.3,0.0,38.038919425398355,38.04,27.2,5,0.6042,86.73,0.0,0.0,39.4,82.3,0.0,180,129,51,28.33,28.33
2026-05-02T18:30:45.428,M0,640,0,M0 <- CPU 39% <= 50.0% (low),2,0.0,0.0,39.4,82.3,0.0,37.9478333987828,37.95,26.92,6,0.5056,84.69,0.0,0.0,39.4,82.3,0.0,181,130,51,28.18,28.18
2026-05-02T18:30:45.455,M0,640,0,M0 <- CPU 39% <= 50.0% (low),2,0.0,0.0,39.4,82.3,0.0,37.8599620984522,37.86,26.96,5,0.6261,82.1,0.0,0.0,39.4,82.3,0.0,182,131,51,28.02,28.02
2026-05-02T18:30:45.483,M0,640,0,M0 <- CPU 39% <= 50.0% (low),2,0.0,0.0,39.4,82.3,0.0,37.67657653837284,37.68,27.7,5,0.5951,76.61,0.0,0.0,39.4,82.3,0.0,183,132,51,27.87,27.87
2026-05-02T18:30:45.510,M0,640,0,M0 <- CPU 39% <= 50.0% (low),2,0.0,0.0,39.4,82.3,0.0,37.70182287679076,37.7,26.36,5,0.6293,77.09,0.0,0.0,39.4,82.3,0.0,184,133,51,27.72,27.72
2026-05-02T18:30:45.540,M0,640,0,M0 <- CPU 39% <= 50.0% (low),2,0.0,0.0,39.4,82.3,0.0,37.31017890398949,37.31,29.31,5,0.6176,76.77,0.0,0.0,39.4,82.3,0.0,185,134,51,27.57,27.57
2026-05-02T18:30:45.569,M0,640,0,M0 <- CPU 39% <= 50.0% (low),2,0.0,0.0,39.4,82.3,0.0,37.08435478844697,37.08,28.43,5,0.6209,75.87,0.0,0.0,39.4,82.3,0.0,186,135,51,27.42,27.42
2026-05-02T18:30:45.596,M0,640,0,M0 <- CPU 39% <= 50.0% (low),2,0.0,0.0,39.4,82.3,0.0,37.14736893769456,37.15,26.51,5,0.603,80.05,0.0,0.0,39.4,82.3,0.0,187,136,51,27.27,27.27
2026-05-02T18:30:45.636,M0,640,0,M0 <- CPU 39% <= 50.0% (low),2,0.0,0.0,39.4,82.3,0.0,35.553605084799806,35.55,38.99,5,0.531,80.57,0.0,0.0,39.4,82.3,0.0,188,137,51,27.13,27.13
2026-05-02T18:30:45.665,M0,640,0,M0 <- CPU 41% <= 50.0% (low),2,0.0,0.0,41.1,82.1,0.0,35.50123980543537,35.5,28.54,5,0.54,81.49,0.0,0.0,41.1,82.1,0.0,189,138,51,26.98,26.98
2026-05-02T18:30:45.693,M0,640,0,M0 <- CPU 41% <= 50.0% (low),2,0.0,0.0,41.1,82.1,0.0,35.727515866113336,35.73,26.38,7,0.4941,85.26,0.0,0.0,41.1,82.1,0.0,190,139,51,26.84,26.84
2026-05-02T18:30:45.720,M0,640,0,M0 <- CPU 41% <= 50.0% (low),2,0.0,0.0,41.1,82.1,0.0,35.898944154479636,35.9,26.65,5,0.6395,88.0,0.0,0.0,41.1,82.1,0.0,191,140,51,26.7,26.7
2026-05-02T18:30:45.748,M0,640,0,M0 <- CPU 41% <= 50.0% (low),2,0.0,0.0,41.1,82.1,0.0,35.892363847224466,35.89,27.91,6,0.5789,85.09,0.0,0.0,41.1,82.1,0.0,192,141,51,26.56,26.56
2026-05-02T18:30:45.776,M0,640,0,M0 <- CPU 41% <= 50.0% (low),2,0.0,0.0,41.1,82.1,0.0,36.05704685193331,36.06,26.59,6,0.5476,84.1,0.0,0.0,41.1,82.1,0.0,193,142,51,26.42,26.42
2026-05-02T18:30:45.803,M0,640,0,M0 <- CPU 41% <= 50.0% (low),2,0.0,0.0,41.1,82.1,0.0,36.13773046775947,36.14,27.11,5,0.6752,85.84,0.0,0.0,41.1,82.1,0.0,194,143,51,26.29,26.29
2026-05-02T18:30:45.835,M0,640,0,M0 <- CPU 41% <= 50.0% (low),2,0.0,0.0,41.1,82.1,0.0,35.71072309343364,35.71,30.98,7,0.6038,87.76,0.0,0.0,41.1,82.1,0.0,195,144,51,26.15,26.15
2026-05-02T18:30:45.865,M0,640,0,M0 <- CPU 41% <= 50.0% (low),2,0.0,0.0,41.1,82.1,0.0,35.51510327406016,35.52,29.55,7,0.5889,86.3,0.0,0.0,41.1,82.1,0.0,196,145,51,26.02,26.02
2026-05-02T18:30:45.895,M0,640,0,M0 <- CPU 41% <= 50.0% (low),2,0.0,0.0,41.1,82.1,0.0,35.39622778932789,35.4,29.1,6,0.656,84.81,0.0,0.0,41.1,82.1,0.0,197,146,51,25.89,25.89
2026-05-02T18:30:45.924,M0,640,0,M0 <- CPU 41% <= 50.0% (low),2,0.0,0.0,41.1,82.1,0.0,35.37133029650962,35.37,28.45,7,0.5973,88.27,0.0,0.0,41.1,82.1,0.0,198,147,51,25.76,25.76
2026-05-02T18:30:45.953,M0,640,0,M0 <- CPU 41% <= 50.0% (low),2,0.0,0.0,41.1,82.1,0.0,35.32844566797787,35.33,28.61,7,0.6291,90.19,0.0,0.0,41.1,82.1,0.0,199,148,51,25.63,25.63
2026-05-02T18:30:45.983,M0,640,0,M0 <- CPU 41% <= 50.0% (low),2,0.0,0.0,41.1,82.1,0.0,35.12704050063993,35.13,29.93,8,0.6168,88.48,0.0,0.0,41.1,82.1,0.0,200,149,51,25.5,25.5
2026-05-02T18:30:46.018,M0,640,0,M0 <- CPU 41% <= 50.0% (low),2,0.0,0.0,41.1,82.1,0.0,34.482887644616376,34.48,33.79,8,0.6464,89.27,0.0,0.0,41.1,82.1,0.0,201,150,51,25.37,25.37
2026-05-02T18:30:46.048,M0,640,0,M0 <- CPU 41% <= 50.0% (low),2,0.0,0.0,41.1,82.1,0.0,34.46479052678847,34.46,29.15,9,0.5453,89.87,0.0,0.0,41.1,82.1,0.0,202,151,51,25.25,25.25
2026-05-02T18:30:46.077,M0,640,0,M0 <- CPU 41% <= 50.0% (low),2,0.0,0.0,41.1,82.1,0.0,34.568560599133626,34.57,28.14,9,0.5776,88.69,0.0,0.0,41.1,82.1,0.0,203,152,51,25.12,25.12
2026-05-02T18:30:46.105,M0,640,0,M0 <- CPU 41% <= 50.0% (low),2,0.0,0.0,41.1,82.1,0.0,34.734100581306656,34.73,27.55,9,0.4708,87.8,0.0,0.0,41.1,82.1,0.0,204,153,51,25.0,25.0
2026-05-02T18:30:46.134,M0,640,0,M0 <- CPU 41% <= 50.0% (low),2,0.0,0.0,41.1,82.1,0.0,34.79843128465129,34.8,28.26,7,0.5489,85.02,0.0,0.0,41.1,82.1,0.0,205,154,51,24.88,24.88
2026-05-02T18:30:46.176,M0,640,0,M0 <- CPU 41% <= 50.0% (low),2,0.0,0.0,41.1,82.1,0.0,33.35221743796681,33.35,41.2,8,0.5617,88.64,0.0,0.0,41.1,82.1,0.0,206,155,51,24.76,24.76
2026-05-02T18:30:46.197,M1,480,1,M1 <- CPU 51% > 50.0%,3,0.0,0.0,50.7,82.1,0.0,34.43611141396412,34.44,20.55,6,0.6172,88.17,0.0,0.0,50.7,82.1,0.0,207,156,51,24.64,24.64
2026-05-02T18:30:46.216,M1,480,1,M1 <- CPU 51% > 50.0%,3,0.0,0.0,50.7,82.1,0.0,35.7977967436532,35.8,17.99,7,0.6163,91.54,0.0,0.0,50.7,82.1,0.0,209,157,52,24.88,24.88
2026-05-02T18:30:46.238,M1,480,1,M1 <- CPU 51% > 50.0%,3,0.0,0.0,50.7,82.1,0.0,36.78554477860123,36.79,20.43,7,0.6459,90.27,0.0,0.0,50.7,82.1,0.0,211,158,53,25.12,25.12
2026-05-02T18:30:46.257,M1,480,1,M1 <- CPU 51% > 50.0%,3,0.0,0.0,50.7,82.1,0.0,38.07000478515808,38.07,18.01,7,0.5601,89.63,0.0,0.0,50.7,82.1,0.0,213,159,54,25.35,25.35
2026-05-02T18:30:46.276,M1,480,1,M1 <- CPU 51% > 50.0%,3,0.0,0.0,50.7,82.1,0.0,39.43141123872525,39.43,17.2,6,0.6323,90.82,0.0,0.0,50.7,82.1,0.0,215,160,55,25.58,25.58
2026-05-02T18:30:46.294,M1,480,1,M1 <- CPU 51% > 50.0%,3,0.0,0.0,50.7,82.1,0.0,40.77384459980581,40.77,17.01,7,0.6154,90.0,0.0,0.0,50.7,82.1,0.0,217,161,56,25.81,25.81
2026-05-02T18:30:46.311,M1,480,1,M1 <- CPU 51% > 50.0%,3,0.0,0.0,50.7,82.1,0.0,42.10921039982994,42.11,16.75,6,0.6579,88.77,0.0,0.0,50.7,82.1,0.0,219,162,57,26.03,26.03
2026-05-02T18:30:46.329,M1,480,1,M1 <- CPU 51% > 50.0%,3,0.0,0.0,50.7,82.1,0.0,43.396694620203945,43.4,16.7,7,0.5934,84.99,0.0,0.0,50.7,82.1,0.0,221,163,58,26.24,26.24
2026-05-02T18:30:46.347,M1,480,1,M1 <- CPU 51% > 50.0%,3,0.0,0.0,50.7,82.1,0.0,44.57177434585725,44.57,16.97,6,0.5637,80.07,0.0,0.0,50.7,82.1,0.0,223,164,59,26.46,26.46
2026-05-02T18:30:46.365,M1,480,1,M1 <- CPU 51% > 50.0%,3,0.0,0.0,50.7,82.1,0.0,45.7098084424942,45.71,16.85,6,0.649,86.98,0.0,0.0,50.7,82.1,0.0,225,165,60,26.67,26.67
2026-05-02T18:30:46.384,M1,480,1,M1 <- CPU 51% > 50.0%,3,0.0,0.0,50.7,82.1,0.0,46.53871413453096,46.54,17.98,9,0.5661,86.71,0.0,0.0,50.7,82.1,0.0,227,166,61,26.87,26.87
2026-05-02T18:30:46.401,M1,480,1,M1 <- CPU 51% > 50.0%,3,0.0,0.0,50.7,82.1,0.0,47.63243820271768,47.63,16.55,9,0.5268,84.55,0.0,0.0,50.7,82.1,0.0,229,167,62,27.07,27.07
2026-05-02T18:30:46.419,M1,480,1,M1 <- CPU 51% > 50.0%,3,0.0,0.0,50.7,82.1,0.0,48.68256040963572,48.68,16.47,8,0.6385,88.95,0.0,0.0,50.7,82.1,0.0,231,168,63,27.27,27.27
2026-05-02T18:30:46.437,M1,480,1,M1 <- CPU 51% > 50.0%,3,0.0,0.0,50.7,82.1,0.0,49.60139970324106,49.6,16.74,9,0.6335,89.17,0.0,0.0,50.7,82.1,0.0,233,169,64,27.47,27.47
2026-05-02T18:30:46.456,M1,480,1,M1 <- CPU 51% > 50.0%,3,0.0,0.0,50.7,82.1,0.0,50.09326926753631,50.09,18.18,11,0.5668,89.58,0.0,0.0,50.7,82.1,0.0,235,170,65,27.66,27.66
2026-05-02T18:30:46.475,M1,480,1,M1 <- CPU 51% > 50.0%,3,0.0,0.0,50.7,82.1,0.0,50.682850868709416,50.68,17.64,10,0.6242,86.02,0.0,0.0,50.7,82.1,0.0,237,171,66,27.85,27.85
2026-05-02T18:30:46.493,M1,480,1,M1 <- CPU 51% > 50.0%,3,0.0,0.0,50.7,82.1,0.0,51.21127938251172,51.21,17.69,11,0.5993,87.46,0.0,0.0,50.7,82.1,0.0,239,172,67,28.03,28.03
2026-05-02T18:30:46.512,M1,480,1,M1 <- CPU 51% > 50.0%,3,0.0,0.0,50.7,82.1,0.0,51.64391388845714,51.64,17.89,10,0.6015,87.05,0.0,0.0,50.7,82.1,0.0,241,173,68,28.22,28.22
2026-05-02T18:30:46.534,M1,480,1,M1 <- CPU 51% > 50.0%,3,0.0,0.0,50.7,82.1,0.0,51.54052465278782,51.54,19.75,7,0.6778,89.95,0.0,0.0,50.7,82.1,0.0,243,174,69,28.4,28.4
2026-05-02T18:30:46.552,M1,480,1,M1 <- CPU 51% > 50.0%,3,0.0,0.0,50.7,82.1,0.0,52.09299889746325,52.09,17.34,6,0.7412,91.9,0.0,0.0,50.7,82.1,0.0,245,175,70,28.57,28.57
2026-05-02T18:30:46.571,M1,480,1,M1 <- CPU 51% > 50.0%,3,0.0,0.0,50.7,82.1,0.0,52.432227219341364,52.43,17.95,6,0.7879,91.5,0.0,0.0,50.7,82.1,0.0,247,176,71,28.74,28.74
2026-05-02T18:30:46.590,M1,480,1,M1 <- CPU 51% > 50.0%,3,0.0,0.0,50.7,82.1,0.0,52.81805521260407,52.82,17.68,6,0.7341,87.35,0.0,0.0,50.7,82.1,0.0,249,177,72,28.92,28.92
2026-05-02T18:30:46.608,M1,480,1,M1 <- CPU 51% > 50.0%,3,0.0,0.0,50.7,82.1,0.0,53.32380996089416,53.32,17.14,6,0.7765,86.94,0.0,0.0,50.7,82.1,0.0,251,178,73,29.08,29.08
2026-05-02T18:30:46.627,M1,480,1,M1 <- CPU 51% > 50.0%,3,0.0,0.0,50.7,82.1,0.0,53.660659662011106,53.66,17.58,6,0.7259,85.35,0.0,0.0,50.7,82.1,0.0,253,179,74,29.25,29.25
2026-05-02T18:30:46.645,M1,480,1,M1 <- CPU 51% > 50.0%,3,0.0,0.0,50.7,82.1,0.0,53.9607860299416,53.96,17.6,7,0.6195,89.36,0.0,0.0,50.7,82.1,0.0,255,180,75,29.41,29.41
2026-05-02T18:30:46.674,M1,480,1,M1 <- CPU 51% > 50.0%,3,0.0,0.0,50.7,82.1,0.0,51.35437681540679,51.35,27.94,6,0.6765,87.07,0.0,0.0,50.7,82.1,0.0,257,181,76,29.57,29.57
2026-05-02T18:30:46.708,M0,640,0,M0 <- CPU 46% <= 50.0% (low),4,0.0,0.0,46.2,82.1,0.0,48.156335049759164,48.16,32.4,5,0.7097,89.44,0.0,0.0,46.2,82.1,0.0,259,182,77,29.73,29.73
2026-05-02T18:30:46.777,M0,640,0,M0 <- CPU 46% <= 50.0% (low),4,0.0,0.0,46.2,82.1,0.0,39.15503960820963,39.16,68.5,5,0.6474,90.48,0.0,0.0,46.2,82.1,0.0,260,183,77,29.62,29.62
2026-05-02T18:30:46.817,M0,640,0,M0 <- CPU 46% <= 50.0% (low),4,0.0,0.0,46.2,82.1,0.0,37.28316193638967,37.28,38.36,5,0.6581,91.39,0.0,0.0,46.2,82.1,0.0,261,184,77,29.5,29.5
2026-05-02T18:30:46.843,M0,640,0,M0 <- CPU 46% <= 50.0% (low),4,0.0,0.0,46.2,82.1,0.0,37.42262847064361,37.42,25.82,5,0.6894,92.5,0.0,0.0,46.2,82.1,0.0,262,185,77,29.39,29.39
2026-05-02T18:30:46.872,M0,640,0,M0 <- CPU 46% <= 50.0% (low),4,0.0,0.0,46.2,82.1,0.0,37.135958336523736,37.14,28.78,5,0.6773,90.76,0.0,0.0,46.2,82.1,0.0,263,186,77,29.28,29.28
2026-05-02T18:30:46.901,M0,640,0,M0 <- CPU 46% <= 50.0% (low),4,0.0,0.0,46.2,82.1,0.0,36.94975483874216,36.95,28.29,5,0.672,90.39,0.0,0.0,46.2,82.1,0.0,264,187,77,29.17,29.17
2026-05-02T18:30:46.929,M0,640,0,M0 <- CPU 46% <= 50.0% (low),4,0.0,0.0,46.2,82.1,0.0,36.93724802458852,36.94,27.16,5,0.6941,88.57,0.0,0.0,46.2,82.1,0.0,265,188,77,29.06,29.06
2026-05-02T18:30:46.957,M0,640,0,M0 <- CPU 46% <= 50.0% (low),4,0.0,0.0,46.2,82.1,0.0,36.915167832151695,36.92,27.23,5,0.7165,88.93,0.0,0.0,46.2,82.1,0.0,266,189,77,28.95,28.95
2026-05-02T18:30:46.986,M0,640,0,M0 <- CPU 46% <= 50.0% (low),4,0.0,0.0,46.2,82.1,0.0,36.764208269477,36.76,28.2,4,0.6943,90.3,0.0,0.0,46.2,82.1,0.0,267,190,77,28.84,28.84
2026-05-02T18:30:47.015,M0,640,0,M0 <- CPU 46% <= 50.0% (low),4,0.0,0.0,46.2,82.1,0.0,36.64739536270151,36.65,28.07,3,0.7486,87.07,0.0,0.0,46.2,82.1,0.0,268,191,77,28.73,28.73
2026-05-02T18:30:47.043,M0,640,0,M0 <- CPU 46% <= 50.0% (low),4,0.0,0.0,46.2,82.1,0.0,36.529653332172444,36.53,28.17,4,0.6296,88.12,0.0,0.0,46.2,82.1,0.0,269,192,77,28.62,28.62
2026-05-02T18:30:47.076,M0,640,0,M0 <- CPU 46% <= 50.0% (low),4,0.0,0.0,46.2,82.1,0.0,35.90475513557362,35.9,32.14,3,0.6462,89.66,0.0,0.0,46.2,82.1,0.0,270,193,77,28.52,28.52
2026-05-02T18:30:47.102,M0,640,0,M0 <- CPU 46% <= 50.0% (low),4,0.0,0.0,46.2,82.1,0.0,36.26835355313667,36.27,25.06,2,0.7956,89.81,0.0,0.0,46.2,82.1,0.0,271,194,77,28.41,28.41
2026-05-02T18:30:47.128,M0,640,0,M0 <- CPU 46% <= 50.0% (low),4,0.0,0.0,46.2,82.1,0.0,36.536752371375,36.54,25.55,2,0.6697,89.91,0.0,0.0,46.2,82.1,0.0,272,195,77,28.31,28.31
2026-05-02T18:30:47.154,M0,640,0,M0 <- CPU 46% <= 50.0% (low),4,0.0,0.0,46.2,82.1,0.0,36.697037350175925,36.7,26.17,2,0.5976,87.57,0.0,0.0,46.2,82.1,0.0,273,196,77,28.21,28.21
2026-05-02T18:30:47.192,M0,640,0,M0 <- CPU 46% <= 50.0% (low),4,0.0,0.0,46.2,82.1,0.0,35.37220831089207,35.37,37.46,1,0.8969,89.69,0.0,0.0,46.2,82.1,0.0,274,197,77,28.1,28.1
2026-05-02T18:30:47.213,M1,480,1,M1 <- CPU 50% > 50.0%,5,0.0,0.0,50.1,81.9,0.0,36.51343565394524,36.51,19.43,3,0.485,90.67,0.0,0.0,50.1,81.9,0.0,275,198,77,28.0,28.0
2026-05-02T18:30:47.233,M1,480,1,M1 <- CPU 50% > 50.0%,5,0.0,0.0,50.1,81.9,0.0,37.68327798066304,37.68,18.89,3,0.5056,90.32,0.0,0.0,50.1,81.9,0.0,277,199,78,28.16,28.16
2026-05-02T18:30:47.251,M1,480,1,M1 <- CPU 50% > 50.0%,5,0.0,0.0,50.1,81.9,0.0,39.07486721328634,39.07,17.09,2,0.644,88.66,0.0,0.0,50.1,81.9,0.0,279,200,79,28.32,28.32
2026-05-02T18:30:47.271,M1,480,1,M1 <- CPU 50% > 50.0%,5,0.0,0.0,50.1,81.9,0.0,40.082162613726865,40.08,19.16,2,0.6219,89.96,0.0,0.0,50.1,81.9,0.0,281,201,80,28.47,28.47
2026-05-02T18:30:47.290,M1,480,1,M1 <- CPU 50% > 50.0%,5,0.0,0.0,50.1,81.9,0.0,41.22398264151821,41.22,18.04,2,0.6295,89.11,0.0,0.0,50.1,81.9,0.0,283,202,81,28.62,28.62
2026-05-02T18:30:47.309,M1,480,1,M1 <- CPU 50% > 50.0%,5,0.0,0.0,50.1,81.9,0.0,42.33721592439089,42.34,17.88,2,0.5036,72.65,0.0,0.0,50.1,81.9,0.0,285,203,82,28.77,28.77
2026-05-02T18:30:47.331,M1,480,1,M1 <- CPU 50% > 50.0%,5,0.0,0.0,50.1,81.9,0.0,43.03408761312241,43.03,19.79,3,0.3853,44.05,0.0,0.0,50.1,81.9,0.0,287,204,83,28.92,28.92
2026-05-02T18:30:47.350,M1,480,1,M1 <- CPU 50% > 50.0%,5,0.0,0.0,50.1,81.9,0.0,43.96414540919352,43.96,18.32,2,0.4446,56.58,0.0,0.0,50.1,81.9,0.0,289,205,84,29.07,29.07
2026-05-02T18:30:47.369,M1,480,1,M1 <- CPU 50% > 50.0%,5,0.0,0.0,50.1,81.9,0.0,44.80994023266172,44.81,18.45,5,0.3722,59.32,0.0,0.0,50.1,81.9,0.0,291,206,85,29.21,29.21
2026-05-02T18:30:47.388,M1,480,1,M1 <- CPU 50% > 50.0%,5,0.0,0.0,50.1,81.9,0.0,45.78634895259075,45.79,17.56,3,0.4775,62.23,0.0,0.0,50.1,81.9,0.0,293,207,86,29.35,29.35
2026-05-02T18:30:47.407,M1,480,1,M1 <- CPU 50% > 50.0%,5,0.0,0.0,50.1,81.9,0.0,46.623603056925205,46.62,17.92,3,0.4739,57.21,0.0,0.0,50.1,81.9,0.0,295,208,87,29.49,29.49
2026-05-02T18:30:47.426,M1,480,1,M1 <- CPU 50% > 50.0%,5,0.0,0.0,50.1,81.9,0.0,47.3768281373611,47.38,18.04,3,0.4266,57.78,0.0,0.0,50.1,81.9,0.0,297,209,88,29.63,29.63
2026-05-02T18:30:47.446,M1,480,1,M1 <- CPU 50% > 50.0%,5,0.0,0.0,50.1,81.9,0.0,47.87993783082463,47.88,18.89,4,0.4472,54.32,0.0,0.0,50.1,81.9,0.0,299,210,89,29.77,29.77
2026-05-02T18:30:47.466,M1,480,1,M1 <- CPU 50% > 50.0%,5,0.0,0.0,50.1,81.9,0.0,48.40037725500463,48.4,18.64,4,0.3836,46.07,0.0,0.0,50.1,81.9,0.0,301,211,90,29.9,29.9
2026-05-02T18:30:47.485,M1,480,1,M1 <- CPU 50% > 50.0%,5,0.0,0.0,50.1,81.9,0.0,49.08034552556067,49.08,17.8,7,0.431,57.83,0.0,0.0,50.1,81.9,0.0,303,212,91,30.03,30.03
2026-05-02T18:30:47.503,M1,480,1,M1 <- CPU 50% > 50.0%,5,0.0,0.0,50.1,81.9,0.0,49.764056114777695,49.76,17.58,3,0.5428,71.32,0.0,0.0,50.1,81.9,0.0,305,213,92,30.16,30.16
2026-05-02T18:30:47.525,M1,480,1,M1 <- CPU 50% > 50.0%,5,0.0,0.0,50.1,81.9,0.0,49.74063141547214,49.74,20.19,5,0.4311,67.55,0.0,0.0,50.1,81.9,0.0,307,214,93,30.29,30.29
2026-05-02T18:30:47.543,M1,480,1,M1 <- CPU 50% > 50.0%,5,0.0,0.0,50.1,81.9,0.0,50.33863965395374,50.34,17.72,6,0.4176,61.8,0.0,0.0,50.1,81.9,0.0,309,215,94,30.42,30.42
2026-05-02T18:30:47.562,M1,480,1,M1 <- CPU 50% > 50.0%,5,0.0,0.0,50.1,81.9,0.0,50.94576186672256,50.95,17.5,7,0.4242,71.23,0.0,0.0,50.1,81.9,0.0,311,216,95,30.55,30.55
2026-05-02T18:30:47.580,M1,480,1,M1 <- CPU 50% > 50.0%,5,0.0,0.0,50.1,81.9,0.0,51.50596904398152,51.51,17.49,5,0.5072,63.39,0.0,0.0,50.1,81.9,0.0,313,217,96,30.67,30.67
2026-05-02T18:30:47.599,M1,480,1,M1 <- CPU 50% > 50.0%,5,0.0,0.0,50.1,81.9,0.0,51.89219818957702,51.89,17.97,8,0.4218,66.41,0.0,0.0,50.1,81.9,0.0,315,218,97,30.79,30.79
2026-05-02T18:30:47.618,M1,480,1,M1 <- CPU 50% > 50.0%,5,0.0,0.0,50.1,81.9,0.0,52.23736519970272,52.24,18.0,5,0.563,69.15,0.0,0.0,50.1,81.9,0.0,317,219,98,30.91,30.91
2026-05-02T18:30:47.637,M1,480,1,M1 <- CPU 50% > 50.0%,5,0.0,0.0,50.1,81.9,0.0,52.56605364486176,52.57,17.95,8,0.4082,71.58,0.0,0.0,50.1,81.9,0.0,319,220,99,31.03,31.03
2026-05-02T18:30:47.657,M1,480,1,M1 <- CPU 50% > 50.0%,5,0.0,0.0,50.1,81.9,0.0,52.89396332309937,52.89,17.84,5,0.4272,73.51,0.0,0.0,50.1,81.9,0.0,321,221,100,31.15,31.15
2026-05-02T18:30:47.675,M1,480,1,M1 <- CPU 50% > 50.0%,5,0.0,0.0,50.1,81.9,0.0,53.23291474595324,53.23,17.7,6,0.5353,75.07,0.0,0.0,50.1,81.9,0.0,323,222,101,31.27,31.27
2026-05-02T18:30:47.705,M1,480,1,M1 <- CPU 50% > 50.0%,5,0.0,0.0,50.1,81.9,0.0,50.60265739838838,50.6,28.55,3,0.6487,76.44,0.0,0.0,50.1,81.9,0.0,325,223,102,31.38,31.38
2026-05-02T18:30:47.740,M0,640,0,M0 <- CPU 44% <= 50.0% (low),6,0.0,0.0,43.7,81.8,0.0,47.43400305215379,47.43,32.96,5,0.6032,75.37,0.0,0.0,43.7,81.8,0.0,327,224,103,31.5,31.5
2026-05-02T18:30:47.767,M0,640,0,M0 <- CPU 44% <= 50.0% (low),6,0.0,0.0,43.7,81.8,0.0,46.21824609016678,46.22,26.63,6,0.5835,74.36,0.0,0.0,43.7,81.8,0.0,328,225,103,31.4,31.4
2026-05-02T18:30:47.793,M0,640,0,M0 <- CPU 44% <= 50.0% (low),6,0.0,0.0,43.7,81.8,0.0,45.32113172103378,45.32,25.92,5,0.614,79.35,0.0,0.0,43.7,81.8,0.0,329,226,103,31.31,31.31
2026-05-02T18:30:47.820,M0,640,0,M0 <- CPU 44% <= 50.0% (low),6,0.0,0.0,43.7,81.8,0.0,44.527020096020436,44.53,26.0,5,0.5476,76.02,0.0,0.0,43.7,81.8,0.0,330,227,103,31.21,31.21
2026-05-02T18:30:47.848,M0,640,0,M0 <- CPU 44% <= 50.0% (low),6,0.0,0.0,43.7,81.8,0.0,43.494925198385225,43.49,27.79,4,0.6378,66.61,0.0,0.0,43.7,81.8,0.0,331,228,103,31.12,31.12
2026-05-02T18:30:47.877,M0,640,0,M0 <- CPU 44% <= 50.0% (low),6,0.0,0.0,43.7,81.8,0.0,42.573303564358625,42.57,27.97,3,0.7178,75.79,0.0,0.0,43.7,81.8,0.0,332,229,103,31.02,31.02
2026-05-02T18:30:47.905,M0,640,0,M0 <- CPU 44% <= 50.0% (low),6,0.0,0.0,43.7,81.8,0.0,41.79523750044093,41.8,27.86,3,0.7553,79.33,0.0,0.0,43.7,81.8,0.0,333,230,103,30.93,30.93
2026-05-02T18:30:47.936,M0,640,0,M0 <- CPU 44% <= 50.0% (low),6,0.0,0.0,43.7,81.8,0.0,40.708946779353425,40.71,30.31,4,0.6816,75.81,0.0,0.0,43.7,81.8,0.0,334,231,103,30.84,30.84
2026-05-02T18:30:47.965,M0,640,0,M0 <- CPU 44% <= 50.0% (low),6,0.0,0.0,43.7,81.8,0.0,40.047730733869805,40.05,28.62,3,0.6986,78.41,0.0,0.0,43.7,81.8,0.0,335,232,103,30.75,30.75
2026-05-02T18:30:47.994,M0,640,0,M0 <- CPU 44% <= 50.0% (low),6,0.0,0.0,43.7,81.8,0.0,39.52961707467048,39.53,28.24,4,0.6328,78.93,0.0,0.0,43.7,81.8,0.0,336,233,103,30.65,30.65
2026-05-02T18:30:48.025,M0,640,0,M0 <- CPU 44% <= 50.0% (low),6,0.0,0.0,43.7,81.8,0.0,38.78572674237106,38.79,30.15,3,0.7737,82.75,0.0,0.0,43.7,81.8,0.0,337,234,103,30.56,30.56
2026-05-02T18:30:48.053,M0,640,0,M0 <- CPU 44% <= 50.0% (low),6,0.0,0.0,43.7,81.8,0.0,38.548643665584976,38.55,27.37,5,0.6218,85.5,0.0,0.0,43.7,81.8,0.0,338,235,103,30.47,30.47
2026-05-02T18:30:48.081,M0,640,0,M0 <- CPU 44% <= 50.0% (low),6,0.0,0.0,43.7,81.8,0.0,38.26099324724001,38.26,27.89,4,0.6792,81.18,0.0,0.0,43.7,81.8,0.0,339,236,103,30.38,30.38
2026-05-02T18:30:48.109,M0,640,0,M0 <- CPU 44% <= 50.0% (low),6,0.0,0.0,43.7,81.8,0.0,38.063794442006994,38.06,27.49,4,0.6955,79.92,0.0,0.0,43.7,81.8,0.0,340,237,103,30.29,30.29
2026-05-02T18:30:48.137,M0,640,0,M0 <- CPU 44% <= 50.0% (low),6,0.0,0.0,43.7,81.8,0.0,37.981018568454004,37.98,26.84,4,0.7836,85.3,0.0,0.0,43.7,81.8,0.0,341,238,103,30.21,30.21
2026-05-02T18:30:48.165,M0,640,0,M0 <- CPU 44% <= 50.0% (low),6,0.0,0.0,43.7,81.8,0.0,37.84527134821252,37.85,27.27,6,0.6433,83.55,0.0,0.0,43.7,81.8,0.0,342,239,103,30.12,30.12
2026-05-02T18:30:48.192,M0,640,0,M0 <- CPU 44% <= 50.0% (low),6,0.0,0.0,43.7,81.8,0.0,37.792031057178995,37.79,26.8,4,0.7275,87.97,0.0,0.0,43.7,81.8,0.0,343,240,103,30.03,30.03
2026-05-02T18:30:48.229,M0,640,0,M0 <- CPU 44% <= 50.0% (low),6,0.0,0.0,43.7,81.8,0.0,36.40786284130002,36.41,36.52,6,0.6007,88.19,0.0,0.0,43.7,81.8,0.0,344,241,103,29.94,29.94
2026-05-02T18:30:48.257,M0,640,0,M0 <- CPU 42% <= 50.0% (low),6,0.0,0.0,42.2,82.0,0.0,36.49576002413262,36.5,26.81,6,0.5609,84.32,0.0,0.0,42.2,82.0,0.0,345,242,103,29.86,29.86
2026-05-02T18:30:48.284,M0,640,0,M0 <- CPU 42% <= 50.0% (low),6,0.0,0.0,42.2,82.0,0.0,36.67724496302892,36.68,26.04,4,0.5704,87.91,0.0,0.0,42.2,82.0,0.0,346,243,103,29.77,29.77
2026-05-02T18:30:48.310,M0,640,0,M0 <- CPU 42% <= 50.0% (low),6,0.0,0.0,42.2,82.0,0.0,36.88332204201431,36.88,25.74,5,0.4694,84.52,0.0,0.0,42.2,82.0,0.0,347,244,103,29.68,29.68
2026-05-02T18:30:48.337,M0,640,0,M0 <- CPU 42% <= 50.0% (low),6,0.0,0.0,42.2,82.0,0.0,36.914771455961784,36.91,26.88,2,0.5871,87.7,0.0,0.0,42.2,82.0,0.0,348,245,103,29.6,29.6
2026-05-02T18:30:48.366,M0,640,0,M0 <- CPU 42% <= 50.0% (low),6,0.0,0.0,42.2,82.0,0.0,36.83687753563284,36.84,27.66,3,0.5011,87.15,0.0,0.0,42.2,82.0,0.0,349,246,103,29.51,29.51
2026-05-02T18:30:48.394,M0,640,0,M0 <- CPU 42% <= 50.0% (low),6,0.0,0.0,42.2,82.0,0.0,36.77169545190863,36.77,27.63,4,0.5634,88.9,0.0,0.0,42.2,82.0,0.0,350,247,103,29.43,29.43
2026-05-02T18:30:48.424,M0,640,0,M0 <- CPU 42% <= 50.0% (low),6,0.0,0.0,42.2,82.0,0.0,36.473896766605634,36.47,29.42,3,0.6542,90.33,0.0,0.0,42.2,82.0,0.0,351,248,103,29.34,29.34
2026-05-02T18:30:48.454,M0,640,0,M0 <- CPU 42% <= 50.0% (low),6,0.0,0.0,42.2,82.0,0.0,36.287699306648186,36.29,28.82,3,0.6452,90.79,0.0,0.0,42.2,82.0,0.0,352,249,103,29.26,29.26
2026-05-02T18:30:48.486,M0,640,0,M0 <- CPU 42% <= 50.0% (low),6,0.0,0.0,42.2,82.0,0.0,35.78529036157276,35.79,31.43,2,0.7679,90.96,0.0,0.0,42.2,82.0,0.0,353,250,103,29.18,29.18
2026-05-02T18:30:48.516,M0,640,0,M0 <- CPU 42% <= 50.0% (low),6,0.0,0.0,42.2,82.0,0.0,35.60336086280273,35.6,29.37,3,0.6837,90.95,0.0,0.0,42.2,82.0,0.0,354,251,103,29.1,29.1
2026-05-02T18:30:48.548,M0,640,0,M0 <- CPU 42% <= 50.0% (low),6,0.0,0.0,42.2,82.0,0.0,35.204703001110786,35.2,31.27,3,0.641,89.92,0.0,0.0,42.2,82.0,0.0,355,252,103,29.01,29.01
2026-05-02T18:30:48.577,M0,640,0,M0 <- CPU 42% <= 50.0% (low),6,0.0,0.0,42.2,82.0,0.0,35.18436883399121,35.18,28.57,4,0.657,88.1,0.0,0.0,42.2,82.0,0.0,356,253,103,28.93,28.93
2026-05-02T18:30:48.606,M0,640,0,M0 <- CPU 42% <= 50.0% (low),6,0.0,0.0,42.2,82.0,0.0,35.13859930463742,35.14,28.79,3,0.7117,88.77,0.0,0.0,42.2,82.0,0.0,357,254,103,28.85,28.85
2026-05-02T18:30:48.635,M0,640,0,M0 <- CPU 42% <= 50.0% (low),6,0.0,0.0,42.2,82.0,0.0,35.15596899210893,35.16,28.32,3,0.7306,82.7,0.0,0.0,42.2,82.0,0.0,358,255,103,28.77,28.77
2026-05-02T18:30:48.663,M0,640,0,M0 <- CPU 42% <= 50.0% (low),6,0.0,0.0,42.2,82.0,0.0,35.270719096515926,35.27,27.52,3,0.7575,88.05,0.0,0.0,42.2,82.0,0.0,359,256,103,28.69,28.69
2026-05-02T18:30:48.691,M0,640,0,M0 <- CPU 42% <= 50.0% (low),6,0.0,0.0,42.2,82.0,0.0,35.38482760000495,35.38,27.44,3,0.7393,88.6,0.0,0.0,42.2,82.0,0.0,360,257,103,28.61,28.61
2026-05-02T18:30:48.720,M0,640,0,M0 <- CPU 42% <= 50.0% (low),6,0.0,0.0,42.2,82.0,0.0,35.432705204622316,35.43,27.88,3,0.7575,79.55,0.0,0.0,42.2,82.0,0.0,361,258,103,28.53,28.53
2026-05-02T18:30:48.761,M0,640,0,M0 <- CPU 43% <= 50.0% (low),6,0.0,0.0,43.4,81.8,0.0,34.70016349267281,34.7,34.18,4,0.6242,79.38,0.0,0.0,43.4,81.8,0.0,362,259,103,28.45,28.45
2026-05-02T18:30:48.794,M0,640,0,M0 <- CPU 43% <= 50.0% (low),6,0.0,0.0,43.4,81.8,0.0,34.289282618553415,34.29,32.27,3,0.6201,83.63,0.0,0.0,43.4,81.8,0.0,363,260,103,28.37,28.37
2026-05-02T18:30:48.827,M0,640,0,M0 <- CPU 43% <= 50.0% (low),6,0.0,0.0,43.4,81.8,0.0,33.904887935288244,33.9,32.47,3,0.6626,78.87,0.0,0.0,43.4,81.8,0.0,364,261,103,28.3,28.3
2026-05-02T18:30:48.857,M0,640,0,M0 <- CPU 43% <= 50.0% (low),6,0.0,0.0,43.4,81.8,0.0,33.92817033469463,33.93,29.29,2,0.7324,74.43,0.0,0.0,43.4,81.8,0.0,365,262,103,28.22,28.22
2026-05-02T18:30:48.886,M0,640,0,M0 <- CPU 43% <= 50.0% (low),6,0.0,0.0,43.4,81.8,0.0,34.04151962896437,34.04,28.49,2,0.7025,80.57,0.0,0.0,43.4,81.8,0.0,366,263,103,28.14,28.14
2026-05-02T18:30:48.916,M0,640,0,M0 <- CPU 43% <= 50.0% (low),6,0.0,0.0,43.4,81.8,0.0,33.99774538364802,34.0,29.75,2,0.7464,83.27,0.0,0.0,43.4,81.8,0.0,367,264,103,28.07,28.07
2026-05-02T18:30:48.947,M0,640,0,M0 <- CPU 43% <= 50.0% (low),6,0.0,0.0,43.4,81.8,0.0,33.88449058163124,33.88,30.4,2,0.7175,75.82,0.0,0.0,43.4,81.8,0.0,368,265,103,27.99,27.99
2026-05-02T18:30:49.096,M0,640,0,M0 <- CPU 43% <= 50.0% (low),6,0.0,0.0,43.4,81.8,0.0,24.214089309414277,24.21,147.37,2,0.7046,80.49,0.0,0.0,43.4,81.8,0.0,369,266,103,27.91,27.91
2026-05-02T18:30:49.143,M0,640,0,M0 <- CPU 43% <= 50.0% (low),6,0.0,0.0,43.4,81.8,0.0,23.95600395036915,23.96,45.75,2,0.5601,76.43,0.0,0.0,43.4,81.8,0.0,370,267,103,27.84,27.84
2026-05-02T18:30:49.178,M0,640,0,M0 <- CPU 43% <= 50.0% (low),6,0.0,0.0,43.4,81.8,0.0,24.410966385108846,24.41,33.96,2,0.5714,75.64,0.0,0.0,43.4,81.8,0.0,371,268,103,27.76,27.76
2026-05-02T18:30:49.210,M0,640,0,M0 <- CPU 43% <= 50.0% (low),6,0.0,0.0,43.4,81.8,0.0,24.959082348572323,24.96,31.97,1,0.8053,80.53,0.0,0.0,43.4,81.8,0.0,372,269,103,27.69,27.69
2026-05-02T18:30:49.258,M0,640,0,M0 <- CPU 43% <= 50.0% (low),6,0.0,0.0,43.4,81.8,0.0,24.518579463595934,24.52,47.26,1,0.8235,82.35,0.0,0.0,43.4,81.8,0.0,373,270,103,27.61,27.61
2026-05-02T18:30:49.286,M1,480,1,M1 <- CPU 64% > 50.0%,7,0.0,0.0,63.8,81.3,0.0,25.360248223890363,25.36,27.25,1,0.8032,80.32,0.0,0.0,63.8,81.3,0.0,374,271,103,27.54,27.54
2026-05-02T18:30:49.308,M1,480,1,M1 <- CPU 64% > 50.0%,7,0.0,0.0,63.8,81.3,0.0,26.661400209147555,26.66,20.19,1,0.3934,39.34,0.0,0.0,63.8,81.3,0.0,376,272,104,27.66,27.66
2026-05-02T18:30:49.329,M1,480,1,M1 <- CPU 64% > 50.0%,7,0.0,0.0,63.8,81.3,0.0,27.98831860356416,27.99,19.73,0,0.0,0.0,0.0,0.0,63.8,81.3,0.0,378,273,105,27.78,27.78
2026-05-02T18:30:49.349,M1,480,1,M1 <- CPU 64% > 50.0%,7,0.0,0.0,63.8,81.3,0.0,29.355818125254963,29.36,19.09,0,0.0,0.0,0.0,0.0,63.8,81.3,0.0,380,274,106,27.89,27.89
2026-05-02T18:30:49.373,M1,480,1,M1 <- CPU 64% > 50.0%,7,0.0,0.0,63.8,81.3,0.0,30.436434719220568,30.44,21.97,1,0.3101,31.01,0.0,0.0,63.8,81.3,0.0,382,275,107,28.01,28.01
2026-05-02T18:30:49.394,M1,480,1,M1 <- CPU 64% > 50.0%,7,0.0,0.0,63.8,81.3,0.0,31.73993726152684,31.74,19.36,2,0.3086,35.54,0.0,0.0,63.8,81.3,0.0,384,276,108,28.12,28.12
2026-05-02T18:30:49.414,M1,480,1,M1 <- CPU 64% > 50.0%,7,0.0,0.0,63.8,81.3,0.0,33.04538654879754,33.05,19.06,2,0.4468,61.29,0.0,0.0,63.8,81.3,0.0,386,277,109,28.24,28.24
2026-05-02T18:30:49.435,M1,480,1,M1 <- CPU 64% > 50.0%,7,0.0,0.0,63.8,81.3,0.0,34.210906662171254,34.21,19.95,1,0.2816,28.16,0.0,0.0,63.8,81.3,0.0,388,278,110,28.35,28.35
2026-05-02T18:30:49.456,M1,480,1,M1 <- CPU 64% > 50.0%,7,0.0,0.0,63.8,81.3,0.0,35.294149044221264,35.29,20.26,0,0.0,0.0,0.0,0.0,63.8,81.3,0.0,390,279,111,28.46,28.46
2026-05-02T18:30:49.478,M1,480,1,M1 <- CPU 64% > 50.0%,7,0.0,0.0,63.8,81.3,0.0,36.26047778329195,36.26,20.78,1,0.3089,30.89,0.0,0.0,63.8,81.3,0.0,392,280,112,28.57,28.57
2026-05-02T18:30:49.509,M1,480,1,M1 <- CPU 64% > 50.0%,7,0.0,0.0,63.8,81.3,0.0,35.9809630417619,35.98,29.72,0,0.0,0.0,0.0,0.0,63.8,81.3,0.0,394,281,113,28.68,28.68
2026-05-02T18:30:49.530,M1,480,1,M1 <- CPU 64% > 50.0%,7,0.0,0.0,63.8,81.3,0.0,37.121382175102816,37.12,19.25,1,0.3132,31.32,0.0,0.0,63.8,81.3,0.0,396,282,114,28.79,28.79
2026-05-02T18:30:49.547,M1,480,1,M1 <- CPU 64% > 50.0%,7,0.0,0.0,63.8,81.3,0.0,38.68932889237484,38.69,16.02,0,0.0,0.0,0.0,0.0,63.8,81.3,0.0,398,283,115,28.89,28.89
2026-05-02T18:30:49.565,M1,480,1,M1 <- CPU 64% > 50.0%,7,0.0,0.0,63.8,81.3,0.0,40.05334584229991,40.05,17.04,0,0.0,0.0,0.0,0.0,63.8,81.3,0.0,400,284,116,29.0,29.0
2026-05-02T18:30:49.582,M1,480,1,M1 <- CPU 64% > 50.0%,7,0.0,0.0,63.8,81.3,0.0,41.41657178329734,41.42,16.75,0,0.0,0.0,0.0,0.0,63.8,81.3,0.0,402,285,117,29.1,29.1
2026-05-02T18:30:49.600,M1,480,1,M1 <- CPU 64% > 50.0%,7,0.0,0.0,63.8,81.3,0.0,42.792833779906815,42.79,16.38,0,0.0,0.0,0.0,0.0,63.8,81.3,0.0,404,286,118,29.21,29.21
2026-05-02T18:30:49.617,M1,480,1,M1 <- CPU 64% > 50.0%,7,0.0,0.0,63.8,81.3,0.0,44.03570250698884,44.04,16.77,0,0.0,0.0,0.0,0.0,63.8,81.3,0.0,406,287,119,29.31,29.31
2026-05-02T18:30:49.635,M1,480,1,M1 <- CPU 64% > 50.0%,7,0.0,0.0,63.8,81.3,0.0,45.20293466498995,45.2,16.84,1,0.4253,42.53,0.0,0.0,63.8,81.3,0.0,408,288,120,29.41,29.41
2026-05-02T18:30:49.653,M1,480,1,M1 <- CPU 64% > 50.0%,7,0.0,0.0,63.8,81.3,0.0,46.36058031715687,46.36,16.6,1,0.4784,47.84,0.0,0.0,63.8,81.3,0.0,410,289,121,29.51,29.51
2026-05-02T18:30:49.671,M1,480,1,M1 <- CPU 64% > 50.0%,7,0.0,0.0,63.8,81.3,0.0,47.33652517950125,47.34,17.12,1,0.2797,27.97,0.0,0.0,63.8,81.3,0.0,412,290,122,29.61,29.61
2026-05-02T18:30:49.689,M1,480,1,M1 <- CPU 64% > 50.0%,7,0.0,0.0,63.8,81.3,0.0,48.27997003825016,48.28,17.0,1,0.4043,40.43,0.0,0.0,63.8,81.3,0.0,414,291,123,29.71,29.71
2026-05-02T18:30:49.706,M1,480,1,M1 <- CPU 64% > 50.0%,7,0.0,0.0,63.8,81.3,0.0,49.335745271079695,49.34,16.28,1,0.4304,43.04,0.0,0.0,63.8,81.3,0.0,416,292,124,29.81,29.81
2026-05-02T18:30:49.724,M1,480,1,M1 <- CPU 64% > 50.0%,7,0.0,0.0,63.8,81.3,0.0,50.140274535028965,50.14,17.02,1,0.5104,51.04,0.0,0.0,63.8,81.3,0.0,418,293,125,29.9,29.9
2026-05-02T18:30:49.742,M1,480,1,M1 <- CPU 64% > 50.0%,7,0.0,0.0,63.8,81.3,0.0,50.934584033658,50.93,16.83,3,0.3627,55.37,0.0,0.0,63.8,81.3,0.0,420,294,126,30.0,30.0
2026-05-02T18:30:49.767,M1,480,1,M1 <- CPU 64% > 50.0%,7,0.0,0.0,63.8,81.3,0.0,49.8028579419986,49.8,24.09,2,0.3358,34.98,0.0,0.0,63.8,81.3,0.0,422,295,127,30.09,30.09
2026-05-02T18:30:49.802,M0,640,0,M0 <- CPU 45% <= 50.0% (low),8,0.0,0.0,45.2,81.2,0.0,47.16495871684517,47.16,31.31,3,0.4812,59.27,0.0,0.0,45.2,81.2,0.0,424,296,128,30.19,30.19
2026-05-02T18:30:49.831,M0,640,0,M0 <- CPU 45% <= 50.0% (low),8,0.0,0.0,45.2,81.2,0.0,45.52123974415186,45.52,28.86,3,0.4383,67.02,0.0,0.0,45.2,81.2,0.0,425,297,128,30.12,30.12
2026-05-02T18:30:49.860,M0,640,0,M0 <- CPU 45% <= 50.0% (low),8,0.0,0.0,45.2,81.2,0.0,44.28334548844428,44.28,28.11,4,0.3178,40.97,0.0,0.0,45.2,81.2,0.0,426,298,128,30.05,30.05
2026-05-02T18:30:49.887,M0,640,0,M0 <- CPU 45% <= 50.0% (low),8,0.0,0.0,45.2,81.2,0.0,43.59906451668315,43.6,26.13,2,0.5595,65.84,0.0,0.0,45.2,81.2,0.0,427,299,128,29.98,29.98
2026-05-02T18:30:49.919,M0,640,0,M0 <- CPU 45% <= 50.0% (low),8,0.0,0.0,45.2,81.2,0.0,41.93941310922862,41.94,32.01,2,0.3681,40.01,0.0,0.0,45.2,81.2,0.0,428,300,128,29.91,29.91
2026-05-02T18:30:49.953,M0,640,0,M0 <- CPU 45% <= 50.0% (low),8,0.0,0.0,45.2,81.2,0.0,40.47724244895631,40.48,32.46,3,0.5018,62.92,0.0,0.0,45.2,81.2,0.0,429,301,128,29.84,29.84
2026-05-02T18:30:49.986,M0,640,0,M0 <- CPU 45% <= 50.0% (low),8,0.0,0.0,45.2,81.2,0.0,39.13674203956567,39.14,33.17,3,0.5303,67.16,0.0,0.0,45.2,81.2,0.0,430,302,128,29.77,29.77
2026-05-02T18:30:50.078,M0,640,0,M0 <- CPU 45% <= 50.0% (low),8,0.0,0.0,45.2,81.2,0.0,36.57091373776326,36.57,43.48,3,0.4419,56.97,0.0,0.0,45.2,81.2,0.0,431,303,128,29.7,29.7
2026-05-02T18:30:50.109,M0,640,0,M0 <- CPU 45% <= 50.0% (low),8,0.0,0.0,45.2,81.2,0.0,36.15348529469692,36.15,30.5,3,0.5595,68.85,0.0,0.0,45.2,81.2,0.0,432,304,128,29.63,29.63
2026-05-02T18:30:50.140,M0,640,0,M0 <- CPU 45% <= 50.0% (low),8,0.0,0.0,45.2,81.2,0.0,35.87224260211288,35.87,29.83,3,0.5129,60.11,0.0,0.0,45.2,81.2,0.0,433,305,128,29.56,29.56
2026-05-02T18:30:50.170,M0,640,0,M0 <- CPU 45% <= 50.0% (low),8,0.0,0.0,45.2,81.2,0.0,35.61096231112062,35.61,29.92,4,0.5699,74.15,0.0,0.0,45.2,81.2,0.0,434,306,128,29.49,29.49
2026-05-02T18:30:50.201,M0,640,0,M0 <- CPU 45% <= 50.0% (low),8,0.0,0.0,45.2,81.2,0.0,35.320130062914075,35.32,30.39,3,0.5211,67.11,0.0,0.0,45.2,81.2,0.0,435,307,128,29.43,29.43
2026-05-02T18:30:50.229,M0,640,0,M0 <- CPU 45% <= 50.0% (low),8,0.0,0.0,45.2,81.2,0.0,35.53126913241995,35.53,26.63,5,0.5127,71.92,0.0,0.0,45.2,81.2,0.0,436,308,128,29.36,29.36
2026-05-02T18:30:50.259,M0,640,0,M0 <- CPU 45% <= 50.0% (low),8,0.0,0.0,45.2,81.2,0.0,35.31945200664277,35.32,29.83,4,0.4758,71.04,0.0,0.0,45.2,81.2,0.0,437,309,128,29.29,29.29
2026-05-02T18:30:50.304,M0,640,0,M0 <- CPU 45% <= 50.0% (low),8,0.0,0.0,45.2,81.2,0.0,33.445066896314096,33.45,44.18,6,0.4012,71.76,0.0,0.0,45.2,81.2,0.0,438,310,128,29.22,29.22
2026-05-02T18:30:50.327,M1,480,1,M1 <- CPU 52% > 50.0%,9,0.0,0.0,52.1,81.3,0.0,34.39482662542433,34.39,21.64,3,0.4684,68.84,0.0,0.0,52.1,81.3,0.0,439,311,128,29.16,29.16
2026-05-02T18:30:50.347,M1,480,1,M1 <- CPU 52% > 50.0%,9,0.0,0.0,52.1,81.3,0.0,35.61557855744165,35.62,19.11,3,0.4925,63.54,0.0,0.0,52.1,81.3,0.0,441,312,129,29.25,29.25
2026-05-02T18:30:50.368,M1,480,1,M1 <- CPU 52% > 50.0%,9,0.0,0.0,52.1,81.3,0.0,36.66979702962175,36.67,20.01,4,0.5454,71.87,0.0,0.0,52.1,81.3,0.0,443,313,130,29.35,29.35
2026-05-02T18:30:50.387,M1,480,1,M1 <- CPU 52% > 50.0%,9,0.0,0.0,52.1,81.3,0.0,38.013983470758205,38.01,17.63,5,0.4693,68.82,0.0,0.0,52.1,81.3,0.0,445,314,131,29.44,29.44
2026-05-02T18:30:50.406,M1,480,1,M1 <- CPU 52% > 50.0%,9,0.0,0.0,52.1,81.3,0.0,39.34497450941928,39.34,17.41,3,0.4927,66.65,0.0,0.0,52.1,81.3,0.0,447,315,132,29.53,29.53
2026-05-02T18:30:50.424,M1,480,1,M1 <- CPU 52% > 50.0%,9,0.0,0.0,52.1,81.3,0.0,40.715047066427324,40.72,16.86,5,0.549,77.49,0.0,0.0,52.1,81.3,0.0,449,316,133,29.62,29.62
2026-05-02T18:30:50.442,M1,480,1,M1 <- CPU 52% > 50.0%,9,0.0,0.0,52.1,81.3,0.0,42.031008613275134,42.03,16.87,4,0.5729,81.06,0.0,0.0,52.1,81.3,0.0,451,317,134,29.71,29.71
2026-05-02T18:30:50.459,M1,480,1,M1 <- CPU 52% > 50.0%,9,0.0,0.0,52.1,81.3,0.0,43.31005013286145,43.31,16.77,4,0.6427,81.18,0.0,0.0,52.1,81.3,0.0,453,318,135,29.8,29.8
2026-05-02T18:30:50.477,M1,480,1,M1 <- CPU 52% > 50.0%,9,0.0,0.0,52.1,81.3,0.0,44.57372415128805,44.57,16.54,5,0.581,72.06,0.0,0.0,52.1,81.3,0.0,455,319,136,29.89,29.89
2026-05-02T18:30:50.501,M1,480,1,M1 <- CPU 52% > 50.0%,9,0.0,0.0,52.1,81.3,0.0,44.448689637955134,44.45,23.07,4,0.6477,82.65,0.0,0.0,52.1,81.3,0.0,457,320,137,29.98,29.98
2026-05-02T18:30:50.527,M1,480,1,M1 <- CPU 52% > 50.0%,9,0.0,0.0,52.1,81.3,0.0,44.12141982742078,44.12,24.17,5,0.5193,81.96,0.0,0.0,52.1,81.3,0.0,459,321,138,30.07,30.07
2026-05-02T18:30:50.545,M1,480,1,M1 <- CPU 52% > 50.0%,9,0.0,0.0,52.1,81.3,0.0,45.280290591621856,45.28,16.86,5,0.5508,78.18,0.0,0.0,52.1,81.3,0.0,461,322,139,30.15,30.15
2026-05-02T18:30:50.563,M1,480,1,M1 <- CPU 52% > 50.0%,9,0.0,0.0,52.1,81.3,0.0,46.36599377123288,46.37,16.91,6,0.511,71.74,0.0,0.0,52.1,81.3,0.0,463,323,140,30.24,30.24
2026-05-02T18:30:50.581,M1,480,1,M1 <- CPU 52% > 50.0%,9,0.0,0.0,52.1,81.3,0.0,47.326238517455586,47.33,17.19,5,0.5366,63.45,0.0,0.0,52.1,81.3,0.0,465,324,141,30.32,30.32
2026-05-02T18:30:50.598,M1,480,1,M1 <- CPU 52% > 50.0%,9,0.0,0.0,52.1,81.3,0.0,48.39645984466037,48.4,16.46,6,0.4361,71.62,0.0,0.0,52.1,81.3,0.0,467,325,142,30.41,30.41
2026-05-02T18:30:50.616,M1,480,1,M1 <- CPU 52% > 50.0%,9,0.0,0.0,52.1,81.3,0.0,49.24729221416855,49.25,17.09,6,0.4532,75.39,0.0,0.0,52.1,81.3,0.0,469,326,143,30.49,30.49
2026-05-02T18:30:50.634,M1,480,1,M1 <- CPU 52% > 50.0%,9,0.0,0.0,52.1,81.3,0.0,50.126905158317584,50.13,16.74,5,0.4426,69.78,0.0,0.0,52.1,81.3,0.0,471,327,144,30.57,30.57
2026-05-02T18:30:50.651,M1,480,1,M1 <- CPU 52% > 50.0%,9,0.0,0.0,52.1,81.3,0.0,51.11607527304324,51.12,16.09,5,0.6673,72.39,0.0,0.0,52.1,81.3,0.0,473,328,145,30.66,30.66
2026-05-02T18:30:50.669,M1,480,1,M1 <- CPU 52% > 50.0%,9,0.0,0.0,52.1,81.3,0.0,51.82716066816583,51.83,16.88,4,0.6267,79.19,0.0,0.0,52.1,81.3,0.0,475,329,146,30.74,30.74
2026-05-02T18:30:50.687,M1,480,1,M1 <- CPU 52% > 50.0%,9,0.0,0.0,52.1,81.3,0.0,52.436071757575306,52.44,17.05,4,0.6788,86.12,0.0,0.0,52.1,81.3,0.0,477,330,147,30.82,30.82
2026-05-02T18:30:50.705,M1,480,1,M1 <- CPU 52% > 50.0%,9,0.0,0.0,52.1,81.3,0.0,53.121982301982314,53.12,16.61,5,0.6369,83.26,0.0,0.0,52.1,81.3,0.0,479,331,148,30.9,30.9
2026-05-02T18:30:50.724,M1,480,1,M1 <- CPU 52% > 50.0%,9,0.0,0.0,52.1,81.3,0.0,53.13277099858381,53.13,18.79,5,0.5772,86.65,0.0,0.0,52.1,81.3,0.0,481,332,149,30.98,30.98
2026-05-02T18:30:50.744,M1,480,1,M1 <- CPU 52% > 50.0%,9,0.0,0.0,52.1,81.3,0.0,53.07566043384134,53.08,19.02,4,0.5787,87.47,0.0,0.0,52.1,81.3,0.0,483,333,150,31.06,31.06
2026-05-02T18:30:50.764,M1,480,1,M1 <- CPU 52% > 50.0%,9,0.0,0.0,52.1,81.3,0.0,53.10817809756468,53.11,18.73,4,0.6711,89.63,0.0,0.0,52.1,81.3,0.0,485,334,151,31.13,31.13
2026-05-02T18:30:50.785,M1,480,1,M1 <- CPU 52% > 50.0%,9,0.0,0.0,52.1,81.3,0.0,52.92546384463222,52.93,19.48,3,0.6938,85.7,0.0,0.0,52.1,81.3,0.0,487,335,152,31.21,31.21
2026-05-02T18:30:50.818,M1,480,1,M1 <- CPU 52% > 50.0%,9,0.0,0.0,52.1,81.3,0.0,49.3435428975014,49.34,32.61,4,0.5503,76.15,0.0,0.0,52.1,81.3,0.0,489,336,153,31.29,31.29
2026-05-02T18:30:50.854,M0,640,0,M0 <- CPU 46% <= 50.0% (low),10,0.0,0.0,46.4,81.4,0.0,46.16709729518032,46.17,34.21,2,0.5683,66.85,0.0,0.0,46.4,81.4,0.0,491,337,154,31.36,31.36
2026-05-02T18:30:50.887,M0,640,0,M0 <- CPU 46% <= 50.0% (low),10,0.0,0.0,46.4,81.4,0.0,44.011100379701546,44.01,32.27,5,0.4749,67.27,0.0,0.0,46.4,81.4,0.0,492,338,154,31.3,31.3
2026-05-02T18:30:50.918,M0,640,0,M0 <- CPU 46% <= 50.0% (low),10,0.0,0.0,46.4,81.4,0.0,42.57030464636838,42.57,30.41,4,0.4568,50.92,0.0,0.0,46.4,81.4,0.0,493,339,154,31.24,31.24
2026-05-02T18:30:50.949,M0,640,0,M0 <- CPU 46% <= 50.0% (low),10,0.0,0.0,46.4,81.4,0.0,41.42357320804814,41.42,29.99,4,0.5111,72.91,0.0,0.0,46.4,81.4,0.0,494,340,154,31.17,31.17
2026-05-02T18:30:50.980,M0,640,0,M0 <- CPU 46% <= 50.0% (low),10,0.0,0.0,46.4,81.4,0.0,40.32601438293536,40.33,30.71,2,0.7607,84.63,0.0,0.0,46.4,81.4,0.0,495,341,154,31.11,31.11
2026-05-02T18:30:51.011,M0,640,0,M0 <- CPU 46% <= 50.0% (low),10,0.0,0.0,46.4,81.4,0.0,39.495037050064205,39.5,30.02,2,0.7566,79.98,0.0,0.0,46.4,81.4,0.0,496,342,154,31.05,31.05
2026-05-02T18:30:51.044,M0,640,0,M0 <- CPU 46% <= 50.0% (low),10,0.0,0.0,46.4,81.4,0.0,38.46835925240445,38.47,32.08,2,0.773,85.59,0.0,0.0,46.4,81.4,0.0,497,343,154,30.99,30.99
2026-05-02T18:30:51.073,M0,640,0,M0 <- CPU 46% <= 50.0% (low),10,0.0,0.0,46.4,81.4,0.0,37.99013673610713,37.99,29.27,2,0.7333,80.26,0.0,0.0,46.4,81.4,0.0,498,344,154,30.92,30.92
2026-05-02T18:30:51.100,M0,640,0,M0 <- CPU 46% <= 50.0% (low),10,0.0,0.0,46.4,81.4,0.0,38.03809460053929,38.04,25.99,2,0.5519,58.36,0.0,0.0,46.4,81.4,0.0,499,345,154,30.86,30.86
2026-05-02T18:30:51.130,M0,640,0,M0 <- CPU 46% <= 50.0% (low),10,0.0,0.0,46.4,81.4,0.0,37.60438224378798,37.6,29.32,1,0.5662,56.62,0.0,0.0,46.4,81.4,0.0,500,346,154,30.8,30.8
2026-05-02T18:30:51.161,M0,640,0,M0 <- CPU 46% <= 50.0% (low),10,0.0,0.0,46.4,81.4,0.0,37.08630014004153,37.09,30.31,1,0.6213,62.13,0.0,0.0,46.4,81.4,0.0,501,347,154,30.74,30.74
2026-05-02T18:30:51.192,M0,640,0,M0 <- CPU 46% <= 50.0% (low),10,0.0,0.0,46.4,81.4,0.0,36.593152322865066,36.59,30.6,1,0.6658,66.58,0.0,0.0,46.4,81.4,0.0,502,348,154,30.68,30.68
2026-05-02T18:30:51.221,M0,640,0,M0 <- CPU 46% <= 50.0% (low),10,0.0,0.0,46.4,81.4,0.0,36.445895154992144,36.45,28.43,1,0.6677,66.77,0.0,0.0,46.4,81.4,0.0,503,349,154,30.62,30.62
2026-05-02T18:30:51.248,M0,640,0,M0 <- CPU 46% <= 50.0% (low),10,0.0,0.0,46.4,81.4,0.0,36.56855127125219,36.57,26.52,1,0.3511,35.11,0.0,0.0,46.4,81.4,0.0,504,350,154,30.56,30.56
2026-05-02T18:30:51.277,M0,640,0,M0 <- CPU 46% <= 50.0% (low),10,0.0,0.0,46.4,81.4,0.0,36.48414625572087,36.48,27.98,3,0.4352,66.15,0.0,0.0,46.4,81.4,0.0,505,351,154,30.5,30.5
2026-05-02T18:30:51.307,M0,640,0,M0 <- CPU 46% <= 50.0% (low),10,0.0,0.0,46.4,81.4,0.0,36.222414288808196,36.22,29.39,1,0.5174,51.74,0.0,0.0,46.4,81.4,0.0,506,352,154,30.43,30.43
2026-05-02T18:30:51.360,M0,640,0,M0 <- CPU 46% <= 50.0% (low),10,0.0,0.0,46.4,81.4,0.0,33.22840288463189,33.23,52.48,1,0.7057,70.57,0.0,0.0,46.4,81.4,0.0,507,353,154,30.37,30.37
2026-05-02T18:30:51.391,M0,640,0,M0 <- CPU 46% <= 50.0% (low),10,0.0,0.0,46.0,81.6,0.0,33.169128172211515,33.17,30.63,2,0.4644,57.39,0.0,0.0,46.0,81.6,0.0,508,354,154,30.31,30.31
2026-05-02T18:30:51.422,M0,640,0,M0 <- CPU 46% <= 50.0% (low),10,0.0,0.0,46.0,81.6,0.0,33.22452983046888,33.22,29.65,2,0.389,47.64,0.0,0.0,46.0,81.6,0.0,509,355,154,30.26,30.26
2026-05-02T18:30:51.453,M0,640,0,M0 <- CPU 46% <= 50.0% (low),10,0.0,0.0,46.0,81.6,0.0,33.205374270717165,33.21,30.27,2,0.5411,72.36,0.0,0.0,46.0,81.6,0.0,510,356,154,30.2,30.2
2026-05-02T18:30:51.483,M0,640,0,M0 <- CPU 46% <= 50.0% (low),10,0.0,0.0,46.0,81.6,0.0,33.253492198980524,33.25,29.68,3,0.4824,68.14,0.0,0.0,46.0,81.6,0.0,511,357,154,30.14,30.14
2026-05-02T18:30:51.511,M0,640,0,M0 <- CPU 46% <= 50.0% (low),10,0.0,0.0,46.0,81.6,0.0,33.522936378440036,33.52,27.65,3,0.4611,75.9,0.0,0.0,46.0,81.6,0.0,512,358,154,30.08,30.08
2026-05-02T18:30:51.541,M0,640,0,M0 <- CPU 46% <= 50.0% (low),10,0.0,0.0,46.0,81.6,0.0,33.616465020298385,33.62,29.0,4,0.3719,56.87,0.0,0.0,46.0,81.6,0.0,513,359,154,30.02,30.02
2026-05-02T18:30:51.567,M0,640,0,M0 <- CPU 46% <= 50.0% (low),10,0.0,0.0,46.0,81.6,0.0,34.085506850311866,34.09,25.65,5,0.4446,72.22,0.0,0.0,46.0,81.6,0.0,514,360,154,29.96,29.96
2026-05-02T18:30:51.593,M0,640,0,M0 <- CPU 46% <= 50.0% (low),10,0.0,0.0,46.0,81.6,0.0,34.527926664642685,34.53,25.58,5,0.4406,76.41,0.0,0.0,46.0,81.6,0.0,515,361,154,29.9,29.9
2026-05-02T18:30:51.620,M0,640,0,M0 <- CPU 46% <= 50.0% (low),10,0.0,0.0,46.0,81.6,0.0,34.91147414173664,34.91,25.78,5,0.4651,79.93,0.0,0.0,46.0,81.6,0.0,516,362,154,29.84,29.84
2026-05-02T18:30:51.647,M0,640,0,M0 <- CPU 46% <= 50.0% (low),10,0.0,0.0,46.0,81.6,0.0,35.19423540464491,35.19,26.34,5,0.5253,76.43,0.0,0.0,46.0,81.6,0.0,517,363,154,29.79,29.79
2026-05-02T18:30:51.673,M0,640,0,M0 <- CPU 46% <= 50.0% (low),10,0.0,0.0,46.0,81.6,0.0,35.53455735443571,35.53,25.69,4,0.5185,76.92,0.0,0.0,46.0,81.6,0.0,518,364,154,29.73,29.73
2026-05-02T18:30:51.700,M0,640,0,M0 <- CPU 46% <= 50.0% (low),10,0.0,0.0,46.0,81.6,0.0,35.75236383788479,35.75,26.43,4,0.5609,72.56,0.0,0.0,46.0,81.6,0.0,519,365,154,29.67,29.67
2026-05-02T18:30:51.726,M0,640,0,M0 <- CPU 46% <= 50.0% (low),10,0.0,0.0,46.0,81.6,0.0,36.038424708665744,36.04,25.75,4,0.6029,73.96,0.0,0.0,46.0,81.6,0.0,520,366,154,29.62,29.62
2026-05-02T18:30:51.752,M0,640,0,M0 <- CPU 46% <= 50.0% (low),10,0.0,0.0,46.0,81.6,0.0,36.31838296884066,36.32,25.61,4,0.5991,62.75,0.0,0.0,46.0,81.6,0.0,521,367,154,29.56,29.56
2026-05-02T18:30:51.779,M0,640,0,M0 <- CPU 46% <= 50.0% (low),10,0.0,0.0,46.0,81.6,0.0,36.47506015472815,36.48,26.35,4,0.5253,60.37,0.0,0.0,46.0,81.6,0.0,522,368,154,29.5,29.5
2026-05-02T18:30:51.805,M0,640,0,M0 <- CPU 46% <= 50.0% (low),10,0.0,0.0,46.0,81.6,0.0,36.76854987874471,36.77,25.23,3,0.6138,65.18,0.0,0.0,46.0,81.6,0.0,523,369,154,29.45,29.45
2026-05-02T18:30:51.831,M0,640,0,M0 <- CPU 46% <= 50.0% (low),10,0.0,0.0,46.0,81.6,0.0,37.00380346971975,37.0,25.47,4,0.4852,72.85,0.0,0.0,46.0,81.6,0.0,524,370,154,29.39,29.39
2026-05-02T18:30:51.871,M0,640,0,M0 <- CPU 46% <= 50.0% (low),10,0.0,0.0,46.0,81.6,0.0,35.40026234237397,35.4,39.27,3,0.5346,71.2,0.0,0.0,46.0,81.6,0.0,525,371,154,29.33,29.33
2026-05-02T18:30:51.898,M0,640,0,M0 <- CPU 40% <= 50.0% (low),10,0.0,0.0,40.4,81.6,0.0,35.62125330241769,35.62,26.5,4,0.5032,68.34,0.0,0.0,40.4,81.6,0.0,526,372,154,29.28,29.28
2026-05-02T18:30:51.925,M0,640,0,M0 <- CPU 40% <= 50.0% (low),10,0.0,0.0,40.4,81.6,0.0,35.8865592585786,35.89,26.0,4,0.576,75.84,0.0,0.0,40.4,81.6,0.0,527,373,154,29.22,29.22
2026-05-02T18:30:51.952,M0,640,0,M0 <- CPU 40% <= 50.0% (low),10,0.0,0.0,40.4,81.6,0.0,36.08059744144272,36.08,26.37,3,0.6401,71.53,0.0,0.0,40.4,81.6,0.0,528,374,154,29.17,29.17
2026-05-02T18:30:51.978,M0,640,0,M0 <- CPU 40% <= 50.0% (low),10,0.0,0.0,40.4,81.6,0.0,36.342353507912776,36.34,25.72,3,0.5767,70.59,0.0,0.0,40.4,81.6,0.0,529,375,154,29.11,29.11
2026-05-02T18:30:52.009,M0,640,0,M0 <- CPU 40% <= 50.0% (low),10,0.0,0.0,40.4,81.6,0.0,35.93286348580993,35.93,30.65,3,0.5547,71.75,0.0,0.0,40.4,81.6,0.0,530,376,154,29.06,29.06
2026-05-02T18:30:52.041,M0,640,0,M0 <- CPU 40% <= 50.0% (low),10,0.0,0.0,40.4,81.6,0.0,35.49660835360711,35.5,31.25,4,0.5854,70.92,0.0,0.0,40.4,81.6,0.0,531,377,154,29.0,29.0
2026-05-02T18:30:52.072,M0,640,0,M0 <- CPU 40% <= 50.0% (low),10,0.0,0.0,40.4,81.6,0.0,35.2293194958607,35.23,30.31,3,0.5974,71.59,0.0,0.0,40.4,81.6,0.0,532,378,154,28.95,28.95
2026-05-02T18:30:52.104,M0,640,0,M0 <- CPU 40% <= 50.0% (low),10,0.0,0.0,40.4,81.6,0.0,34.94369575079225,34.94,30.71,2,0.6446,65.58,0.0,0.0,40.4,81.6,0.0,533,379,154,28.89,28.89
2026-05-02T18:30:52.135,M0,640,0,M0 <- CPU 40% <= 50.0% (low),10,0.0,0.0,40.4,81.6,0.0,34.72641983412248,34.73,30.41,3,0.6145,77.1,0.0,0.0,40.4,81.6,0.0,534,380,154,28.84,28.84
2026-05-02T18:30:52.164,M0,640,0,M0 <- CPU 40% <= 50.0% (low),10,0.0,0.0,40.4,81.6,0.0,34.80401034695823,34.8,28.15,3,0.5766,69.89,0.0,0.0,40.4,81.6,0.0,535,381,154,28.79,28.79
2026-05-02T18:30:52.190,M0,640,0,M0 <- CPU 40% <= 50.0% (low),10,0.0,0.0,40.4,81.6,0.0,35.129564821093524,35.13,26.07,2,0.7497,77.65,0.0,0.0,40.4,81.6,0.0,536,382,154,28.73,28.73
2026-05-02T18:30:52.217,M0,640,0,M0 <- CPU 40% <= 50.0% (low),10,0.0,0.0,40.4,81.6,0.0,35.43953388354385,35.44,25.98,2,0.7311,73.83,0.0,0.0,40.4,81.6,0.0,537,383,154,28.68,28.68
2026-05-02T18:30:52.243,M0,640,0,M0 <- CPU 40% <= 50.0% (low),10,0.0,0.0,40.4,81.6,0.0,35.749118296206255,35.75,25.77,2,0.6195,74.32,0.0,0.0,40.4,81.6,0.0,538,384,154,28.62,28.62
2026-05-02T18:30:52.270,M0,640,0,M0 <- CPU 40% <= 50.0% (low),10,0.0,0.0,40.4,81.6,0.0,36.02426021481882,36.02,25.84,2,0.5999,74.59,0.0,0.0,40.4,81.6,0.0,539,385,154,28.57,28.57
2026-05-02T18:30:52.297,M0,640,0,M0 <- CPU 40% <= 50.0% (low),10,0.0,0.0,40.4,81.6,0.0,36.18557939942534,36.19,26.52,2,0.5628,76.67,0.0,0.0,40.4,81.6,0.0,540,386,154,28.52,28.52
2026-05-02T18:30:52.323,M0,640,0,M0 <- CPU 40% <= 50.0% (low),10,0.0,0.0,40.4,81.6,0.0,36.40334505931469,36.4,25.98,3,0.5182,76.54,0.0,0.0,40.4,81.6,0.0,541,387,154,28.47,28.47
2026-05-02T18:30:52.349,M0,640,0,M0 <- CPU 40% <= 50.0% (low),10,0.0,0.0,40.4,81.6,0.0,36.63188922887433,36.63,25.76,3,0.6254,74.69,0.0,0.0,40.4,81.6,0.0,542,388,154,28.41,28.41
2026-05-02T18:30:52.393,M0,640,0,M0 <- CPU 40% <= 50.0% (low),10,0.0,0.0,40.4,81.6,0.0,34.61827338385828,34.62,43.18,3,0.6275,74.31,0.0,0.0,40.4,81.6,0.0,543,389,154,28.36,28.36
2026-05-02T18:30:52.420,M0,640,0,M0 <- CPU 40% <= 50.0% (low),10,0.0,0.0,40.0,81.7,0.0,34.964162456071584,34.96,26.03,2,0.6284,75.54,0.0,0.0,40.0,81.7,0.0,544,390,154,28.31,28.31
2026-05-02T18:30:52.447,M0,640,0,M0 <- CPU 40% <= 50.0% (low),10,0.0,0.0,40.0,81.7,0.0,35.33580789343338,35.34,25.59,1,0.7819,78.19,0.0,0.0,40.0,81.7,0.0,545,391,154,28.26,28.26
2026-05-02T18:30:52.473,M0,640,0,M0 <- CPU 40% <= 50.0% (low),10,0.0,0.0,40.0,81.7,0.0,35.625579888923724,35.63,26.0,2,0.6039,76.61,0.0,0.0,40.0,81.7,0.0,546,392,154,28.21,28.21
2026-05-02T18:30:52.499,M0,640,0,M0 <- CPU 40% <= 50.0% (low),10,0.0,0.0,40.0,81.7,0.0,35.952222042350975,35.95,25.52,2,0.647,65.26,0.0,0.0,40.0,81.7,0.0,547,393,154,28.15,28.15
2026-05-02T18:30:52.528,M0,640,0,M0 <- CPU 40% <= 50.0% (low),10,0.0,0.0,40.0,81.7,0.0,35.90228878298118,35.9,28.2,2,0.6406,74.15,0.0,0.0,40.0,81.7,0.0,548,394,154,28.1,28.1
2026-05-02T18:30:52.555,M0,640,0,M0 <- CPU 40% <= 50.0% (low),10,0.0,0.0,40.0,81.7,0.0,36.09176408864003,36.09,26.39,2,0.6709,74.12,0.0,0.0,40.0,81.7,0.0,549,395,154,28.05,28.05
2026-05-02T18:30:52.585,M0,640,0,M0 <- CPU 40% <= 50.0% (low),10,0.0,0.0,40.0,81.7,0.0,35.90889440206001,35.91,29.12,2,0.7248,77.78,0.0,0.0,40.0,81.7,0.0,550,396,154,28.0,28.0
2026-05-02T18:30:52.615,M0,640,0,M0 <- CPU 40% <= 50.0% (low),10,0.0,0.0,40.0,81.7,0.0,35.68116493408594,35.68,29.63,2,0.5019,71.73,0.0,0.0,40.0,81.7,0.0,551,397,154,27.95,27.95
2026-05-02T18:30:52.646,M0,640,0,M0 <- CPU 40% <= 50.0% (low),10,0.0,0.0,40.0,81.7,0.0,35.38771809842991,35.39,30.35,1,0.7019,70.19,0.0,0.0,40.0,81.7,0.0,552,398,154,27.9,27.9
2026-05-02T18:30:52.677,M0,640,0,M0 <- CPU 40% <= 50.0% (low),10,0.0,0.0,40.0,81.7,0.0,35.11623535001481,35.12,30.44,2,0.5064,63.9,0.0,0.0,40.0,81.7,0.0,553,399,154,27.85,27.85
2026-05-02T18:30:52.707,M0,640,0,M0 <- CPU 40% <= 50.0% (low),10,0.0,0.0,40.0,81.7,0.0,34.99278842782768,34.99,29.48,1,0.7777,77.77,0.0,0.0,40.0,81.7,0.0,554,400,154,27.8,27.8
2026-05-02T18:30:52.742,M0,640,0,M0 <- CPU 40% <= 50.0% (low),10,0.0,0.0,40.0,81.7,0.0,34.353663708890885,34.35,33.89,1,0.8317,83.17,0.0,0.0,40.0,81.7,0.0,555,401,154,27.75,27.75
2026-05-02T18:30:52.772,M0,640,0,M0 <- CPU 40% <= 50.0% (low),10,0.0,0.0,40.0,81.7,0.0,34.25053900481714,34.25,29.99,1,0.8117,81.17,0.0,0.0,40.0,81.7,0.0,556,402,154,27.7,27.7
2026-05-02T18:30:52.802,M0,640,0,M0 <- CPU 40% <= 50.0% (low),10,0.0,0.0,40.0,81.7,0.0,34.309578616313374,34.31,28.69,1,0.8172,81.72,0.0,0.0,40.0,81.7,0.0,557,403,154,27.65,27.65
2026-05-02T18:30:52.829,M0,640,0,M0 <- CPU 40% <= 50.0% (low),10,0.0,0.0,40.0,81.7,0.0,34.62207284531964,34.62,26.52,1,0.836,83.6,0.0,0.0,40.0,81.7,0.0,558,404,154,27.6,27.6
2026-05-02T18:30:52.856,M0,640,0,M0 <- CPU 40% <= 50.0% (low),10,0.0,0.0,40.0,81.7,0.0,34.94941079632942,34.95,26.18,1,0.7021,70.21,0.0,0.0,40.0,81.7,0.0,559,405,154,27.55,27.55
2026-05-02T18:30:52.900,M0,640,0,M0 <- CPU 40% <= 50.0% (low),10,0.0,0.0,40.0,81.7,0.0,33.21452818453343,33.21,43.56,1,0.4947,49.47,0.0,0.0,40.0,81.7,0.0,560,406,154,27.5,27.5
2026-05-02T18:30:52.932,M0,640,0,M0 <- CPU 41% <= 50.0% (low),10,0.0,0.0,41.2,81.7,0.0,33.10257923281729,33.1,31.13,1,0.6865,68.65,0.0,0.0,41.2,81.7,0.0,561,407,154,27.45,27.45
2026-05-02T18:30:52.965,M0,640,0,M0 <- CPU 41% <= 50.0% (low),10,0.0,0.0,41.2,81.7,0.0,33.15645144503285,33.16,29.72,0,0.0,0.0,0.0,0.0,41.2,81.7,0.0,562,408,154,27.4,27.4
2026-05-02T18:30:52.994,M0,640,0,M0 <- CPU 41% <= 50.0% (low),10,0.0,0.0,41.2,81.7,0.0,33.41428269723265,33.41,27.83,0,0.0,0.0,0.0,0.0,41.2,81.7,0.0,563,409,154,27.35,27.35
2026-05-02T18:30:53.023,M0,640,0,M0 <- CPU 41% <= 50.0% (low),10,0.0,0.0,41.2,81.7,0.0,33.603521601972425,33.6,28.24,1,0.277,27.7,0.0,0.0,41.2,81.7,0.0,564,410,154,27.3,27.3
2026-05-02T18:30:53.049,M0,640,0,M0 <- CPU 41% <= 50.0% (low),10,0.0,0.0,41.2,81.7,0.0,34.013042748016204,34.01,26.18,2,0.2758,27.96,0.0,0.0,41.2,81.7,0.0,565,411,154,27.26,27.26
2026-05-02T18:30:53.076,M0,640,0,M0 <- CPU 41% <= 50.0% (low),10,0.0,0.0,41.2,81.7,0.0,34.42347671681738,34.42,25.9,1,0.3493,34.93,0.0,0.0,41.2,81.7,0.0,566,412,154,27.21,27.21
2026-05-02T18:30:53.103,M0,640,0,M0 <- CPU 41% <= 50.0% (low),10,0.0,0.0,41.2,81.7,0.0,34.7640202351049,34.76,26.2,1,0.2969,29.69,0.0,0.0,41.2,81.7,0.0,567,413,154,27.16,27.16
2026-05-02T18:30:53.129,M0,640,0,M0 <- CPU 41% <= 50.0% (low),10,0.0,0.0,41.2,81.7,0.0,35.12580040324189,35.13,25.8,1,0.3978,39.78,0.0,0.0,41.2,81.7,0.0,568,414,154,27.11,27.11
2026-05-02T18:30:53.155,M0,640,0,M0 <- CPU 41% <= 50.0% (low),10,0.0,0.0,41.2,81.7,0.0,35.48088241127026,35.48,25.62,2,0.3933,39.82,0.0,0.0,41.2,81.7,0.0,569,415,154,27.07,27.07
2026-05-02T18:30:53.182,M0,640,0,M0 <- CPU 41% <= 50.0% (low),10,0.0,0.0,41.2,81.7,0.0,35.70671685253288,35.71,26.4,3,0.4288,57.39,0.0,0.0,41.2,81.7,0.0,570,416,154,27.02,27.02
2026-05-02T18:30:53.208,M0,640,0,M0 <- CPU 41% <= 50.0% (low),10,0.0,0.0,41.2,81.7,0.0,36.00346526200955,36.0,25.7,3,0.4228,51.35,0.0,0.0,41.2,81.7,0.0,571,417,154,26.97,26.97
2026-05-02T18:30:53.235,M0,640,0,M0 <- CPU 41% <= 50.0% (low),10,0.0,0.0,41.2,81.7,0.0,36.263014675027755,36.26,25.79,1,0.5809,58.09,0.0,0.0,41.2,81.7,0.0,572,418,154,26.92,26.92
2026-05-02T18:30:53.261,M0,640,0,M0 <- CPU 41% <= 50.0% (low),10,0.0,0.0,41.2,81.7,0.0,36.47310453270157,36.47,25.99,3,0.447,67.18,0.0,0.0,41.2,81.7,0.0,573,419,154,26.88,26.88
2026-05-02T18:30:53.288,M0,640,0,M0 <- CPU 41% <= 50.0% (low),10,0.0,0.0,41.2,81.7,0.0,36.65068312313199,36.65,26.09,2,0.582,63.12,0.0,0.0,41.2,81.7,0.0,574,420,154,26.83,26.83
2026-05-02T18:30:53.314,M0,640,0,M0 <- CPU 41% <= 50.0% (low),10,0.0,0.0,41.2,81.7,0.0,36.890929910521244,36.89,25.51,3,0.3987,52.77,0.0,0.0,41.2,81.7,0.0,575,421,154,26.78,26.78
2026-05-02T18:30:53.340,M0,640,0,M0 <- CPU 41% <= 50.0% (low),10,0.0,0.0,41.2,81.7,0.0,37.044212983269134,37.04,25.99,3,0.4465,58.94,0.0,0.0,41.2,81.7,0.0,576,422,154,26.74,26.74
2026-05-02T18:30:53.367,M0,640,0,M0 <- CPU 41% <= 50.0% (low),10,0.0,0.0,41.2,81.7,0.0,37.232361771234984,37.23,25.63,3,0.4052,50.56,0.0,0.0,41.2,81.7,0.0,577,423,154,26.69,26.69
2026-05-02T18:30:53.409,M0,640,0,M0 <- CPU 41% <= 50.0% (low),10,0.0,0.0,41.2,81.7,0.0,35.22163486188712,35.22,42.19,4,0.4567,58.04,0.0,0.0,41.2,81.7,0.0,578,424,154,26.64,26.64
2026-05-02T18:30:53.438,M0,640,0,M0 <- CPU 39% <= 50.0% (low),10,0.0,0.0,39.2,81.7,0.0,35.29658643534862,35.3,27.79,4,0.4375,56.68,0.0,0.0,39.2,81.7,0.0,579,425,154,26.6,26.6
2026-05-02T18:30:53.465,M0,640,0,M0 <- CPU 39% <= 50.0% (low),10,0.0,0.0,39.2,81.7,0.0,35.595433292960045,35.6,25.95,4,0.4274,56.48,0.0,0.0,39.2,81.7,0.0,580,426,154,26.55,26.55
2026-05-02T18:30:53.491,M0,640,0,M0 <- CPU 39% <= 50.0% (low),10,0.0,0.0,39.2,81.7,0.0,35.88216209539367,35.88,25.85,5,0.4545,55.06,0.0,0.0,39.2,81.7,0.0,581,427,154,26.51,26.51
2026-05-02T18:30:53.519,M0,640,0,M0 <- CPU 39% <= 50.0% (low),10,0.0,0.0,39.2,81.7,0.0,35.95802355119963,35.96,27.28,5,0.4881,70.93,0.0,0.0,39.2,81.7,0.0,582,428,154,26.46,26.46
2026-05-02T18:30:53.550,M0,640,0,M0 <- CPU 39% <= 50.0% (low),10,0.0,0.0,39.2,81.7,0.0,35.61055808400261,35.61,30.52,5,0.4924,62.51,0.0,0.0,39.2,81.7,0.0,583,429,154,26.42,26.42
2026-05-02T18:30:53.580,M0,640,0,M0 <- CPU 39% <= 50.0% (low),10,0.0,0.0,39.2,81.7,0.0,35.41522310968226,35.42,29.63,5,0.4884,64.61,0.0,0.0,39.2,81.7,0.0,584,430,154,26.37,26.37
2026-05-02T18:30:53.611,M0,640,0,M0 <- CPU 39% <= 50.0% (low),10,0.0,0.0,39.2,81.7,0.0,35.15199439681549,35.15,30.35,6,0.4961,64.2,0.0,0.0,39.2,81.7,0.0,585,431,154,26.32,26.32
2026-05-02T18:30:53.641,M0,640,0,M0 <- CPU 39% <= 50.0% (low),10,0.0,0.0,39.2,81.7,0.0,35.02703244016127,35.03,29.46,6,0.5091,66.89,0.0,0.0,39.2,81.7,0.0,586,432,154,26.28,26.28
2026-05-02T18:30:53.669,M0,640,0,M0 <- CPU 39% <= 50.0% (low),10,0.0,0.0,39.2,81.7,0.0,35.27366563407885,35.27,26.55,5,0.4474,67.58,0.0,0.0,39.2,81.7,0.0,587,433,154,26.24,26.24
2026-05-02T18:30:53.695,M0,640,0,M0 <- CPU 39% <= 50.0% (low),10,0.0,0.0,39.2,81.7,0.0,35.57232235053048,35.57,25.97,5,0.4583,60.64,0.0,0.0,39.2,81.7,0.0,588,434,154,26.19,26.19
2026-05-02T18:30:53.721,M0,640,0,M0 <- CPU 39% <= 50.0% (low),10,0.0,0.0,39.2,81.7,0.0,35.89416469233394,35.89,25.59,4,0.4738,56.57,0.0,0.0,39.2,81.7,0.0,589,435,154,26.15,26.15
2026-05-02T18:30:53.748,M0,640,0,M0 <- CPU 39% <= 50.0% (low),10,0.0,0.0,39.2,81.7,0.0,36.130212136355766,36.13,26.04,5,0.3844,62.3,0.0,0.0,39.2,81.7,0.0,590,436,154,26.1,26.1
2026-05-02T18:30:53.775,M0,640,0,M0 <- CPU 39% <= 50.0% (low),10,0.0,0.0,39.2,81.7,0.0,36.307869735044854,36.31,26.32,6,0.4085,66.42,0.0,0.0,39.2,81.7,0.0,591,437,154,26.06,26.06
2026-05-02T18:30:53.801,M0,640,0,M0 <- CPU 39% <= 50.0% (low),10,0.0,0.0,39.2,81.7,0.0,36.58599906334566,36.59,25.45,4,0.5231,68.25,0.0,0.0,39.2,81.7,0.0,592,438,154,26.01,26.01
2026-05-02T18:30:53.827,M0,640,0,M0 <- CPU 39% <= 50.0% (low),10,0.0,0.0,39.2,81.7,0.0,36.77244670028551,36.77,25.95,3,0.5348,66.5,0.0,0.0,39.2,81.7,0.0,593,439,154,25.97,25.97
2026-05-02T18:30:53.854,M0,640,0,M0 <- CPU 39% <= 50.0% (low),10,0.0,0.0,39.2,81.7,0.0,36.847130866571945,36.85,26.64,3,0.6443,75.26,0.0,0.0,39.2,81.7,0.0,594,440,154,25.93,25.93
2026-05-02T18:30:53.881,M0,640,0,M0 <- CPU 39% <= 50.0% (low),10,0.0,0.0,39.2,81.7,0.0,37.03887470548703,37.04,25.73,5,0.5585,74.05,0.0,0.0,39.2,81.7,0.0,595,441,154,25.88,25.88
2026-05-02T18:30:53.910,M0,640,0,M0 <- CPU 39% <= 50.0% (low),10,0.0,0.0,39.2,81.7,0.0,36.85501630365993,36.86,28.35,6,0.5403,72.79,0.0,0.0,39.2,81.7,0.0,596,442,154,25.84,25.84
2026-05-02T18:30:53.954,M0,640,0,M0 <- CPU 39% <= 50.0% (low),10,0.0,0.0,39.2,81.7,0.0,34.70315221029488,34.7,43.96,5,0.5376,67.19,0.0,0.0,39.2,81.7,0.0,597,443,154,25.8,25.8
2026-05-02T18:30:53.987,M0,640,0,M0 <- CPU 40% <= 50.0% (low),10,0.0,0.0,39.7,81.8,0.0,34.339566283820616,34.34,31.87,5,0.5798,66.86,0.0,0.0,39.7,81.8,0.0,598,444,154,25.75,25.75
2026-05-02T18:30:54.019,M0,640,0,M0 <- CPU 40% <= 50.0% (low),10,0.0,0.0,39.7,81.8,0.0,34.125930682598046,34.13,30.94,5,0.5593,70.12,0.0,0.0,39.7,81.8,0.0,599,445,154,25.71,25.71
2026-05-02T18:30:54.050,M0,640,0,M0 <- CPU 40% <= 50.0% (low),10,0.0,0.0,39.7,81.8,0.0,33.97116216572349,33.97,30.64,5,0.5142,70.14,0.0,0.0,39.7,81.8,0.0,600,446,154,25.67,25.67
2026-05-02T18:30:54.078,M0,640,0,M0 <- CPU 40% <= 50.0% (low),10,0.0,0.0,39.7,81.8,0.0,34.24489864105735,34.24,27.08,4,0.5352,74.61,0.0,0.0,39.7,81.8,0.0,601,447,154,25.62,25.62
2026-05-02T18:30:54.106,M0,640,0,M0 <- CPU 40% <= 50.0% (low),10,0.0,0.0,39.7,81.8,0.0,34.465497076456835,34.47,27.33,4,0.5731,75.02,0.0,0.0,39.7,81.8,0.0,602,448,154,25.58,25.58
2026-05-02T18:30:54.134,M0,640,0,M0 <- CPU 40% <= 50.0% (low),10,0.0,0.0,39.7,81.8,0.0,34.6435812787868,34.64,27.52,3,0.654,70.3,0.0,0.0,39.7,81.8,0.0,603,449,154,25.54,25.54
2026-05-02T18:30:54.161,M0,640,0,M0 <- CPU 40% <= 50.0% (low),10,0.0,0.0,39.7,81.8,0.0,34.87574609337755,34.88,26.94,4,0.5745,73.53,0.0,0.0,39.7,81.8,0.0,604,450,154,25.5,25.5
2026-05-02T18:30:54.189,M0,640,0,M0 <- CPU 40% <= 50.0% (low),10,0.0,0.0,39.7,81.8,0.0,35.03657874946878,35.04,27.36,5,0.523,76.65,0.0,0.0,39.7,81.8,0.0,605,451,154,25.45,25.45
2026-05-02T18:30:54.217,M0,640,0,M0 <- CPU 40% <= 50.0% (low),10,0.0,0.0,39.7,81.8,0.0,35.16356007941771,35.16,27.51,4,0.5612,79.13,0.0,0.0,39.7,81.8,0.0,606,452,154,25.41,25.41
2026-05-02T18:30:54.245,M0,640,0,M0 <- CPU 40% <= 50.0% (low),10,0.0,0.0,39.7,81.8,0.0,35.36924749831634,35.37,26.78,3,0.6055,76.65,0.0,0.0,39.7,81.8,0.0,607,453,154,25.37,25.37
2026-05-02T18:30:54.272,M0,640,0,M0 <- CPU 40% <= 50.0% (low),10,0.0,0.0,39.7,81.8,0.0,35.543038225058424,35.54,26.89,4,0.5533,79.02,0.0,0.0,39.7,81.8,0.0,608,454,154,25.33,25.33
2026-05-02T18:30:54.301,M0,640,0,M0 <- CPU 40% <= 50.0% (low),10,0.0,0.0,39.7,81.8,0.0,35.59024708937792,35.59,27.76,6,0.4537,75.8,0.0,0.0,39.7,81.8,0.0,609,455,154,25.29,25.29
2026-05-02T18:30:54.328,M0,640,0,M0 <- CPU 40% <= 50.0% (low),10,0.0,0.0,39.7,81.8,0.0,35.78508154348637,35.79,26.57,5,0.5405,82.34,0.0,0.0,39.7,81.8,0.0,610,456,154,25.25,25.25
2026-05-02T18:30:54.355,M0,640,0,M0 <- CPU 40% <= 50.0% (low),10,0.0,0.0,39.7,81.8,0.0,35.874102292842345,35.87,27.25,4,0.6206,82.46,0.0,0.0,39.7,81.8,0.0,611,457,154,25.2,25.2
2026-05-02T18:30:54.383,M0,640,0,M0 <- CPU 40% <= 50.0% (low),10,0.0,0.0,39.7,81.8,0.0,35.995535163282135,36.0,26.93,6,0.5406,80.2,0.0,0.0,39.7,81.8,0.0,612,458,154,25.16,25.16
2026-05-02T18:30:54.410,M0,640,0,M0 <- CPU 40% <= 50.0% (low),10,0.0,0.0,39.7,81.8,0.0,36.22071696461877,36.22,26.05,7,0.5119,80.94,0.0,0.0,39.7,81.8,0.0,613,459,154,25.12,25.12
2026-05-02T18:30:54.446,M0,640,0,M0 <- CPU 40% <= 50.0% (low),10,0.0,0.0,39.7,81.8,0.0,35.12169597406388,35.12,36.25,8,0.5191,81.83,0.0,0.0,39.7,81.8,0.0,614,460,154,25.08,25.08
2026-05-02T18:30:54.475,M0,640,0,M0 <- CPU 42% <= 50.0% (low),10,0.0,0.0,41.9,81.8,0.0,35.22811305829636,35.23,27.61,4,0.5269,73.03,0.0,0.0,41.9,81.8,0.0,615,461,154,25.04,25.04
2026-05-02T18:30:54.502,M0,640,0,M0 <- CPU 42% <= 50.0% (low),10,0.0,0.0,41.9,81.8,0.0,35.448696778726514,35.45,26.62,5,0.5499,82.22,0.0,0.0,41.9,81.8,0.0,616,462,154,25.0,25.0
2026-05-02T18:30:54.530,M0,640,0,M0 <- CPU 42% <= 50.0% (low),10,0.0,0.0,41.9,81.8,0.0,35.53502484603931,35.54,27.52,4,0.6173,77.22,0.0,0.0,41.9,81.8,0.0,617,463,154,24.96,24.96
2026-05-02T18:30:54.560,M0,640,0,M0 <- CPU 42% <= 50.0% (low),10,0.0,0.0,41.9,81.8,0.0,35.44793092608718,35.45,28.83,5,0.525,82.82,0.0,0.0,41.9,81.8,0.0,618,464,154,24.92,24.92
2026-05-02T18:30:54.587,M0,640,0,M0 <- CPU 42% <= 50.0% (low),10,0.0,0.0,41.9,81.8,0.0,35.685246317200054,35.69,26.33,5,0.5759,78.29,0.0,0.0,41.9,81.8,0.0,619,465,154,24.88,24.88
2026-05-02T18:30:54.614,M0,640,0,M0 <- CPU 42% <= 50.0% (low),10,0.0,0.0,41.9,81.8,0.0,35.90948663751419,35.91,26.27,5,0.5814,78.35,0.0,0.0,41.9,81.8,0.0,620,466,154,24.84,24.84
2026-05-02T18:30:54.641,M0,640,0,M0 <- CPU 42% <= 50.0% (low),10,0.0,0.0,41.9,81.8,0.0,36.086516007525056,36.09,26.48,5,0.5283,79.06,0.0,0.0,41.9,81.8,0.0,621,467,154,24.8,24.8
2026-05-02T18:30:54.667,M0,640,0,M0 <- CPU 42% <= 50.0% (low),10,0.0,0.0,41.9,81.8,0.0,36.34995982141809,36.35,25.7,5,0.5398,81.44,0.0,0.0,41.9,81.8,0.0,622,468,154,24.76,24.76
2026-05-02T18:30:54.694,M0,640,0,M0 <- CPU 42% <= 50.0% (low),10,0.0,0.0,41.9,81.8,0.0,36.46306505071383,36.46,26.66,5,0.5224,70.47,0.0,0.0,41.9,81.8,0.0,623,469,154,24.72,24.72
2026-05-02T18:30:54.721,M0,640,0,M0 <- CPU 42% <= 50.0% (low),10,0.0,0.0,41.9,81.8,0.0,36.603401979749535,36.6,26.37,5,0.5916,82.34,0.0,0.0,41.9,81.8,0.0,624,470,154,24.68,24.68
2026-05-02T18:30:54.747,M0,640,0,M0 <- CPU 42% <= 50.0% (low),10,0.0,0.0,41.9,81.8,0.0,36.818694017460075,36.82,25.72,6,0.5008,87.27,0.0,0.0,41.9,81.8,0.0,625,471,154,24.64,24.64
2026-05-02T18:30:54.774,M0,640,0,M0 <- CPU 42% <= 50.0% (low),10,0.0,0.0,41.9,81.8,0.0,37.00514258772348,37.01,25.79,5,0.6303,84.11,0.0,0.0,41.9,81.8,0.0,626,472,154,24.6,24.6
2026-05-02T18:30:54.800,M0,640,0,M0 <- CPU 42% <= 50.0% (low),10,0.0,0.0,41.9,81.8,0.0,37.16387281336906,37.16,25.87,5,0.5623,85.9,0.0,0.0,41.9,81.8,0.0,627,473,154,24.56,24.56
2026-05-02T18:30:54.826,M0,640,0,M0 <- CPU 42% <= 50.0% (low),10,0.0,0.0,41.9,81.8,0.0,37.39586943915432,37.4,25.24,4,0.5773,82.41,0.0,0.0,41.9,81.8,0.0,628,474,154,24.52,24.52
2026-05-02T18:30:54.852,M0,640,0,M0 <- CPU 42% <= 50.0% (low),10,0.0,0.0,41.9,81.8,0.0,37.59052856887299,37.59,25.36,4,0.4972,60.05,0.0,0.0,41.9,81.8,0.0,629,475,154,24.48,24.48
2026-05-02T18:30:54.878,M0,640,0,M0 <- CPU 42% <= 50.0% (low),10,0.0,0.0,41.9,81.8,0.0,37.71545958648619,37.72,25.72,5,0.4393,53.3,0.0,0.0,41.9,81.8,0.0,630,476,154,24.44,24.44
2026-05-02T18:30:54.904,M0,640,0,M0 <- CPU 42% <= 50.0% (low),10,0.0,0.0,41.9,81.8,0.0,37.897626112351475,37.9,25.24,4,0.401,50.96,0.0,0.0,41.9,81.8,0.0,631,477,154,24.41,24.41
2026-05-02T18:30:54.930,M0,640,0,M0 <- CPU 42% <= 50.0% (low),10,0.0,0.0,41.9,81.8,0.0,38.105185026224476,38.11,24.95,3,0.5685,65.12,0.0,0.0,41.9,81.8,0.0,632,478,154,24.37,24.37
2026-05-02T18:30:54.969,M0,640,0,M0 <- CPU 42% <= 50.0% (low),10,0.0,0.0,41.9,81.8,0.0,36.30414752100152,36.3,39.26,3,0.5975,70.28,0.0,0.0,41.9,81.8,0.0,633,479,154,24.33,24.33
2026-05-02T18:30:54.997,M0,640,0,M0 <- CPU 40% <= 50.0% (low),10,0.0,0.0,40.0,81.9,0.0,36.45005383072697,36.45,26.44,3,0.5408,61.45,0.0,0.0,40.0,81.9,0.0,634,480,154,24.29,24.29
2026-05-02T18:30:55.025,M0,640,0,M0 <- CPU 40% <= 50.0% (low),10,0.0,0.0,40.0,81.9,0.0,36.43614342872395,36.44,27.54,3,0.549,71.65,0.0,0.0,40.0,81.9,0.0,635,481,154,24.25,24.25
2026-05-02T18:30:55.052,M0,640,0,M0 <- CPU 40% <= 50.0% (low),10,0.0,0.0,40.0,81.9,0.0,36.595108560531685,36.6,26.25,3,0.545,69.81,0.0,0.0,40.0,81.9,0.0,636,482,154,24.21,24.21
2026-05-02T18:30:55.079,M0,640,0,M0 <- CPU 40% <= 50.0% (low),10,0.0,0.0,40.0,81.9,0.0,36.73791684654977,36.74,26.26,4,0.558,74.75,0.0,0.0,40.0,81.9,0.0,637,483,154,24.18,24.18
2026-05-02T18:30:55.105,M0,640,0,M0 <- CPU 40% <= 50.0% (low),10,0.0,0.0,40.0,81.9,0.0,36.976373254660345,36.98,25.46,3,0.5414,65.94,0.0,0.0,40.0,81.9,0.0,638,484,154,24.14,24.14
2026-05-02T18:30:55.132,M0,640,0,M0 <- CPU 40% <= 50.0% (low),10,0.0,0.0,40.0,81.9,0.0,37.103531099235155,37.1,26.12,4,0.4857,65.22,0.0,0.0,40.0,81.9,0.0,639,485,154,24.1,24.1
2026-05-02T18:30:55.158,M0,640,0,M0 <- CPU 40% <= 50.0% (low),10,0.0,0.0,40.0,81.9,0.0,37.32050392090828,37.32,25.38,4,0.545,73.72,0.0,0.0,40.0,81.9,0.0,640,486,154,24.06,24.06
2026-05-02T18:30:55.184,M0,640,0,M0 <- CPU 40% <= 50.0% (low),10,0.0,0.0,40.0,81.9,0.0,37.50993310088512,37.51,25.44,5,0.4561,67.04,0.0,0.0,40.0,81.9,0.0,641,487,154,24.02,24.02
2026-05-02T18:30:55.210,M0,640,0,M0 <- CPU 40% <= 50.0% (low),10,0.0,0.0,40.0,81.9,0.0,37.61405475331415,37.61,25.92,5,0.539,70.3,0.0,0.0,40.0,81.9,0.0,642,488,154,23.99,23.99
2026-05-02T18:30:55.236,M0,640,0,M0 <- CPU 40% <= 50.0% (low),10,0.0,0.0,40.0,81.9,0.0,37.773174938557425,37.77,25.47,4,0.5197,71.68,0.0,0.0,40.0,81.9,0.0,643,489,154,23.95,23.95
2026-05-02T18:30:55.262,M0,640,0,M0 <- CPU 40% <= 50.0% (low),10,0.0,0.0,40.0,81.9,0.0,37.877623405878666,37.88,25.74,5,0.4426,71.77,0.0,0.0,40.0,81.9,0.0,644,490,154,23.91,23.91
2026-05-02T18:30:55.289,M0,640,0,M0 <- CPU 40% <= 50.0% (low),10,0.0,0.0,40.0,81.9,0.0,37.97069832150054,37.97,25.75,6,0.5172,73.36,0.0,0.0,40.0,81.9,0.0,645,491,154,23.88,23.88
2026-05-02T18:30:55.323,M0,640,0,M0 <- CPU 40% <= 50.0% (low),10,0.0,0.0,40.0,81.9,0.0,36.99757879706755,37.0,33.26,5,0.5052,75.96,0.0,0.0,40.0,81.9,0.0,646,492,154,23.84,23.84
2026-05-02T18:30:55.357,M0,640,0,M0 <- CPU 40% <= 50.0% (low),10,0.0,0.0,40.0,81.9,0.0,36.11380609319449,36.11,33.64,4,0.5576,76.0,0.0,0.0,40.0,81.9,0.0,647,493,154,23.8,23.8
2026-05-02T18:30:55.390,M0,640,0,M0 <- CPU 40% <= 50.0% (low),10,0.0,0.0,40.0,81.9,0.0,35.55409072847134,35.55,32.05,4,0.5694,77.8,0.0,0.0,40.0,81.9,0.0,648,494,154,23.77,23.77
2026-05-02T18:30:55.428,M0,640,0,M0 <- CPU 40% <= 50.0% (low),10,0.0,0.0,40.0,81.9,0.0,34.429208884888844,34.43,37.32,5,0.5375,74.95,0.0,0.0,40.0,81.9,0.0,649,495,154,23.73,23.73
2026-05-02T18:30:55.461,M0,640,0,M0 <- CPU 40% <= 50.0% (low),10,0.0,0.0,40.0,81.9,0.0,34.04460184988269,34.04,32.33,4,0.5902,73.67,0.0,0.0,40.0,81.9,0.0,650,496,154,23.69,23.69
2026-05-02T18:30:55.500,M0,640,0,M0 <- CPU 40% <= 50.0% (low),10,0.0,0.0,40.0,81.9,0.0,32.987785501704145,32.99,38.78,5,0.5019,72.34,0.0,0.0,40.0,81.9,0.0,651,497,154,23.66,23.66
2026-05-02T18:30:55.533,M0,640,0,M0 <- CPU 47% <= 50.0% (low),10,0.0,0.0,46.6,82.2,0.0,32.77017714359256,32.77,32.33,6,0.4903,71.27,0.0,0.0,46.6,82.2,0.0,652,498,154,23.62,23.62
2026-05-02T18:30:55.564,M0,640,0,M0 <- CPU 47% <= 50.0% (low),10,0.0,0.0,46.6,82.2,0.0,32.80139521133276,32.8,30.23,4,0.536,63.44,0.0,0.0,46.6,82.2,0.0,653,499,154,23.58,23.58
2026-05-02T18:30:55.594,M0,640,0,M0 <- CPU 47% <= 50.0% (low),10,0.0,0.0,46.6,82.2,0.0,33.02346887993055,33.02,28.44,7,0.4332,70.39,0.0,0.0,46.6,82.2,0.0,654,500,154,23.55,23.55
2026-05-02T18:30:55.627,M0,640,0,M0 <- CPU 47% <= 50.0% (low),10,0.0,0.0,46.6,82.2,0.0,32.75920158317522,32.76,32.72,7,0.3882,71.14,0.0,0.0,46.6,82.2,0.0,655,501,154,23.51,23.51
2026-05-02T18:30:55.659,M0,640,0,M0 <- CPU 47% <= 50.0% (low),10,0.0,0.0,46.6,82.2,0.0,32.70534392054785,32.71,31.03,6,0.489,63.16,0.0,0.0,46.6,82.2,0.0,656,502,154,23.48,23.48
2026-05-02T18:30:55.689,M0,640,0,M0 <- CPU 47% <= 50.0% (low),10,0.0,0.0,46.6,82.2,0.0,32.80811969525808,32.81,29.62,4,0.501,58.78,0.0,0.0,46.6,82.2,0.0,657,503,154,23.44,23.44
2026-05-02T18:30:55.734,M0,640,0,M0 <- CPU 47% <= 50.0% (low),10,0.0,0.0,46.6,82.2,0.0,31.43101466055291,31.43,43.83,6,0.4781,64.53,0.0,0.0,46.6,82.2,0.0,658,504,154,23.4,23.4
2026-05-02T18:30:55.766,M0,640,0,M0 <- CPU 47% <= 50.0% (low),10,0.0,0.0,46.6,82.2,0.0,31.441382860904337,31.44,31.71,4,0.5186,59.97,0.0,0.0,46.6,82.2,0.0,659,505,154,23.37,23.37
2026-05-02T18:30:55.800,M0,640,0,M0 <- CPU 47% <= 50.0% (low),10,0.0,0.0,46.6,82.2,0.0,31.317749719132582,31.32,33.06,4,0.4611,77.63,0.0,0.0,46.6,82.2,0.0,660,506,154,23.33,23.33
2026-05-02T18:30:55.830,M0,640,0,M0 <- CPU 47% <= 50.0% (low),10,0.0,0.0,46.6,82.2,0.0,31.548273809837994,31.55,29.6,5,0.4655,72.35,0.0,0.0,46.6,82.2,0.0,661,507,154,23.3,23.3
2026-05-02T18:30:55.862,M0,640,0,M0 <- CPU 47% <= 50.0% (low),10,0.0,0.0,46.6,82.2,0.0,31.621885033007004,31.62,30.96,4,0.5625,76.48,0.0,0.0,46.6,82.2,0.0,662,508,154,23.26,23.26
2026-05-02T18:30:55.890,M0,640,0,M0 <- CPU 47% <= 50.0% (low),10,0.0,0.0,46.6,82.2,0.0,32.016719820752236,32.02,27.72,4,0.5057,77.29,0.0,0.0,46.6,82.2,0.0,663,509,154,23.23,23.23
2026-05-02T18:30:55.924,M0,640,0,M0 <- CPU 47% <= 50.0% (low),10,0.0,0.0,46.6,82.2,0.0,31.812395911665664,31.81,33.24,4,0.5719,79.1,0.0,0.0,46.6,82.2,0.0,664,510,154,23.19,23.19
2026-05-02T18:30:55.954,M0,640,0,M0 <- CPU 47% <= 50.0% (low),10,0.0,0.0,46.6,82.2,0.0,32.02166758404805,32.02,29.38,3,0.642,83.51,0.0,0.0,46.6,82.2,0.0,665,511,154,23.16,23.16
2026-05-02T18:30:55.997,M0,640,0,M0 <- CPU 47% <= 50.0% (low),10,0.0,0.0,46.6,82.2,0.0,30.903452437619894,30.9,42.53,4,0.6344,83.98,0.0,0.0,46.6,82.2,0.0,666,512,154,23.12,23.12
2026-05-02T18:30:56.021,M1,480,1,M1 <- CPU 64% > 50.0%,11,0.0,0.0,64.3,82.4,0.0,31.78791812666062,31.79,23.36,4,0.4948,74.85,0.0,0.0,64.3,82.4,0.0,667,513,154,23.09,23.09
2026-05-02T18:30:56.043,M1,480,1,M1 <- CPU 64% > 50.0%,11,0.0,0.0,64.3,82.4,0.0,33.01456177314158,33.01,19.77,3,0.6345,82.21,0.0,0.0,64.3,82.4,0.0,669,514,155,23.17,23.17
2026-05-02T18:30:56.064,M1,480,1,M1 <- CPU 64% > 50.0%,11,0.0,0.0,64.3,82.4,0.0,34.23567378491414,34.24,19.49,4,0.6126,83.37,0.0,0.0,64.3,82.4,0.0,671,515,156,23.25,23.25
2026-05-02T18:30:56.085,M1,480,1,M1 <- CPU 64% > 50.0%,11,0.0,0.0,64.3,82.4,0.0,35.36948382777783,35.37,19.85,3,0.7056,87.2,0.0,0.0,64.3,82.4,0.0,673,516,157,23.33,23.33
2026-05-02T18:30:56.108,M1,480,1,M1 <- CPU 64% > 50.0%,11,0.0,0.0,64.3,82.4,0.0,36.1451044194103,36.15,22.21,4,0.6498,88.68,0.0,0.0,64.3,82.4,0.0,675,517,158,23.41,23.41
2026-05-02T18:30:56.127,M1,480,1,M1 <- CPU 64% > 50.0%,11,0.0,0.0,64.3,82.4,0.0,37.517685878347294,37.52,17.54,3,0.6402,85.25,0.0,0.0,64.3,82.4,0.0,677,518,159,23.49,23.49
2026-05-02T18:30:56.145,M1,480,1,M1 <- CPU 64% > 50.0%,11,0.0,0.0,64.3,82.4,0.0,38.90703195019777,38.91,17.14,3,0.6783,79.46,0.0,0.0,64.3,82.4,0.0,679,519,160,23.56,23.56
2026-05-02T18:30:56.164,M1,480,1,M1 <- CPU 64% > 50.0%,11,0.0,0.0,64.3,82.4,0.0,40.27064124983146,40.27,17.0,2,0.6173,68.0,0.0,0.0,64.3,82.4,0.0,681,520,161,23.64,23.64
2026-05-02T18:30:56.182,M1,480,1,M1 <- CPU 64% > 50.0%,11,0.0,0.0,64.3,82.4,0.0,41.52998559635116,41.53,17.3,3,0.5646,66.41,0.0,0.0,64.3,82.4,0.0,683,521,162,23.72,23.72
2026-05-02T18:30:56.202,M1,480,1,M1 <- CPU 64% > 50.0%,11,0.0,0.0,64.3,82.4,0.0,42.520055412724396,42.52,18.47,2,0.4403,57.67,0.0,0.0,64.3,82.4,0.0,685,522,163,23.8,23.8
2026-05-02T18:30:56.223,M1,480,1,M1 <- CPU 64% > 50.0%,11,0.0,0.0,64.3,82.4,0.0,42.96458692592018,42.96,21.09,3,0.5039,56.26,0.0,0.0,64.3,82.4,0.0,687,523,164,23.87,23.87
2026-05-02T18:30:56.241,M1,480,1,M1 <- CPU 64% > 50.0%,11,0.0,0.0,64.3,82.4,0.0,44.146332567893275,44.15,17.04,2,0.3002,32.72,0.0,0.0,64.3,82.4,0.0,689,524,165,23.95,23.95
2026-05-02T18:30:56.260,M1,480,1,M1 <- CPU 64% > 50.0%,11,0.0,0.0,64.3,82.4,0.0,45.24421407551738,45.24,17.16,1,0.253,25.3,0.0,0.0,64.3,82.4,0.0,691,525,166,24.02,24.02
