timestamp,mode,mode_imgsz,mode_skip,controller_reason,switch_count,state_gpu_percent,state_vram_percent,state_cpu_percent,state_ram_percent,state_temperature,state_fps,fps,latency_ms,num_detections,confidence_score_avg,accuracy,gpu_usage_percent,vram_usage_percent,cpu_usage_percent,ram_usage_percent,temperature,source_frames_seen,processed_frames,intentional_skips_total,intentional_drop_rate_percent,frame_drop_rate_percent
2026-05-08T18:32:23.348,M0,640,0,M0 <- CPU 0% <= 50.0% (low),0,0.0,0.0,0.0,77.6,0.0,39.25765347515557,39.26,245.73,9,0.5662,86.17,0.0,0.0,0.0,77.6,0.0,1,1,0,0.0,0.0
2026-05-08T18:32:23.465,M0,640,0,M0 <- CPU 0% <= 50.0% (low),0,0.0,0.0,0.0,77.6,0.0,29.636016955664342,29.64,108.17,8,0.5259,89.54,0.0,0.0,0.0,77.6,0.0,2,2,0,0.0,0.0
2026-05-08T18:32:23.884,M0,640,0,M0 <- CPU 0% <= 50.0% (low),0,0.0,0.0,0.0,77.6,0.0,13.93196315181959,13.93,414.09,10,0.4932,86.84,0.0,0.0,0.0,77.6,0.0,3,3,0,0.0,0.0
2026-05-08T18:32:23.996,M2,320,2,M2 <- CPU 90% > 80.0%,1,0.0,0.0,89.8,77.9,0.0,13.28182922247228,13.28,106.91,12,0.3844,82.53,0.0,0.0,89.8,77.9,0.0,4,4,0,0.0,0.0
2026-05-08T18:32:24.096,M2,320,2,M2 <- CPU 90% > 80.0%,1,0.0,0.0,89.8,77.9,0.0,13.06857777309747,13.07,87.58,6,0.4914,75.87,0.0,0.0,89.8,77.9,0.0,7,5,2,28.57,28.57
2026-05-08T18:32:24.937,M2,320,2,M2 <- CPU 90% > 80.0%,1,0.0,0.0,89.8,77.9,0.0,6.639684379734228,6.64,817.42,6,0.494,81.54,0.0,0.0,89.8,77.9,0.0,10,6,4,40.0,40.0
2026-05-08T18:32:24.993,M2,320,2,M2 <- CPU 100% > 80.0%,1,0.0,0.0,100.0,78.0,0.0,7.136877371095288,7.14,45.69,6,0.5122,84.12,0.0,0.0,100.0,78.0,0.0,13,7,6,46.15,46.15
2026-05-08T18:32:25.060,M2,320,2,M2 <- CPU 100% > 80.0%,1,0.0,0.0,100.0,78.0,0.0,7.587218209390295,7.59,56.95,8,0.4755,81.43,0.0,0.0,100.0,78.0,0.0,16,8,8,50.0,50.0
2026-05-08T18:32:25.113,M2,320,2,M2 <- CPU 100% > 80.0%,1,0.0,0.0,100.0,78.0,0.0,8.137538699865264,8.14,42.67,9,0.4468,84.19,0.0,0.0,100.0,78.0,0.0,19,9,10,52.63,52.63
2026-05-08T18:32:25.164,M2,320,2,M2 <- CPU 100% > 80.0%,1,0.0,0.0,100.0,78.0,0.0,8.730700823661987,8.73,39.4,7,0.4977,82.8,0.0,0.0,100.0,78.0,0.0,22,10,12,54.55,54.55
2026-05-08T18:32:25.219,M2,320,2,M2 <- CPU 100% > 80.0%,1,0.0,0.0,100.0,78.0,0.0,9.30366633706466,9.3,44.0,6,0.5462,86.31,0.0,0.0,100.0,78.0,0.0,25,11,14,56.0,56.0
2026-05-08T18:32:25.325,M2,320,2,M2 <- CPU 100% > 80.0%,1,0.0,0.0,100.0,78.0,0.0,9.446505859512035,9.45,91.23,6,0.6441,87.3,0.0,0.0,100.0,78.0,0.0,28,12,16,57.14,57.14
2026-05-08T18:32:25.381,M2,320,2,M2 <- CPU 100% > 80.0%,1,0.0,0.0,100.0,78.0,0.0,10.023008559960203,10.02,44.97,7,0.5512,82.54,0.0,0.0,100.0,78.0,0.0,31,13,18,58.06,58.06
2026-05-08T18:32:25.431,M2,320,2,M2 <- CPU 100% > 80.0%,1,0.0,0.0,100.0,78.0,0.0,10.670796313392692,10.67,39.2,6,0.5587,74.77,0.0,0.0,100.0,78.0,0.0,34,14,20,58.82,58.82
2026-05-08T18:32:25.494,M2,320,2,M2 <- CPU 100% > 80.0%,1,0.0,0.0,100.0,78.0,0.0,11.154192756927063,11.15,53.1,6,0.5384,76.19,0.0,0.0,100.0,78.0,0.0,37,15,22,59.46,59.46
2026-05-08T18:32:25.554,M2,320,2,M2 <- CPU 90% > 80.0%,1,0.0,0.0,90.3,77.9,0.0,11.698439338147095,11.7,47.94,8,0.567,76.77,0.0,0.0,90.3,77.9,0.0,40,16,24,60.0,60.0
2026-05-08T18:32:25.606,M2,320,2,M2 <- CPU 90% > 80.0%,1,0.0,0.0,90.3,77.9,0.0,12.324974720555518,12.32,42.03,9,0.5441,79.96,0.0,0.0,90.3,77.9,0.0,43,17,26,60.47,60.47
2026-05-08T18:32:25.659,M2,320,2,M2 <- CPU 90% > 80.0%,1,0.0,0.0,90.3,77.9,0.0,12.937741673491326,12.94,42.71,8,0.5634,80.93,0.0,0.0,90.3,77.9,0.0,46,18,28,60.87,60.87
2026-05-08T18:32:25.713,M2,320,2,M2 <- CPU 90% > 80.0%,1,0.0,0.0,90.3,77.9,0.0,13.527081188366626,13.53,43.62,9,0.6154,80.9,0.0,0.0,90.3,77.9,0.0,49,19,30,61.22,61.22
2026-05-08T18:32:25.766,M2,320,2,M2 <- CPU 90% > 80.0%,1,0.0,0.0,90.3,77.9,0.0,14.117769275049564,14.12,43.0,9,0.5893,80.61,0.0,0.0,90.3,77.9,0.0,52,20,32,61.54,61.54
2026-05-08T18:32:25.817,M2,320,2,M2 <- CPU 90% > 80.0%,1,0.0,0.0,90.3,77.9,0.0,14.762823841475518,14.76,39.88,8,0.6391,80.21,0.0,0.0,90.3,77.9,0.0,55,21,34,61.82,61.82
2026-05-08T18:32:25.869,M2,320,2,M2 <- CPU 90% > 80.0%,1,0.0,0.0,90.3,77.9,0.0,15.365784897417708,15.37,41.16,7,0.6798,83.02,0.0,0.0,90.3,77.9,0.0,58,22,36,62.07,62.07
2026-05-08T18:32:25.920,M2,320,2,M2 <- CPU 90% > 80.0%,1,0.0,0.0,90.3,77.9,0.0,15.97587242522624,15.98,40.23,8,0.6412,84.02,0.0,0.0,90.3,77.9,0.0,61,23,38,62.3,62.3
2026-05-08T18:32:25.983,M2,320,2,M2 <- CPU 90% > 80.0%,1,0.0,0.0,90.3,77.9,0.0,16.231468108348576,16.23,52.74,9,0.5949,83.03,0.0,0.0,90.3,77.9,0.0,64,24,40,62.5,62.5
2026-05-08T18:32:26.031,M2,320,2,M2 <- CPU 88% > 80.0%,1,0.0,0.0,87.5,77.3,0.0,16.893995237909717,16.89,37.45,8,0.6256,83.91,0.0,0.0,87.5,77.3,0.0,67,25,42,62.69,62.69
2026-05-08T18:32:26.084,M2,320,2,M2 <- CPU 88% > 80.0%,1,0.0,0.0,87.5,77.3,0.0,17.393864572622974,17.39,42.18,10,0.5048,78.48,0.0,0.0,87.5,77.3,0.0,70,26,44,62.86,62.86
2026-05-08T18:32:26.135,M2,320,2,M2 <- CPU 88% > 80.0%,1,0.0,0.0,87.5,77.3,0.0,17.90949844381453,17.91,40.94,7,0.5805,82.27,0.0,0.0,87.5,77.3,0.0,73,27,46,63.01,63.01
2026-05-08T18:32:26.191,M2,320,2,M2 <- CPU 88% > 80.0%,1,0.0,0.0,87.5,77.3,0.0,18.290686486159856,18.29,44.2,9,0.5303,79.61,0.0,0.0,87.5,77.3,0.0,76,28,48,63.16,63.16
2026-05-08T18:32:26.260,M2,320,2,M2 <- CPU 88% > 80.0%,1,0.0,0.0,87.5,77.3,0.0,18.545082559109577,18.55,47.17,7,0.5049,83.63,0.0,0.0,87.5,77.3,0.0,79,29,50,63.29,63.29
2026-05-08T18:32:26.322,M2,320,2,M2 <- CPU 88% > 80.0%,1,0.0,0.0,87.5,77.3,0.0,18.656825994024405,18.66,50.69,5,0.5849,89.71,0.0,0.0,87.5,77.3,0.0,82,30,52,63.41,63.41
2026-05-08T18:32:26.381,M2,320,2,M2 <- CPU 88% > 80.0%,1,0.0,0.0,87.5,77.3,0.0,18.858012802091967,18.86,47.88,9,0.5193,86.44,0.0,0.0,87.5,77.3,0.0,85,31,54,63.53,63.53
2026-05-08T18:32:26.445,M2,320,2,M2 <- CPU 88% > 80.0%,1,0.0,0.0,87.5,77.3,0.0,18.812806197658766,18.81,54.3,8,0.5028,88.07,0.0,0.0,87.5,77.3,0.0,88,32,56,63.64,63.64
2026-05-08T18:32:26.513,M2,320,2,M2 <- CPU 88% > 80.0%,1,0.0,0.0,87.5,77.3,0.0,18.675415209239407,18.68,57.07,8,0.5213,82.64,0.0,0.0,87.5,77.3,0.0,91,33,58,63.74,63.74
2026-05-08T18:32:26.573,M2,320,2,M2 <- CPU 93% > 80.0%,1,0.0,0.0,93.3,77.3,0.0,18.766976037339592,18.77,50.93,7,0.4893,75.96,0.0,0.0,93.3,77.3,0.0,94,34,60,63.83,63.83
2026-05-08T18:32:26.642,M2,320,2,M2 <- CPU 93% > 80.0%,1,0.0,0.0,93.3,77.3,0.0,18.619331628532123,18.62,57.51,7,0.4928,73.81,0.0,0.0,93.3,77.3,0.0,97,35,62,63.92,63.92
2026-05-08T18:32:26.694,M2,320,2,M2 <- CPU 93% > 80.0%,1,0.0,0.0,93.3,77.3,0.0,19.058800722466817,19.06,41.32,7,0.4668,78.07,0.0,0.0,93.3,77.3,0.0,100,36,64,64.0,64.0
2026-05-08T18:32:26.744,M2,320,2,M2 <- CPU 93% > 80.0%,1,0.0,0.0,93.3,77.3,0.0,19.4998754876544,19.5,40.6,8,0.4959,69.9,0.0,0.0,93.3,77.3,0.0,103,37,66,64.08,64.08
2026-05-08T18:32:26.797,M2,320,2,M2 <- CPU 93% > 80.0%,1,0.0,0.0,93.3,77.3,0.0,19.855530816670296,19.86,42.1,10,0.4473,66.53,0.0,0.0,93.3,77.3,0.0,106,38,68,64.15,64.15
2026-05-08T18:32:26.847,M2,320,2,M2 <- CPU 93% > 80.0%,1,0.0,0.0,93.3,77.3,0.0,20.29254513263399,20.29,39.52,9,0.4424,65.31,0.0,0.0,93.3,77.3,0.0,109,39,70,64.22,64.22
2026-05-08T18:32:26.903,M2,320,2,M2 <- CPU 93% > 80.0%,1,0.0,0.0,93.3,77.3,0.0,20.405426148934595,20.41,46.55,9,0.4559,67.12,0.0,0.0,93.3,77.3,0.0,112,40,72,64.29,64.29
2026-05-08T18:32:26.958,M2,320,2,M2 <- CPU 93% > 80.0%,1,0.0,0.0,93.3,77.3,0.0,20.57458841001297,20.57,44.98,7,0.4337,73.54,0.0,0.0,93.3,77.3,0.0,115,41,74,64.35,64.35
2026-05-08T18:32:27.025,M2,320,2,M2 <- CPU 93% > 80.0%,1,0.0,0.0,93.3,77.3,0.0,20.267440680509708,20.27,55.97,10,0.4582,79.33,0.0,0.0,93.3,77.3,0.0,118,42,76,64.41,64.41
2026-05-08T18:32:27.079,M2,320,2,M2 <- CPU 89% > 80.0%,1,0.0,0.0,88.6,77.2,0.0,20.542254382448096,20.54,42.74,7,0.5847,81.11,0.0,0.0,88.6,77.2,0.0,121,43,78,64.46,64.46
2026-05-08T18:32:27.127,M2,320,2,M2 <- CPU 89% > 80.0%,1,0.0,0.0,88.6,77.2,0.0,21.03619946223593,21.04,37.25,11,0.4745,83.67,0.0,0.0,88.6,77.2,0.0,124,44,80,64.52,64.52
2026-05-08T18:32:27.177,M2,320,2,M2 <- CPU 89% > 80.0%,1,0.0,0.0,88.6,77.2,0.0,21.345239522110806,21.35,40.65,8,0.5417,82.97,0.0,0.0,88.6,77.2,0.0,127,45,82,64.57,64.57
2026-05-08T18:32:27.230,M2,320,2,M2 <- CPU 89% > 80.0%,1,0.0,0.0,88.6,77.2,0.0,21.52567149755059,21.53,42.92,13,0.4801,78.72,0.0,0.0,88.6,77.2,0.0,130,46,84,64.62,64.62
2026-05-08T18:32:27.281,M2,320,2,M2 <- CPU 89% > 80.0%,1,0.0,0.0,88.6,77.2,0.0,21.81467448099347,21.81,40.3,9,0.5315,82.87,0.0,0.0,88.6,77.2,0.0,133,47,86,64.66,64.66
2026-05-08T18:32:27.332,M2,320,2,M2 <- CPU 89% > 80.0%,1,0.0,0.0,88.6,77.2,0.0,22.08217601814735,22.08,40.29,10,0.4956,83.02,0.0,0.0,88.6,77.2,0.0,136,48,88,64.71,64.71
2026-05-08T18:32:27.383,M2,320,2,M2 <- CPU 89% > 80.0%,1,0.0,0.0,88.6,77.2,0.0,22.33717283145764,22.34,40.12,10,0.4865,83.07,0.0,0.0,88.6,77.2,0.0,139,49,90,64.75,64.75
2026-05-08T18:32:27.444,M2,320,2,M2 <- CPU 89% > 80.0%,1,0.0,0.0,88.6,77.2,0.0,22.073568695738956,22.07,50.11,5,0.5844,79.03,0.0,0.0,88.6,77.2,0.0,142,50,92,64.79,64.79
2026-05-08T18:32:27.507,M2,320,2,M2 <- CPU 89% > 80.0%,1,0.0,0.0,88.6,77.2,0.0,21.757593380492708,21.76,51.88,8,0.5244,85.81,0.0,0.0,88.6,77.2,0.0,145,51,94,64.83,64.83
2026-05-08T18:32:27.572,M2,320,2,M2 <- CPU 89% > 80.0%,1,0.0,0.0,88.8,77.2,0.0,21.609828962664277,21.61,49.1,6,0.6399,83.03,0.0,0.0,88.8,77.2,0.0,148,52,96,64.86,64.86
2026-05-08T18:32:27.626,M2,320,2,M2 <- CPU 89% > 80.0%,1,0.0,0.0,88.8,77.2,0.0,21.735272376157326,21.74,43.6,6,0.5536,70.96,0.0,0.0,88.8,77.2,0.0,151,53,98,64.9,64.9
2026-05-08T18:32:27.673,M2,320,2,M2 <- CPU 89% > 80.0%,1,0.0,0.0,88.8,77.2,0.0,22.169931439217606,22.17,36.99,4,0.4062,52.47,0.0,0.0,88.8,77.2,0.0,154,54,100,64.94,64.94
2026-05-08T18:32:27.723,M2,320,2,M2 <- CPU 89% > 80.0%,1,0.0,0.0,88.8,77.2,0.0,22.42879907384581,22.43,39.9,8,0.4702,71.68,0.0,0.0,88.8,77.2,0.0,157,55,102,64.97,64.97
2026-05-08T18:32:27.774,M2,320,2,M2 <- CPU 89% > 80.0%,1,0.0,0.0,88.8,77.2,0.0,22.630675104973687,22.63,40.61,8,0.4209,63.14,0.0,0.0,88.8,77.2,0.0,160,56,104,65.0,65.0
2026-05-08T18:32:27.830,M2,320,2,M2 <- CPU 89% > 80.0%,1,0.0,0.0,88.8,77.2,0.0,22.544772725816422,22.54,45.87,7,0.4524,62.09,0.0,0.0,88.8,77.2,0.0,163,57,106,65.03,65.03
2026-05-08T18:32:27.881,M2,320,2,M2 <- CPU 89% > 80.0%,1,0.0,0.0,88.8,77.2,0.0,22.676877428873297,22.68,41.77,6,0.5487,66.87,0.0,0.0,88.8,77.2,0.0,166,58,108,65.06,65.06
2026-05-08T18:32:27.939,M2,320,2,M2 <- CPU 89% > 80.0%,1,0.0,0.0,88.8,77.2,0.0,22.53831258846896,22.54,46.81,7,0.5529,75.37,0.0,0.0,88.8,77.2,0.0,169,59,110,65.09,65.09
2026-05-08T18:32:27.993,M2,320,2,M2 <- CPU 89% > 80.0%,1,0.0,0.0,88.8,77.2,0.0,22.627268166280473,22.63,42.62,7,0.5035,82.16,0.0,0.0,88.8,77.2,0.0,172,60,112,65.12,65.12
2026-05-08T18:32:28.051,M2,320,2,M2 <- CPU 89% > 80.0%,1,0.0,0.0,88.8,77.2,0.0,22.459444838931486,22.46,47.5,9,0.4704,75.89,0.0,0.0,88.8,77.2,0.0,175,61,114,65.14,65.14
2026-05-08T18:32:28.113,M2,320,2,M2 <- CPU 89% > 80.0%,1,0.0,0.0,88.7,77.2,0.0,22.339720089756405,22.34,46.91,6,0.4357,81.78,0.0,0.0,88.7,77.2,0.0,178,62,116,65.17,65.17
2026-05-08T18:32:28.167,M2,320,2,M2 <- CPU 89% > 80.0%,1,0.0,0.0,88.7,77.2,0.0,22.40509940262764,22.41,43.46,5,0.503,71.42,0.0,0.0,88.7,77.2,0.0,181,63,118,65.19,65.19
2026-05-08T18:32:28.222,M2,320,2,M2 <- CPU 89% > 80.0%,1,0.0,0.0,88.7,77.2,0.0,22.424407266617663,22.42,44.25,7,0.496,82.74,0.0,0.0,88.7,77.2,0.0,184,64,120,65.22,65.22
2026-05-08T18:32:28.274,M2,320,2,M2 <- CPU 89% > 80.0%,1,0.0,0.0,88.7,77.2,0.0,22.56539672759498,22.57,41.81,6,0.5192,73.83,0.0,0.0,88.7,77.2,0.0,187,65,122,65.24,65.24
2026-05-08T18:32:28.326,M2,320,2,M2 <- CPU 89% > 80.0%,1,0.0,0.0,88.7,77.2,0.0,22.739828167202926,22.74,40.92,6,0.4205,59.35,0.0,0.0,88.7,77.2,0.0,190,66,124,65.26,65.26
2026-05-08T18:32:28.382,M2,320,2,M2 <- CPU 89% > 80.0%,1,0.0,0.0,88.7,77.2,0.0,22.67366214975057,22.67,45.26,7,0.4657,69.82,0.0,0.0,88.7,77.2,0.0,193,67,126,65.28,65.28
2026-05-08T18:32:28.439,M2,320,2,M2 <- CPU 89% > 80.0%,1,0.0,0.0,88.7,77.2,0.0,22.651461410833367,22.65,44.54,8,0.5139,70.54,0.0,0.0,88.7,77.2,0.0,196,68,128,65.31,65.31
2026-05-08T18:32:28.499,M2,320,2,M2 <- CPU 89% > 80.0%,1,0.0,0.0,88.7,77.2,0.0,22.39567636671444,22.4,49.19,8,0.5499,77.0,0.0,0.0,88.7,77.2,0.0,199,69,130,65.33,65.33
2026-05-08T18:32:28.549,M2,320,2,M2 <- CPU 89% > 80.0%,1,0.0,0.0,88.7,77.2,0.0,22.716153083792907,22.72,38.35,8,0.4868,70.5,0.0,0.0,88.7,77.2,0.0,202,70,132,65.35,65.35
2026-05-08T18:32:28.604,M2,320,2,M2 <- CPU 87% > 80.0%,1,0.0,0.0,87.2,77.2,0.0,22.80416716217122,22.8,42.32,6,0.4895,74.27,0.0,0.0,87.2,77.2,0.0,205,71,134,65.37,65.37
2026-05-08T18:32:28.656,M2,320,2,M2 <- CPU 87% > 80.0%,1,0.0,0.0,87.2,77.2,0.0,22.927439217281574,22.93,41.49,5,0.5446,77.19,0.0,0.0,87.2,77.2,0.0,208,72,136,65.38,65.38
2026-05-08T18:32:28.707,M2,320,2,M2 <- CPU 87% > 80.0%,1,0.0,0.0,87.2,77.2,0.0,23.099316181639576,23.1,40.37,7,0.5371,87.21,0.0,0.0,87.2,77.2,0.0,211,73,138,65.4,65.4
2026-05-08T18:32:28.758,M2,320,2,M2 <- CPU 87% > 80.0%,1,0.0,0.0,87.2,77.2,0.0,23.21944455904798,23.22,41.05,7,0.5027,86.25,0.0,0.0,87.2,77.2,0.0,214,74,140,65.42,65.42
2026-05-08T18:32:28.810,M2,320,2,M2 <- CPU 87% > 80.0%,1,0.0,0.0,87.2,77.2,0.0,23.316688346242202,23.32,41.27,4,0.6929,89.95,0.0,0.0,87.2,77.2,0.0,217,75,142,65.44,65.44
2026-05-08T18:32:28.861,M2,320,2,M2 <- CPU 87% > 80.0%,1,0.0,0.0,87.2,77.2,0.0,23.47840374697405,23.48,39.93,8,0.4804,86.92,0.0,0.0,87.2,77.2,0.0,220,76,144,65.45,65.45
2026-05-08T18:32:28.908,M2,320,2,M2 <- CPU 87% > 80.0%,1,0.0,0.0,87.2,77.2,0.0,23.778357145436136,23.78,37.22,5,0.5737,77.07,0.0,0.0,87.2,77.2,0.0,223,77,146,65.47,65.47
2026-05-08T18:32:28.960,M2,320,2,M2 <- CPU 87% > 80.0%,1,0.0,0.0,87.2,77.2,0.0,23.761319418879935,23.76,42.36,6,0.5351,81.36,0.0,0.0,87.2,77.2,0.0,226,78,148,65.49,65.49
2026-05-08T18:32:29.011,M2,320,2,M2 <- CPU 87% > 80.0%,1,0.0,0.0,87.2,77.2,0.0,23.874226062826573,23.87,40.09,6,0.5018,79.07,0.0,0.0,87.2,77.2,0.0,229,79,150,65.5,65.5
2026-05-08T18:32:29.063,M2,320,2,M2 <- CPU 87% > 80.0%,1,0.0,0.0,87.2,77.2,0.0,23.816074882563164,23.82,42.91,6,0.6034,81.04,0.0,0.0,87.2,77.2,0.0,232,80,152,65.52,65.52
2026-05-08T18:32:29.123,M2,320,2,M2 <- CPU 86% > 80.0%,1,0.0,0.0,85.7,77.2,0.0,23.661961969923542,23.66,44.72,9,0.5612,85.09,0.0,0.0,85.7,77.2,0.0,235,81,154,65.53,65.53
2026-05-08T18:32:29.175,M2,320,2,M2 <- CPU 86% > 80.0%,1,0.0,0.0,85.7,77.2,0.0,23.721882672178165,23.72,41.19,10,0.5298,83.84,0.0,0.0,85.7,77.2,0.0,238,82,156,65.55,65.55
2026-05-08T18:32:29.224,M2,320,2,M2 <- CPU 86% > 80.0%,1,0.0,0.0,85.7,77.2,0.0,23.904668303968577,23.9,38.93,7,0.5528,91.77,0.0,0.0,85.7,77.2,0.0,241,83,158,65.56,65.56
2026-05-08T18:32:29.271,M2,320,2,M2 <- CPU 86% > 80.0%,1,0.0,0.0,85.7,77.2,0.0,24.182024984200115,24.18,37.03,7,0.6047,91.36,0.0,0.0,85.7,77.2,0.0,244,84,160,65.57,65.57
2026-05-08T18:32:29.321,M2,320,2,M2 <- CPU 86% > 80.0%,1,0.0,0.0,85.7,77.2,0.0,24.285875752058523,24.29,39.58,6,0.7052,86.92,0.0,0.0,85.7,77.2,0.0,247,85,162,65.59,65.59
2026-05-08T18:32:29.376,M2,320,2,M2 <- CPU 86% > 80.0%,1,0.0,0.0,85.7,77.2,0.0,24.11112694536861,24.11,44.16,6,0.7077,83.96,0.0,0.0,85.7,77.2,0.0,250,86,164,65.6,65.6
2026-05-08T18:32:29.430,M2,320,2,M2 <- CPU 86% > 80.0%,1,0.0,0.0,85.7,77.2,0.0,24.03783492155853,24.04,42.74,6,0.6987,88.07,0.0,0.0,85.7,77.2,0.0,253,87,166,65.61,65.61
2026-05-08T18:32:29.484,M2,320,2,M2 <- CPU 86% > 80.0%,1,0.0,0.0,85.7,77.2,0.0,23.84870610501866,23.85,44.9,5,0.659,83.89,0.0,0.0,85.7,77.2,0.0,256,88,168,65.62,65.62
2026-05-08T18:32:29.540,M2,320,2,M2 <- CPU 86% > 80.0%,1,0.0,0.0,85.7,77.2,0.0,23.64424133768275,23.64,45.56,5,0.6502,86.15,0.0,0.0,85.7,77.2,0.0,259,89,170,65.64,65.64
2026-05-08T18:32:29.601,M2,320,2,M2 <- CPU 86% > 80.0%,1,0.0,0.0,85.7,77.2,0.0,23.269046602199808,23.27,49.11,4,0.7294,88.38,0.0,0.0,85.7,77.2,0.0,262,90,172,65.65,65.65
2026-05-08T18:32:29.655,M2,320,2,M2 <- CPU 87% > 80.0%,1,0.0,0.0,87.0,77.2,0.0,23.305187306563464,23.31,42.31,4,0.6098,85.63,0.0,0.0,87.0,77.2,0.0,265,91,174,65.66,65.66
2026-05-08T18:32:29.712,M2,320,2,M2 <- CPU 87% > 80.0%,1,0.0,0.0,87.0,77.2,0.0,23.136027509078698,23.14,46.05,4,0.6098,79.36,0.0,0.0,87.0,77.2,0.0,268,92,176,65.67,65.67
2026-05-08T18:32:29.768,M2,320,2,M2 <- CPU 87% > 80.0%,1,0.0,0.0,87.0,77.2,0.0,22.999577961566196,23.0,45.79,3,0.5365,83.13,0.0,0.0,87.0,77.2,0.0,271,93,178,65.68,65.68
2026-05-08T18:32:29.823,M2,320,2,M2 <- CPU 87% > 80.0%,1,0.0,0.0,87.0,77.2,0.0,22.94467728941647,22.94,44.52,2,0.6751,88.5,0.0,0.0,87.0,77.2,0.0,274,94,180,65.69,65.69
2026-05-08T18:32:29.883,M2,320,2,M2 <- CPU 87% > 80.0%,1,0.0,0.0,87.0,77.2,0.0,22.722979357361908,22.72,47.84,1,0.8868,88.68,0.0,0.0,87.0,77.2,0.0,277,95,182,65.7,65.7
2026-05-08T18:32:29.941,M2,320,2,M2 <- CPU 87% > 80.0%,1,0.0,0.0,87.0,77.2,0.0,22.568502195417008,22.57,47.02,1,0.8905,89.05,0.0,0.0,87.0,77.2,0.0,280,96,184,65.71,65.71
2026-05-08T18:32:29.996,M2,320,2,M2 <- CPU 87% > 80.0%,1,0.0,0.0,87.0,77.2,0.0,22.619967730401267,22.62,43.3,1,0.8816,88.16,0.0,0.0,87.0,77.2,0.0,283,97,186,65.72,65.72
2026-05-08T18:32:30.047,M2,320,2,M2 <- CPU 87% > 80.0%,1,0.0,0.0,87.0,77.2,0.0,22.789069863495634,22.79,40.93,1,0.6463,64.63,0.0,0.0,87.0,77.2,0.0,286,98,188,65.73,65.73
2026-05-08T18:32:30.099,M2,320,2,M2 <- CPU 87% > 80.0%,1,0.0,0.0,87.0,77.2,0.0,22.909603673925638,22.91,41.57,1,0.2619,26.19,0.0,0.0,87.0,77.2,0.0,289,99,190,65.74,65.74
2026-05-08T18:32:30.156,M2,320,2,M2 <- CPU 93% > 80.0%,1,0.0,0.0,92.6,77.2,0.0,22.92211330090666,22.92,43.41,0,0.0,0.0,0.0,0.0,92.6,77.2,0.0,292,100,192,65.75,65.75
2026-05-08T18:32:30.217,M2,320,2,M2 <- CPU 93% > 80.0%,1,0.0,0.0,92.6,77.2,0.0,22.562242490905515,22.56,50.58,0,0.0,0.0,0.0,0.0,92.6,77.2,0.0,295,101,194,65.76,65.76
2026-05-08T18:32:30.266,M2,320,2,M2 <- CPU 93% > 80.0%,1,0.0,0.0,92.6,77.2,0.0,22.82703103182847,22.83,39.18,3,0.3011,32.68,0.0,0.0,92.6,77.2,0.0,298,102,196,65.77,65.77
2026-05-08T18:32:30.326,M2,320,2,M2 <- CPU 93% > 80.0%,1,0.0,0.0,92.6,77.2,0.0,22.558483615907264,22.56,49.02,2,0.2603,26.7,0.0,0.0,92.6,77.2,0.0,301,103,198,65.78,65.78
2026-05-08T18:32:30.382,M2,320,2,M2 <- CPU 93% > 80.0%,1,0.0,0.0,92.6,77.2,0.0,22.513690119334484,22.51,45.21,3,0.3736,41.13,0.0,0.0,92.6,77.2,0.0,304,104,200,65.79,65.79
2026-05-08T18:32:30.437,M2,320,2,M2 <- CPU 93% > 80.0%,1,0.0,0.0,92.6,77.2,0.0,22.546695827219235,22.55,43.77,3,0.4562,51.29,0.0,0.0,92.6,77.2,0.0,307,105,202,65.8,65.8
2026-05-08T18:32:30.493,M2,320,2,M2 <- CPU 93% > 80.0%,1,0.0,0.0,92.6,77.2,0.0,22.455108078426164,22.46,46.16,5,0.362,58.01,0.0,0.0,92.6,77.2,0.0,310,106,204,65.81,65.81
2026-05-08T18:32:30.547,M2,320,2,M2 <- CPU 93% > 80.0%,1,0.0,0.0,92.6,77.2,0.0,22.465449447717226,22.47,44.33,4,0.4759,59.1,0.0,0.0,92.6,77.2,0.0,313,107,206,65.81,65.81
2026-05-08T18:32:30.597,M2,320,2,M2 <- CPU 93% > 80.0%,1,0.0,0.0,92.6,77.2,0.0,22.732109671309626,22.73,39.29,6,0.4253,58.06,0.0,0.0,92.6,77.2,0.0,316,108,208,65.82,65.82
2026-05-08T18:32:30.656,M2,320,2,M2 <- CPU 93% > 80.0%,1,0.0,0.0,92.6,77.2,0.0,22.516414741318936,22.52,48.2,5,0.4974,68.18,0.0,0.0,92.6,77.2,0.0,319,109,210,65.83,65.83
2026-05-08T18:32:30.705,M2,320,2,M2 <- CPU 91% > 80.0%,1,0.0,0.0,90.6,77.0,0.0,22.814798845316457,22.81,38.6,6,0.496,65.64,0.0,0.0,90.6,77.0,0.0,322,110,212,65.84,65.84
2026-05-08T18:32:30.756,M2,320,2,M2 <- CPU 91% > 80.0%,1,0.0,0.0,90.6,77.0,0.0,22.974061370438193,22.97,40.79,2,0.6829,72.23,0.0,0.0,90.6,77.0,0.0,325,111,214,65.85,65.85
2026-05-08T18:32:30.807,M2,320,2,M2 <- CPU 91% > 80.0%,1,0.0,0.0,90.6,77.0,0.0,23.087887371094414,23.09,41.38,3,0.6128,78.24,0.0,0.0,90.6,77.0,0.0,328,112,216,65.85,65.85
2026-05-08T18:32:30.856,M2,320,2,M2 <- CPU 91% > 80.0%,1,0.0,0.0,90.6,77.0,0.0,23.358832302736623,23.36,38.29,4,0.5909,74.29,0.0,0.0,90.6,77.0,0.0,331,113,218,65.86,65.86
2026-05-08T18:32:30.908,M2,320,2,M2 <- CPU 91% > 80.0%,1,0.0,0.0,90.6,77.0,0.0,23.404118106634755,23.4,41.98,3,0.561,75.7,0.0,0.0,90.6,77.0,0.0,334,114,220,65.87,65.87
2026-05-08T18:32:30.982,M2,320,2,M2 <- CPU 91% > 80.0%,1,0.0,0.0,90.6,77.0,0.0,22.32509083128446,22.33,63.38,7,0.4668,67.49,0.0,0.0,90.6,77.0,0.0,337,115,222,65.88,65.88
2026-05-08T18:32:31.065,M2,320,2,M2 <- CPU 91% > 80.0%,1,0.0,0.0,90.6,77.0,0.0,21.002850044279402,21.0,72.99,4,0.5431,73.34,0.0,0.0,90.6,77.0,0.0,340,116,224,65.88,65.88
2026-05-08T18:32:31.130,M2,320,2,M2 <- CPU 91% > 80.0%,1,0.0,0.0,90.6,77.0,0.0,20.676516073845576,20.68,55.13,4,0.5332,69.24,0.0,0.0,90.6,77.0,0.0,343,117,226,65.89,65.89
2026-05-08T18:32:31.188,M2,320,2,M2 <- CPU 90% > 80.0%,1,0.0,0.0,89.6,77.2,0.0,20.881830293238053,20.88,43.61,3,0.5078,83.05,0.0,0.0,89.6,77.2,0.0,346,118,228,65.9,65.9
2026-05-08T18:32:31.240,M2,320,2,M2 <- CPU 90% > 80.0%,1,0.0,0.0,89.6,77.2,0.0,21.15066367662655,21.15,41.8,3,0.6614,84.56,0.0,0.0,89.6,77.2,0.0,349,119,230,65.9,65.9
2026-05-08T18:32:31.292,M2,320,2,M2 <- CPU 90% > 80.0%,1,0.0,0.0,89.6,77.2,0.0,21.392934056639778,21.39,41.93,2,0.6975,86.42,0.0,0.0,89.6,77.2,0.0,352,120,232,65.91,65.91
2026-05-08T18:32:31.347,M2,320,2,M2 <- CPU 90% > 80.0%,1,0.0,0.0,89.6,77.2,0.0,21.47736081067281,21.48,44.91,4,0.592,86.23,0.0,0.0,89.6,77.2,0.0,355,121,234,65.92,65.92
2026-05-08T18:32:31.401,M2,320,2,M2 <- CPU 90% > 80.0%,1,0.0,0.0,89.6,77.2,0.0,21.61052897342211,21.61,43.69,5,0.6166,71.75,0.0,0.0,89.6,77.2,0.0,358,122,236,65.92,65.92
2026-05-08T18:32:31.455,M2,320,2,M2 <- CPU 90% > 80.0%,1,0.0,0.0,89.6,77.2,0.0,21.75305899369173,21.75,43.24,2,0.7347,80.83,0.0,0.0,89.6,77.2,0.0,361,123,238,65.93,65.93
2026-05-08T18:32:31.511,M2,320,2,M2 <- CPU 90% > 80.0%,1,0.0,0.0,89.6,77.2,0.0,21.964818256536258,21.96,41.54,1,0.5596,55.96,0.0,0.0,89.6,77.2,0.0,364,124,240,65.93,65.93
2026-05-08T18:32:31.570,M2,320,2,M2 <- CPU 90% > 80.0%,1,0.0,0.0,89.6,77.2,0.0,21.81580050262825,21.82,48.64,2,0.6597,68.89,0.0,0.0,89.6,77.2,0.0,367,125,242,65.94,65.94
2026-05-08T18:32:31.635,M2,320,2,M2 <- CPU 90% > 80.0%,1,0.0,0.0,89.6,77.2,0.0,21.3737632995384,21.37,55.32,2,0.4547,60.1,0.0,0.0,89.6,77.2,0.0,370,126,244,65.95,65.95
2026-05-08T18:32:31.692,M2,320,2,M2 <- CPU 90% > 80.0%,1,0.0,0.0,89.6,77.2,0.0,21.38247109590205,21.38,46.6,1,0.4364,43.64,0.0,0.0,89.6,77.2,0.0,373,127,246,65.95,65.95
2026-05-08T18:32:31.745,M2,320,2,M2 <- CPU 90% > 80.0%,1,0.0,0.0,90.4,77.1,0.0,21.566866746904303,21.57,42.77,0,0.0,0.0,0.0,0.0,90.4,77.1,0.0,376,128,248,65.96,65.96
2026-05-08T18:32:31.794,M2,320,2,M2 <- CPU 90% > 80.0%,1,0.0,0.0,90.4,77.1,0.0,21.9282812537224,21.93,38.73,0,0.0,0.0,0.0,0.0,90.4,77.1,0.0,379,129,250,65.96,65.96
2026-05-08T18:32:31.845,M2,320,2,M2 <- CPU 90% > 80.0%,1,0.0,0.0,90.4,77.1,0.0,22.180759785215486,22.18,40.41,0,0.0,0.0,0.0,0.0,90.4,77.1,0.0,382,130,252,65.97,65.97
2026-05-08T18:32:31.898,M2,320,2,M2 <- CPU 90% > 80.0%,1,0.0,0.0,90.4,77.1,0.0,22.255562765205582,22.26,43.57,1,0.3473,34.73,0.0,0.0,90.4,77.1,0.0,385,131,254,65.97,65.97
2026-05-08T18:32:31.951,M2,320,2,M2 <- CPU 90% > 80.0%,1,0.0,0.0,90.4,77.1,0.0,22.38728221983979,22.39,42.29,1,0.4558,45.58,0.0,0.0,90.4,77.1,0.0,388,132,256,65.98,65.98
2026-05-08T18:32:32.002,M2,320,2,M2 <- CPU 90% > 80.0%,1,0.0,0.0,90.4,77.1,0.0,22.623428060691115,22.62,40.01,0,0.0,0.0,0.0,0.0,90.4,77.1,0.0,391,133,258,65.98,65.98
2026-05-08T18:32:32.052,M2,320,2,M2 <- CPU 90% > 80.0%,1,0.0,0.0,90.4,77.1,0.0,22.814845709575298,22.81,40.49,0,0.0,0.0,0.0,0.0,90.4,77.1,0.0,394,134,260,65.99,65.99
2026-05-08T18:32:32.104,M2,320,2,M2 <- CPU 90% > 80.0%,1,0.0,0.0,90.4,77.1,0.0,22.962962207642246,22.96,41.0,1,0.2613,26.13,0.0,0.0,90.4,77.1,0.0,397,135,262,65.99,65.99
2026-05-08T18:32:32.157,M2,320,2,M2 <- CPU 90% > 80.0%,1,0.0,0.0,90.4,77.1,0.0,23.025526730775347,23.03,42.37,0,0.0,0.0,0.0,0.0,90.4,77.1,0.0,400,136,264,66.0,66.0
2026-05-08T18:32:32.211,M2,320,2,M2 <- CPU 90% > 80.0%,1,0.0,0.0,90.4,77.1,0.0,22.969362655457502,22.97,44.49,0,0.0,0.0,0.0,0.0,90.4,77.1,0.0,403,137,266,66.0,66.0
2026-05-08T18:32:32.265,M2,320,2,M2 <- CPU 88% > 80.0%,1,0.0,0.0,88.3,77.1,0.0,22.970505142343367,22.97,43.51,1,0.3613,36.13,0.0,0.0,88.3,77.1,0.0,406,138,268,66.01,66.01
2026-05-08T18:32:32.314,M2,320,2,M2 <- CPU 88% > 80.0%,1,0.0,0.0,88.3,77.1,0.0,23.22822665119727,23.23,38.7,1,0.3123,31.23,0.0,0.0,88.3,77.1,0.0,409,139,270,66.01,66.01
2026-05-08T18:32:32.368,M2,320,2,M2 <- CPU 88% > 80.0%,1,0.0,0.0,88.3,77.1,0.0,23.18575385620931,23.19,43.84,1,0.4567,45.67,0.0,0.0,88.3,77.1,0.0,412,140,272,66.02,66.02
2026-05-08T18:32:32.423,M2,320,2,M2 <- CPU 88% > 80.0%,1,0.0,0.0,88.3,77.1,0.0,23.154730469167077,23.15,43.71,1,0.4378,43.78,0.0,0.0,88.3,77.1,0.0,415,141,274,66.02,66.02
2026-05-08T18:32:32.479,M2,320,2,M2 <- CPU 88% > 80.0%,1,0.0,0.0,88.3,77.1,0.0,22.969102206402567,22.97,46.68,1,0.5114,51.14,0.0,0.0,88.3,77.1,0.0,418,142,276,66.03,66.03
2026-05-08T18:32:32.531,M2,320,2,M2 <- CPU 88% > 80.0%,1,0.0,0.0,88.3,77.1,0.0,23.086635820617303,23.09,41.32,1,0.4617,46.17,0.0,0.0,88.3,77.1,0.0,421,143,278,66.03,66.03
2026-05-08T18:32:32.582,M2,320,2,M2 <- CPU 88% > 80.0%,1,0.0,0.0,88.3,77.1,0.0,23.20167184268372,23.2,41.17,0,0.0,0.0,0.0,0.0,88.3,77.1,0.0,424,144,280,66.04,66.04
2026-05-08T18:32:32.635,M2,320,2,M2 <- CPU 88% > 80.0%,1,0.0,0.0,88.3,77.1,0.0,23.249040299151133,23.25,42.22,0,0.0,0.0,0.0,0.0,88.3,77.1,0.0,427,145,282,66.04,66.04
2026-05-08T18:32:32.686,M2,320,2,M2 <- CPU 88% > 80.0%,1,0.0,0.0,88.3,77.1,0.0,23.34084774243014,23.34,41.32,3,0.4496,56.51,0.0,0.0,88.3,77.1,0.0,430,146,284,66.05,66.05
2026-05-08T18:32:32.740,M2,320,2,M2 <- CPU 90% > 80.0%,1,0.0,0.0,89.5,77.1,0.0,23.484795740650274,23.48,40.22,3,0.4142,47.14,0.0,0.0,89.5,77.1,0.0,433,147,286,66.05,66.05
2026-05-08T18:32:32.789,M2,320,2,M2 <- CPU 90% > 80.0%,1,0.0,0.0,89.5,77.1,0.0,23.71590993614908,23.72,38.43,3,0.4644,56.75,0.0,0.0,89.5,77.1,0.0,436,148,288,66.06,66.06
2026-05-08T18:32:32.839,M2,320,2,M2 <- CPU 90% > 80.0%,1,0.0,0.0,89.5,77.1,0.0,23.838670535561747,23.84,39.99,3,0.3613,52.44,0.0,0.0,89.5,77.1,0.0,439,149,290,66.06,66.06
2026-05-08T18:32:32.885,M2,320,2,M2 <- CPU 90% > 80.0%,1,0.0,0.0,89.5,77.1,0.0,24.191786734645746,24.19,35.83,4,0.4175,57.93,0.0,0.0,89.5,77.1,0.0,442,150,292,66.06,66.06
2026-05-08T18:32:32.933,M2,320,2,M2 <- CPU 90% > 80.0%,1,0.0,0.0,89.5,77.1,0.0,24.434208245905573,24.43,37.24,2,0.4526,56.1,0.0,0.0,89.5,77.1,0.0,445,151,294,66.07,66.07
2026-05-08T18:32:32.986,M2,320,2,M2 <- CPU 90% > 80.0%,1,0.0,0.0,89.5,77.1,0.0,24.351936508777435,24.35,42.31,5,0.5301,81.92,0.0,0.0,89.5,77.1,0.0,448,152,296,66.07,66.07
2026-05-08T18:32:33.038,M2,320,2,M2 <- CPU 90% > 80.0%,1,0.0,0.0,89.5,77.1,0.0,24.29019411762707,24.29,42.11,4,0.5383,69.94,0.0,0.0,89.5,77.1,0.0,451,153,298,66.08,66.08
2026-05-08T18:32:33.091,M2,320,2,M2 <- CPU 90% > 80.0%,1,0.0,0.0,89.5,77.1,0.0,24.224619129861036,24.22,42.28,3,0.5864,71.28,0.0,0.0,89.5,77.1,0.0,454,154,300,66.08,66.08
2026-05-08T18:32:33.144,M2,320,2,M2 <- CPU 90% > 80.0%,1,0.0,0.0,89.5,77.1,0.0,24.141470813639145,24.14,42.7,6,0.3931,57.01,0.0,0.0,89.5,77.1,0.0,457,155,302,66.08,66.08
2026-05-08T18:32:33.194,M2,320,2,M2 <- CPU 90% > 80.0%,1,0.0,0.0,89.5,77.1,0.0,24.200607227579187,24.2,40.41,3,0.6473,75.38,0.0,0.0,89.5,77.1,0.0,460,156,304,66.09,66.09
2026-05-08T18:32:33.253,M2,320,2,M2 <- CPU 90% > 80.0%,1,0.0,0.0,89.5,77.1,0.0,23.781954017055067,23.78,48.6,3,0.5666,70.52,0.0,0.0,89.5,77.1,0.0,463,157,306,66.09,66.09
2026-05-08T18:32:33.304,M2,320,2,M2 <- CPU 88% > 80.0%,1,0.0,0.0,87.5,77.0,0.0,23.857146909235336,23.86,40.72,2,0.5123,74.33,0.0,0.0,87.5,77.0,0.0,466,158,308,66.09,66.09
2026-05-08T18:32:33.356,M2,320,2,M2 <- CPU 88% > 80.0%,1,0.0,0.0,87.5,77.0,0.0,23.924209352129836,23.92,40.74,1,0.6184,61.84,0.0,0.0,87.5,77.0,0.0,469,159,310,66.1,66.1
2026-05-08T18:32:33.410,M2,320,2,M2 <- CPU 88% > 80.0%,1,0.0,0.0,87.5,77.0,0.0,23.8543369955906,23.85,43.02,3,0.5132,74.98,0.0,0.0,87.5,77.0,0.0,472,160,312,66.1,66.1
2026-05-08T18:32:33.463,M2,320,2,M2 <- CPU 88% > 80.0%,1,0.0,0.0,87.5,77.0,0.0,23.793849190469782,23.79,42.99,3,0.6467,69.22,0.0,0.0,87.5,77.0,0.0,475,161,314,66.11,66.11
2026-05-08T18:32:33.517,M2,320,2,M2 <- CPU 88% > 80.0%,1,0.0,0.0,87.5,77.0,0.0,23.73956477246774,23.74,42.99,4,0.5068,69.92,0.0,0.0,87.5,77.0,0.0,478,162,316,66.11,66.11
2026-05-08T18:32:33.570,M2,320,2,M2 <- CPU 88% > 80.0%,1,0.0,0.0,87.5,77.0,0.0,23.710619882018502,23.71,42.64,4,0.5084,68.83,0.0,0.0,87.5,77.0,0.0,481,163,318,66.11,66.11
2026-05-08T18:32:33.632,M2,320,2,M2 <- CPU 88% > 80.0%,1,0.0,0.0,87.5,77.0,0.0,23.700470689357065,23.7,42.36,4,0.5475,75.83,0.0,0.0,87.5,77.0,0.0,484,164,320,66.12,66.12
2026-05-08T18:32:33.680,M2,320,2,M2 <- CPU 88% > 80.0%,1,0.0,0.0,87.5,77.0,0.0,23.9741293981057,23.97,37.38,4,0.5566,80.54,0.0,0.0,87.5,77.0,0.0,487,165,322,66.12,66.12
2026-05-08T18:32:33.736,M2,320,2,M2 <- CPU 88% > 80.0%,1,0.0,0.0,87.5,77.0,0.0,23.70077313069603,23.7,46.52,5,0.5067,86.15,0.0,0.0,87.5,77.0,0.0,490,166,324,66.12,66.12
2026-05-08T18:32:33.790,M2,320,2,M2 <- CPU 90% > 80.0%,1,0.0,0.0,90.2,77.0,0.0,23.70598802653339,23.71,42.1,5,0.3669,46.43,0.0,0.0,90.2,77.0,0.0,493,167,326,66.13,66.13
2026-05-08T18:32:33.841,M2,320,2,M2 <- CPU 90% > 80.0%,1,0.0,0.0,90.2,77.0,0.0,23.799306365833527,23.8,40.53,2,0.5385,54.13,0.0,0.0,90.2,77.0,0.0,496,168,328,66.13,66.13
2026-05-08T18:32:33.892,M2,320,2,M2 <- CPU 90% > 80.0%,1,0.0,0.0,90.2,77.0,0.0,23.857728817632736,23.86,40.99,3,0.4862,52.94,0.0,0.0,90.2,77.0,0.0,499,169,330,66.13,66.13
2026-05-08T18:32:33.941,M2,320,2,M2 <- CPU 90% > 80.0%,1,0.0,0.0,90.2,77.0,0.0,24.105676767274222,24.11,37.6,1,0.6407,64.07,0.0,0.0,90.2,77.0,0.0,502,170,332,66.14,66.14
2026-05-08T18:32:33.993,M2,320,2,M2 <- CPU 90% > 80.0%,1,0.0,0.0,90.2,77.0,0.0,24.060663329622095,24.06,42.26,1,0.6461,64.61,0.0,0.0,90.2,77.0,0.0,505,171,334,66.14,66.14
2026-05-08T18:32:34.045,M2,320,2,M2 <- CPU 90% > 80.0%,1,0.0,0.0,90.2,77.0,0.0,24.09286013261105,24.09,41.01,1,0.5765,57.65,0.0,0.0,90.2,77.0,0.0,508,172,336,66.14,66.14
2026-05-08T18:32:34.097,M2,320,2,M2 <- CPU 90% > 80.0%,1,0.0,0.0,90.2,77.0,0.0,24.043139968111735,24.04,42.36,1,0.6025,60.25,0.0,0.0,90.2,77.0,0.0,511,173,338,66.14,66.14
2026-05-08T18:32:34.147,M2,320,2,M2 <- CPU 90% > 80.0%,1,0.0,0.0,90.2,77.0,0.0,24.15573604210352,24.16,39.65,2,0.4394,56.6,0.0,0.0,90.2,77.0,0.0,514,174,340,66.15,66.15
2026-05-08T18:32:34.200,M2,320,2,M2 <- CPU 90% > 80.0%,1,0.0,0.0,90.2,77.0,0.0,24.062297516842033,24.06,43.01,1,0.7758,77.58,0.0,0.0,90.2,77.0,0.0,517,175,342,66.15,66.15
2026-05-08T18:32:34.255,M2,320,2,M2 <- CPU 90% > 80.0%,1,0.0,0.0,90.2,77.0,0.0,23.888810692511406,23.89,44.58,4,0.4666,71.43,0.0,0.0,90.2,77.0,0.0,520,176,344,66.15,66.15
2026-05-08T18:32:34.306,M2,320,2,M2 <- CPU 87% > 80.0%,1,0.0,0.0,86.8,77.0,0.0,24.016216558738233,24.02,39.64,2,0.3434,42.73,0.0,0.0,86.8,77.0,0.0,523,177,346,66.16,66.16
2026-05-08T18:32:34.357,M2,320,2,M2 <- CPU 87% > 80.0%,1,0.0,0.0,86.8,77.0,0.0,24.07103338692609,24.07,40.69,3,0.321,39.51,0.0,0.0,86.8,77.0,0.0,526,178,348,66.16,66.16
2026-05-08T18:32:34.413,M2,320,2,M2 <- CPU 87% > 80.0%,1,0.0,0.0,86.8,77.0,0.0,23.8350909967341,23.84,45.66,2,0.3042,33.18,0.0,0.0,86.8,77.0,0.0,529,179,350,66.16,66.16
2026-05-08T18:32:34.471,M2,320,2,M2 <- CPU 87% > 80.0%,1,0.0,0.0,86.8,77.0,0.0,23.54654640735603,23.55,47.1,3,0.4388,53.58,0.0,0.0,86.8,77.0,0.0,532,180,352,66.17,66.17
2026-05-08T18:32:34.540,M2,320,2,M2 <- CPU 87% > 80.0%,1,0.0,0.0,86.8,77.0,0.0,22.655041367882454,22.66,59.18,3,0.5679,71.74,0.0,0.0,86.8,77.0,0.0,535,181,354,66.17,66.17
2026-05-08T18:32:34.600,M2,320,2,M2 <- CPU 87% > 80.0%,1,0.0,0.0,86.8,77.0,0.0,22.373773621065205,22.37,49.69,2,0.5271,55.61,0.0,0.0,86.8,77.0,0.0,538,182,356,66.17,66.17
2026-05-08T18:32:34.660,M2,320,2,M2 <- CPU 87% > 80.0%,1,0.0,0.0,86.8,77.0,0.0,22.142294215491365,22.14,49.37,4,0.4373,53.88,0.0,0.0,86.8,77.0,0.0,541,183,358,66.17,66.17
2026-05-08T18:32:34.712,M2,320,2,M2 <- CPU 87% > 80.0%,1,0.0,0.0,86.8,77.0,0.0,22.280595093539457,22.28,42.36,2,0.6114,81.28,0.0,0.0,86.8,77.0,0.0,544,184,360,66.18,66.18
2026-05-08T18:32:34.768,M2,320,2,M2 <- CPU 87% > 80.0%,1,0.0,0.0,86.8,77.0,0.0,22.235259911994213,22.24,45.8,1,0.7599,75.99,0.0,0.0,86.8,77.0,0.0,547,185,362,66.18,66.18
2026-05-08T18:32:34.818,M2,320,2,M2 <- CPU 95% > 80.0%,1,0.0,0.0,94.8,77.0,0.0,22.494377827485614,22.49,39.79,1,0.6768,67.68,0.0,0.0,94.8,77.0,0.0,550,186,364,66.18,66.18
2026-05-08T18:32:34.870,M2,320,2,M2 <- CPU 95% > 80.0%,1,0.0,0.0,94.8,77.0,0.0,22.60850231509281,22.61,42.21,1,0.7268,72.68,0.0,0.0,94.8,77.0,0.0,553,187,366,66.18,66.18
2026-05-08T18:32:34.919,M2,320,2,M2 <- CPU 95% > 80.0%,1,0.0,0.0,94.8,77.0,0.0,22.91830055222609,22.92,38.25,1,0.8218,82.18,0.0,0.0,94.8,77.0,0.0,556,188,368,66.19,66.19
2026-05-08T18:32:34.973,M2,320,2,M2 <- CPU 95% > 80.0%,1,0.0,0.0,94.8,77.0,0.0,22.913577056642662,22.91,43.72,1,0.5709,57.09,0.0,0.0,94.8,77.0,0.0,559,189,370,66.19,66.19
2026-05-08T18:32:35.024,M2,320,2,M2 <- CPU 95% > 80.0%,1,0.0,0.0,94.8,77.0,0.0,23.062191989351298,23.06,40.83,0,0.0,0.0,0.0,0.0,94.8,77.0,0.0,562,190,372,66.19,66.19
2026-05-08T18:32:35.073,M2,320,2,M2 <- CPU 95% > 80.0%,1,0.0,0.0,94.8,77.0,0.0,23.268480966774465,23.27,39.52,0,0.0,0.0,0.0,0.0,94.8,77.0,0.0,565,191,374,66.19,66.19
2026-05-08T18:32:35.121,M2,320,2,M2 <- CPU 95% > 80.0%,1,0.0,0.0,94.8,77.0,0.0,23.588776502748537,23.59,37.14,0,0.0,0.0,0.0,0.0,94.8,77.0,0.0,568,192,376,66.2,66.2
2026-05-08T18:32:35.170,M2,320,2,M2 <- CPU 95% > 80.0%,1,0.0,0.0,94.8,77.0,0.0,23.826401942281922,23.83,38.17,0,0.0,0.0,0.0,0.0,94.8,77.0,0.0,571,193,378,66.2,66.2
2026-05-08T18:32:35.223,M2,320,2,M2 <- CPU 95% > 80.0%,1,0.0,0.0,94.8,77.0,0.0,23.790800871077398,23.79,42.6,0,0.0,0.0,0.0,0.0,94.8,77.0,0.0,574,194,380,66.2,66.2
2026-05-08T18:32:35.274,M2,320,2,M2 <- CPU 95% > 80.0%,1,0.0,0.0,94.8,77.0,0.0,23.93347188196746,23.93,39.53,3,0.3249,33.7,0.0,0.0,94.8,77.0,0.0,577,195,382,66.2,66.2
2026-05-08T18:32:35.330,M2,320,2,M2 <- CPU 88% > 80.0%,1,0.0,0.0,88.1,77.0,0.0,23.915755810205987,23.92,42.09,1,0.4528,45.28,0.0,0.0,88.1,77.0,0.0,580,196,384,66.21,66.21
2026-05-08T18:32:35.382,M2,320,2,M2 <- CPU 88% > 80.0%,1,0.0,0.0,88.1,77.0,0.0,23.92104415687163,23.92,41.72,2,0.3159,35.07,0.0,0.0,88.1,77.0,0.0,583,197,386,66.21,66.21
2026-05-08T18:32:35.430,M2,320,2,M2 <- CPU 88% > 80.0%,1,0.0,0.0,88.1,77.0,0.0,24.191129839705496,24.19,37.14,2,0.2932,29.38,0.0,0.0,88.1,77.0,0.0,586,198,388,66.21,66.21
2026-05-08T18:32:35.488,M2,320,2,M2 <- CPU 88% > 80.0%,1,0.0,0.0,88.1,77.0,0.0,23.801369499440348,23.8,48.11,2,0.4333,50.34,0.0,0.0,88.1,77.0,0.0,589,199,390,66.21,66.21
2026-05-08T18:32:35.537,M2,320,2,M2 <- CPU 88% > 80.0%,1,0.0,0.0,88.1,77.0,0.0,23.962277498678638,23.96,39.19,0,0.0,0.0,0.0,0.0,88.1,77.0,0.0,592,200,392,66.22,66.22
2026-05-08T18:32:35.597,M2,320,2,M2 <- CPU 88% > 80.0%,1,0.0,0.0,88.1,77.0,0.0,23.584068981728553,23.58,48.42,1,0.4687,46.87,0.0,0.0,88.1,77.0,0.0,595,201,394,66.22,66.22
2026-05-08T18:32:35.649,M2,320,2,M2 <- CPU 88% > 80.0%,1,0.0,0.0,88.1,77.0,0.0,23.594352424907026,23.59,42.22,2,0.4739,47.56,0.0,0.0,88.1,77.0,0.0,598,202,396,66.22,66.22
2026-05-08T18:32:35.701,M2,320,2,M2 <- CPU 88% > 80.0%,1,0.0,0.0,88.1,77.0,0.0,23.67073361748386,23.67,41.02,3,0.4522,57.55,0.0,0.0,88.1,77.0,0.0,601,203,398,66.22,66.22
2026-05-08T18:32:35.752,M2,320,2,M2 <- CPU 88% > 80.0%,1,0.0,0.0,88.1,77.0,0.0,23.781096756966424,23.78,40.29,4,0.424,62.12,0.0,0.0,88.1,77.0,0.0,604,204,400,66.23,66.23
2026-05-08T18:32:35.803,M2,320,2,M2 <- CPU 88% > 80.0%,1,0.0,0.0,88.1,77.0,0.0,23.79688611478352,23.8,41.77,4,0.4703,63.82,0.0,0.0,88.1,77.0,0.0,607,205,402,66.23,66.23
2026-05-08T18:32:35.852,M2,320,2,M2 <- CPU 88% > 80.0%,1,0.0,0.0,88.0,77.0,0.0,23.961299094158665,23.96,39.14,5,0.4074,56.99,0.0,0.0,88.0,77.0,0.0,610,206,404,66.23,66.23
2026-05-08T18:32:35.903,M2,320,2,M2 <- CPU 88% > 80.0%,1,0.0,0.0,88.0,77.0,0.0,24.061326834429444,24.06,40.0,5,0.5303,66.55,0.0,0.0,88.0,77.0,0.0,613,207,406,66.23,66.23
2026-05-08T18:32:35.953,M2,320,2,M2 <- CPU 88% > 80.0%,1,0.0,0.0,88.0,77.0,0.0,24.10879369863535,24.11,40.74,5,0.5093,79.9,0.0,0.0,88.0,77.0,0.0,616,208,408,66.23,66.23
2026-05-08T18:32:36.005,M2,320,2,M2 <- CPU 88% > 80.0%,1,0.0,0.0,88.0,77.0,0.0,24.148274103643104,24.15,40.8,5,0.5703,81.42,0.0,0.0,88.0,77.0,0.0,619,209,410,66.24,66.24
2026-05-08T18:32:36.057,M2,320,2,M2 <- CPU 88% > 80.0%,1,0.0,0.0,88.0,77.0,0.0,24.092824301970595,24.09,42.36,6,0.5021,80.49,0.0,0.0,88.0,77.0,0.0,622,210,412,66.24,66.24
2026-05-08T18:32:36.108,M2,320,2,M2 <- CPU 88% > 80.0%,1,0.0,0.0,88.0,77.0,0.0,24.158714542143368,24.16,40.37,6,0.4982,81.35,0.0,0.0,88.0,77.0,0.0,625,211,414,66.24,66.24
2026-05-08T18:32:36.164,M2,320,2,M2 <- CPU 88% > 80.0%,1,0.0,0.0,88.0,77.0,0.0,23.93371256908462,23.93,45.28,4,0.5281,64.36,0.0,0.0,88.0,77.0,0.0,628,212,416,66.24,66.24
2026-05-08T18:32:36.216,M2,320,2,M2 <- CPU 88% > 80.0%,1,0.0,0.0,88.0,77.0,0.0,23.93882711980081,23.94,41.69,3,0.4038,52.44,0.0,0.0,88.0,77.0,0.0,631,213,418,66.24,66.24
2026-05-08T18:32:36.269,M2,320,2,M2 <- CPU 88% > 80.0%,1,0.0,0.0,88.0,77.0,0.0,23.85149854346011,23.85,43.3,3,0.4892,58.02,0.0,0.0,88.0,77.0,0.0,634,214,420,66.25,66.25
2026-05-08T18:32:36.321,M2,320,2,M2 <- CPU 88% > 80.0%,1,0.0,0.0,88.0,77.0,0.0,23.842063578196573,23.84,42.09,3,0.5205,71.01,0.0,0.0,88.0,77.0,0.0,637,215,422,66.25,66.25
2026-05-08T18:32:36.380,M2,320,2,M2 <- CPU 85% > 80.0%,1,0.0,0.0,85.0,77.0,0.0,23.446878546761656,23.45,49.01,3,0.6279,76.16,0.0,0.0,85.0,77.0,0.0,640,216,424,66.25,66.25
2026-05-08T18:32:36.435,M2,320,2,M2 <- CPU 85% > 80.0%,1,0.0,0.0,85.0,77.0,0.0,23.32042762701293,23.32,44.96,3,0.5473,76.1,0.0,0.0,85.0,77.0,0.0,643,217,426,66.25,66.25
2026-05-08T18:32:36.495,M2,320,2,M2 <- CPU 85% > 80.0%,1,0.0,0.0,85.0,77.0,0.0,22.977864988771845,22.98,49.27,2,0.6043,71.97,0.0,0.0,85.0,77.0,0.0,646,218,428,66.25,66.25
2026-05-08T18:32:36.555,M2,320,2,M2 <- CPU 85% > 80.0%,1,0.0,0.0,85.0,77.0,0.0,22.70318162329765,22.7,48.79,3,0.5335,70.62,0.0,0.0,85.0,77.0,0.0,649,219,430,66.26,66.26
2026-05-08T18:32:36.615,M2,320,2,M2 <- CPU 85% > 80.0%,1,0.0,0.0,85.0,77.0,0.0,22.40847605687691,22.41,49.84,4,0.4091,61.34,0.0,0.0,85.0,77.0,0.0,652,220,432,66.26,66.26
2026-05-08T18:32:36.674,M2,320,2,M2 <- CPU 85% > 80.0%,1,0.0,0.0,85.0,77.0,0.0,22.170558028700775,22.17,49.41,2,0.4481,50.27,0.0,0.0,85.0,77.0,0.0,655,221,434,66.26,66.26
2026-05-08T18:32:36.734,M2,320,2,M2 <- CPU 85% > 80.0%,1,0.0,0.0,85.0,77.0,0.0,21.95293897854015,21.95,49.58,1,0.4933,49.33,0.0,0.0,85.0,77.0,0.0,658,222,436,66.26,66.26
2026-05-08T18:32:36.791,M2,320,2,M2 <- CPU 85% > 80.0%,1,0.0,0.0,85.0,77.0,0.0,21.864834854106764,21.86,47.39,2,0.4495,51.49,0.0,0.0,85.0,77.0,0.0,661,223,438,66.26,66.26
2026-05-08T18:32:36.860,M2,320,2,M2 <- CPU 85% > 80.0%,1,0.0,0.0,85.0,77.0,0.0,21.28656202004882,21.29,58.16,2,0.3545,37.16,0.0,0.0,85.0,77.0,0.0,664,224,440,66.27,66.27
2026-05-08T18:32:36.944,M2,320,2,M2 <- CPU 98% > 80.0%,1,0.0,0.0,97.9,76.9,0.0,20.094591138716737,20.09,74.84,1,0.4332,43.32,0.0,0.0,97.9,76.9,0.0,667,225,442,66.27,66.27
2026-05-08T18:32:36.997,M2,320,2,M2 <- CPU 98% > 80.0%,1,0.0,0.0,97.9,76.9,0.0,20.38162065809589,20.38,42.76,2,0.5116,73.37,0.0,0.0,97.9,76.9,0.0,670,226,444,66.27,66.27
2026-05-08T18:32:37.049,M2,320,2,M2 <- CPU 98% > 80.0%,1,0.0,0.0,97.9,76.9,0.0,20.693017169585705,20.69,41.68,3,0.3853,54.15,0.0,0.0,97.9,76.9,0.0,673,227,446,66.27,66.27
2026-05-08T18:32:37.100,M2,320,2,M2 <- CPU 98% > 80.0%,1,0.0,0.0,97.9,76.9,0.0,21.01008834055637,21.01,41.03,4,0.5332,76.04,0.0,0.0,97.9,76.9,0.0,676,228,448,66.27,66.27
2026-05-08T18:32:37.154,M2,320,2,M2 <- CPU 98% > 80.0%,1,0.0,0.0,97.9,76.9,0.0,21.196435204627246,21.2,43.41,3,0.6672,73.45,0.0,0.0,97.9,76.9,0.0,679,229,450,66.27,66.27
2026-05-08T18:32:37.222,M2,320,2,M2 <- CPU 98% > 80.0%,1,0.0,0.0,97.9,76.9,0.0,20.765745218896473,20.77,56.96,2,0.5392,55.31,0.0,0.0,97.9,76.9,0.0,682,230,452,66.28,66.28
2026-05-08T18:32:37.291,M2,320,2,M2 <- CPU 98% > 80.0%,1,0.0,0.0,97.9,76.9,0.0,20.53195972147919,20.53,53.64,2,0.7033,82.13,0.0,0.0,97.9,76.9,0.0,685,231,454,66.28,66.28
2026-05-08T18:32:37.358,M2,320,2,M2 <- CPU 98% > 80.0%,1,0.0,0.0,97.9,76.9,0.0,20.170830317170484,20.17,57.42,1,0.3677,36.77,0.0,0.0,97.9,76.9,0.0,688,232,456,66.28,66.28
2026-05-08T18:32:37.425,M2,320,2,M2 <- CPU 95% > 80.0%,1,0.0,0.0,94.9,76.9,0.0,19.888787046432967,19.89,56.61,0,0.0,0.0,0.0,0.0,94.9,76.9,0.0,691,233,458,66.28,66.28
