timestamp,fps,latency_ms,ram_usage_percent,cpu_usage_percent,temperature,num_detections
2026-04-05T18:15:43.334,2.02,496.17,79.0,0.0,0.0,9
2026-04-05T18:15:43.662,2.16,171.6,79.3,77.9,0.0,8
2026-04-05T18:15:43.963,2.24,289.38,79.6,96.9,0.0,10
2026-04-05T18:15:44.126,2.4,152.79,79.6,96.9,0.0,8
2026-04-05T18:15:44.359,2.51,225.95,79.7,97.0,0.0,8
2026-04-05T18:15:44.603,2.62,234.44,79.7,97.0,0.0,8
2026-04-05T18:15:44.721,2.82,108.51,79.7,97.0,0.0,9
2026-04-05T18:15:44.827,3.04,97.47,79.7,97.0,0.0,9
2026-04-05T18:15:44.944,3.26,110.48,79.8,89.8,0.0,7
2026-04-05T18:15:45.055,3.49,101.11,79.8,89.8,0.0,11
2026-04-05T18:15:45.164,3.74,98.72,79.8,89.8,0.0,9
2026-04-05T18:15:45.268,4.0,95.46,79.8,89.8,0.0,8
2026-04-05T18:15:45.379,4.25,101.67,79.7,81.1,0.0,9
2026-04-05T18:15:45.484,4.51,96.75,79.7,81.1,0.0,9
2026-04-05T18:15:45.591,4.78,97.86,79.7,81.1,0.0,11
2026-04-05T18:15:45.702,5.04,101.28,79.7,81.1,0.0,12
2026-04-05T18:15:45.806,5.31,97.29,79.7,81.1,0.0,10
2026-04-05T18:15:45.919,5.56,104.87,79.8,76.6,0.0,10
2026-04-05T18:15:46.030,5.81,102.89,79.8,76.6,0.0,12
2026-04-05T18:15:46.140,6.06,100.08,79.8,76.6,0.0,11
2026-04-05T18:15:46.250,6.33,95.8,79.8,76.6,0.0,11
2026-04-05T18:15:46.356,6.58,97.27,79.8,76.6,0.0,9
2026-04-05T18:15:46.464,6.81,99.55,79.7,79.7,0.0,11
2026-04-05T18:15:46.572,7.03,102.02,79.7,79.7,0.0,12
2026-04-05T18:15:46.686,7.22,104.0,79.7,79.7,0.0,12
2026-04-05T18:15:46.795,7.43,99.95,79.7,79.7,0.0,9
2026-04-05T18:15:46.907,7.61,102.24,79.7,78.1,0.0,10
2026-04-05T18:15:47.017,7.79,100.95,79.7,78.1,0.0,12
2026-04-05T18:15:47.125,7.98,98.33,79.7,78.1,0.0,10
2026-04-05T18:15:47.230,8.15,99.29,79.7,78.1,0.0,11
2026-04-05T18:15:47.333,8.32,97.01,79.7,78.1,0.0,11
2026-04-05T18:15:47.442,8.46,100.8,79.7,81.1,0.0,10
2026-04-05T18:15:47.549,8.59,100.71,79.7,81.1,0.0,10
2026-04-05T18:15:47.658,8.7,101.63,79.7,81.1,0.0,11
2026-04-05T18:15:47.768,8.8,101.03,79.7,81.1,0.0,8
2026-04-05T18:15:47.879,8.9,101.33,79.7,81.1,0.0,8
2026-04-05T18:15:47.988,9.02,97.32,79.7,81.2,0.0,10
2026-04-05T18:15:48.095,9.1,101.1,79.7,81.2,0.0,8
2026-04-05T18:15:48.203,9.19,99.28,79.7,81.2,0.0,9
2026-04-05T18:15:48.310,9.26,100.61,79.7,81.2,0.0,9
2026-04-05T18:15:48.417,9.31,101.61,79.7,80.5,0.0,10
2026-04-05T18:15:48.521,9.42,95.72,79.7,80.5,0.0,8
2026-04-05T18:15:48.633,9.44,103.41,79.7,80.5,0.0,8
2026-04-05T18:15:48.739,9.5,98.84,79.7,80.5,0.0,9
2026-04-05T18:15:48.850,9.54,101.11,79.7,80.5,0.0,9
2026-04-05T18:15:48.959,9.58,100.57,79.7,82.9,0.0,8
2026-04-05T18:15:49.068,9.63,99.22,79.7,82.9,0.0,8
2026-04-05T18:15:49.180,9.64,102.97,79.7,82.9,0.0,10
2026-04-05T18:15:49.292,9.65,102.26,79.7,82.9,0.0,9
2026-04-05T18:15:49.402,9.66,103.09,79.6,81.3,0.0,11
2026-04-05T18:15:49.509,9.7,99.13,79.6,81.3,0.0,9
2026-04-05T18:15:49.616,9.71,102.25,79.6,81.3,0.0,10
2026-04-05T18:15:49.725,9.74,99.55,79.6,81.3,0.0,9
2026-04-05T18:15:49.833,9.74,102.08,79.6,81.3,0.0,11
2026-04-05T18:15:49.937,9.8,97.14,79.7,79.7,0.0,10
2026-04-05T18:15:50.044,9.84,97.87,79.7,79.7,0.0,10
2026-04-05T18:15:50.149,9.86,99.23,79.7,79.7,0.0,9
2026-04-05T18:15:50.256,9.86,101.24,79.7,79.7,0.0,9
2026-04-05T18:15:50.359,9.9,97.83,79.7,79.7,0.0,9
2026-04-05T18:15:50.477,9.79,112.41,79.6,80.2,0.0,9
2026-04-05T18:15:50.610,9.55,127.73,79.6,80.2,0.0,9
2026-04-05T18:15:50.737,9.43,117.79,79.6,80.2,0.0,9
2026-04-05T18:15:50.851,9.45,104.41,79.6,80.2,0.0,9
2026-04-05T18:15:50.960,9.47,103.21,79.7,90.0,0.0,8
2026-04-05T18:15:51.063,9.54,97.67,79.7,90.0,0.0,10
2026-04-05T18:15:51.168,9.58,100.04,79.7,90.0,0.0,10
2026-04-05T18:15:51.277,9.63,99.62,79.7,90.0,0.0,12
2026-04-05T18:15:51.388,9.67,99.78,79.7,90.0,0.0,13
2026-04-05T18:15:51.497,9.67,103.52,79.7,79.3,0.0,14
2026-04-05T18:15:51.602,9.71,98.85,79.7,79.3,0.0,14
2026-04-05T18:15:51.717,9.69,104.6,79.7,79.3,0.0,11
2026-04-05T18:15:51.825,9.71,101.33,79.7,79.3,0.0,9
2026-04-05T18:15:51.936,9.68,105.89,79.7,80.0,0.0,9
2026-04-05T18:15:52.046,9.71,100.48,79.7,80.0,0.0,9
2026-04-05T18:15:52.161,9.69,104.93,79.7,80.0,0.0,12
2026-04-05T18:15:52.274,9.68,104.11,79.7,80.0,0.0,12
2026-04-05T18:15:52.385,9.7,101.42,79.7,80.0,0.0,12
2026-04-05T18:15:52.495,9.73,100.37,79.7,80.5,0.0,11
2026-04-05T18:15:52.606,9.74,100.88,79.7,80.5,0.0,13
2026-04-05T18:15:52.716,9.77,99.88,79.7,80.5,0.0,10
2026-04-05T18:15:52.822,9.79,99.9,79.7,80.5,0.0,10
2026-04-05T18:15:52.929,9.82,99.86,79.7,78.9,0.0,15
2026-04-05T18:15:53.036,9.86,96.84,79.7,78.9,0.0,14
2026-04-05T18:15:53.146,9.84,103.89,79.7,78.9,0.0,11
2026-04-05T18:15:53.253,9.89,96.54,79.7,78.9,0.0,16
2026-04-05T18:15:53.363,9.86,103.97,79.7,78.9,0.0,16
2026-04-05T18:15:53.477,9.82,105.32,79.5,82.6,0.0,15
2026-04-05T18:15:53.590,9.82,101.88,79.5,82.6,0.0,11
2026-04-05T18:15:53.697,9.84,99.85,79.5,82.6,0.0,13
2026-04-05T18:15:53.800,9.9,95.43,79.5,82.6,0.0,11
2026-04-05T18:15:53.911,9.88,103.53,79.5,82.6,0.0,10
2026-04-05T18:15:54.021,9.88,101.02,79.6,76.6,0.0,10
2026-04-05T18:15:54.133,9.84,104.9,79.6,76.6,0.0,10
2026-04-05T18:15:54.240,9.89,96.97,79.6,76.6,0.0,9
2026-04-05T18:15:54.344,9.94,95.5,79.6,76.6,0.0,14
2026-04-05T18:15:54.457,9.93,102.14,79.6,82.3,0.0,14
2026-04-05T18:15:54.563,9.97,96.59,79.6,82.3,0.0,16
2026-04-05T18:15:54.668,9.98,98.87,79.6,82.3,0.0,13
2026-04-05T18:15:54.774,9.99,99.17,79.6,82.3,0.0,11
2026-04-05T18:15:54.885,9.98,101.34,79.6,82.3,0.0,10
2026-04-05T18:15:55.013,9.81,117.77,79.6,80.3,0.0,11
2026-04-05T18:15:55.127,9.78,105.14,79.6,80.3,0.0,15
2026-04-05T18:15:55.233,9.83,96.85,79.6,80.3,0.0,12
2026-04-05T18:15:55.345,9.83,102.13,79.6,80.3,0.0,13
2026-04-05T18:15:55.458,9.77,107.72,79.6,81.4,0.0,12
2026-04-05T18:15:55.566,9.81,98.32,79.6,81.4,0.0,11
2026-04-05T18:15:55.675,9.83,99.79,79.6,81.4,0.0,12
2026-04-05T18:15:55.784,9.83,101.86,79.6,81.4,0.0,14
2026-04-05T18:15:55.900,9.79,106.14,79.6,81.4,0.0,13
2026-04-05T18:15:56.018,9.72,109.3,79.7,85.6,0.0,13
2026-04-05T18:15:56.123,9.77,97.0,79.7,85.6,0.0,9
2026-04-05T18:15:56.236,9.76,104.01,79.7,85.6,0.0,11
2026-04-05T18:15:56.343,9.8,98.17,79.7,85.6,0.0,9
2026-04-05T18:15:56.455,9.8,102.27,79.6,80.5,0.0,11
2026-04-05T18:15:56.563,9.83,98.79,79.6,80.5,0.0,10
2026-04-05T18:15:56.670,9.87,97.15,79.6,80.5,0.0,10
2026-04-05T18:15:56.780,9.87,101.87,79.6,80.5,0.0,11
2026-04-05T18:15:56.895,9.81,107.49,79.6,80.5,0.0,11
2026-04-05T18:15:57.014,9.73,110.03,79.6,82.1,0.0,11
2026-04-05T18:15:57.124,9.75,101.13,79.6,82.1,0.0,10
2026-04-05T18:15:57.232,9.79,97.97,79.6,82.1,0.0,10
2026-04-05T18:15:57.335,9.84,97.49,79.6,82.1,0.0,10
2026-04-05T18:15:57.444,9.86,99.64,79.6,82.1,0.0,13
2026-04-05T18:15:57.562,9.79,108.31,79.5,83.7,0.0,10
2026-04-05T18:15:57.670,9.82,98.51,79.5,83.7,0.0,11
2026-04-05T18:15:57.780,9.84,99.74,79.5,83.7,0.0,11
2026-04-05T18:15:57.888,9.87,98.9,79.5,83.7,0.0,11
2026-04-05T18:15:58.001,9.83,105.57,79.6,78.9,0.0,8
2026-04-05T18:15:58.107,9.87,97.23,79.6,78.9,0.0,10
2026-04-05T18:15:58.214,9.88,100.93,79.6,78.9,0.0,11
2026-04-05T18:15:58.318,9.94,95.19,79.6,78.9,0.0,11
2026-04-05T18:15:58.424,9.96,98.02,79.6,78.9,0.0,9
2026-04-05T18:15:58.538,9.92,104.18,79.5,76.6,0.0,8
2026-04-05T18:15:58.644,9.96,97.3,79.5,76.6,0.0,8
2026-04-05T18:15:58.754,9.96,100.46,79.5,76.6,0.0,9
2026-04-05T18:15:58.879,9.81,115.08,79.5,76.6,0.0,8
2026-04-05T18:15:59.008,9.64,120.57,79.3,87.9,0.0,8
2026-04-05T18:15:59.133,9.52,117.0,79.3,87.9,0.0,10
2026-04-05T18:15:59.241,9.57,99.42,79.3,87.9,0.0,8
2026-04-05T18:15:59.343,9.64,96.76,79.3,87.9,0.0,8
2026-04-05T18:15:59.449,9.7,96.75,79.3,87.9,0.0,7
2026-04-05T18:15:59.555,9.73,100.11,79.2,84.5,0.0,8
2026-04-05T18:15:59.660,9.8,95.79,79.2,84.5,0.0,7
2026-04-05T18:15:59.762,9.85,96.48,79.2,84.5,0.0,10
2026-04-05T18:15:59.914,9.47,142.36,79.2,84.5,0.0,7
2026-04-05T18:16:00.064,9.16,141.82,79.3,88.4,0.0,6
2026-04-05T18:16:00.194,9.06,121.18,79.3,88.4,0.0,7
2026-04-05T18:16:00.318,9.02,114.67,79.3,88.4,0.0,7
2026-04-05T18:16:00.427,9.11,99.8,79.3,88.4,0.0,7
2026-04-05T18:16:00.538,9.17,102.45,79.4,94.1,0.0,9
2026-04-05T18:16:00.647,9.25,100.57,79.4,94.1,0.0,7
2026-04-05T18:16:00.750,9.34,97.8,79.4,94.1,0.0,5
2026-04-05T18:16:00.859,9.38,101.67,79.4,94.1,0.0,7
2026-04-05T18:16:00.972,9.4,104.1,79.4,94.1,0.0,4
2026-04-05T18:16:01.084,9.43,103.85,79.4,83.7,0.0,4
2026-04-05T18:16:01.193,9.48,100.55,79.4,83.7,0.0,4
2026-04-05T18:16:01.301,9.53,99.63,79.4,83.7,0.0,7
2026-04-05T18:16:01.404,9.6,97.37,79.4,83.7,0.0,8
2026-04-05T18:16:01.510,9.63,100.37,79.3,80.0,0.0,5
2026-04-05T18:16:01.611,9.71,96.01,79.3,80.0,0.0,8
2026-04-05T18:16:01.717,9.73,100.26,79.3,80.0,0.0,8
2026-04-05T18:16:01.824,9.77,98.69,79.3,80.0,0.0,5
2026-04-05T18:16:01.928,9.84,95.62,79.3,80.0,0.0,6
2026-04-05T18:16:02.037,9.83,101.84,79.3,78.0,0.0,6
2026-04-05T18:16:02.138,9.89,95.46,79.3,78.0,0.0,7
2026-04-05T18:16:02.244,9.92,98.98,79.3,78.0,0.0,6
2026-04-05T18:16:02.348,9.97,95.27,79.3,78.0,0.0,7
2026-04-05T18:16:02.451,9.99,98.56,79.3,78.0,0.0,6
2026-04-05T18:16:02.561,9.98,100.75,79.3,77.3,0.0,6
2026-04-05T18:16:02.664,10.0,98.33,79.3,77.3,0.0,11
2026-04-05T18:16:02.772,10.01,99.43,79.3,77.3,0.0,10
2026-04-05T18:16:02.882,10.0,100.41,79.3,77.3,0.0,8
2026-04-05T18:16:02.988,10.0,100.0,79.3,77.3,0.0,8
2026-04-05T18:16:03.098,9.99,100.7,79.3,83.8,0.0,7
2026-04-05T18:16:03.210,9.97,102.86,79.3,83.8,0.0,8
2026-04-05T18:16:03.318,9.98,98.84,79.3,83.8,0.0,8
2026-04-05T18:16:03.421,10.0,98.29,79.3,83.8,0.0,6
2026-04-05T18:16:03.526,10.04,95.82,79.3,79.1,0.0,6
2026-04-05T18:16:03.630,10.07,96.62,79.3,79.1,0.0,7
2026-04-05T18:16:03.738,10.08,98.75,79.3,79.1,0.0,5
2026-04-05T18:16:03.845,10.08,99.0,79.3,79.1,0.0,6
2026-04-05T18:16:03.950,10.1,96.73,79.3,79.1,0.0,5
2026-04-05T18:16:04.058,10.1,99.56,79.3,81.2,0.0,6
2026-04-05T18:16:04.167,10.09,99.53,79.3,81.2,0.0,5
2026-04-05T18:16:04.277,10.07,101.63,79.3,81.2,0.0,5
2026-04-05T18:16:04.383,10.08,97.81,79.3,81.2,0.0,5
2026-04-05T18:16:04.488,10.12,95.93,79.3,81.2,0.0,5
2026-04-05T18:16:04.594,10.09,101.6,79.2,78.1,0.0,5
2026-04-05T18:16:04.701,10.09,99.14,79.2,78.1,0.0,5
2026-04-05T18:16:04.810,10.08,99.93,79.2,78.1,0.0,6
2026-04-05T18:16:04.910,10.12,95.18,79.2,78.1,0.0,6
2026-04-05T18:16:05.014,10.12,98.58,79.2,78.1,0.0,6
2026-04-05T18:16:05.122,10.08,103.4,79.3,81.2,0.0,5
2026-04-05T18:16:05.226,10.08,99.0,79.3,81.2,0.0,5
2026-04-05T18:16:05.341,9.98,108.81,79.3,81.2,0.0,7
2026-04-05T18:16:05.444,10.02,96.78,79.3,81.2,0.0,7
2026-04-05T18:16:05.550,10.03,98.6,79.3,79.8,0.0,6
2026-04-05T18:16:05.651,10.1,93.11,79.3,79.8,0.0,7
2026-04-05T18:16:05.759,10.09,99.52,79.3,79.8,0.0,7
2026-04-05T18:16:05.871,10.05,102.88,79.3,79.8,0.0,8
2026-04-05T18:16:05.988,9.97,107.64,79.3,79.8,0.0,8
2026-04-05T18:16:06.101,9.94,103.28,79.3,81.8,0.0,10
2026-04-05T18:16:06.205,9.97,97.88,79.3,81.8,0.0,9
2026-04-05T18:16:06.311,9.97,100.49,79.3,81.8,0.0,9
2026-04-05T18:16:06.426,9.91,106.03,79.3,81.8,0.0,7
2026-04-05T18:16:06.533,9.9,102.05,79.3,81.8,0.0,8
2026-04-05T18:16:06.661,9.73,118.22,79.3,78.9,0.0,7
2026-04-05T18:16:06.771,9.74,101.61,79.3,78.9,0.0,6
2026-04-05T18:16:06.880,9.77,99.46,79.3,78.9,0.0,7
2026-04-05T18:16:06.993,9.75,104.41,79.3,78.9,0.0,7
2026-04-05T18:16:07.101,9.78,99.34,79.3,85.9,0.0,7
2026-04-05T18:16:07.213,9.77,103.26,79.3,85.9,0.0,6
2026-04-05T18:16:07.322,9.8,99.38,79.3,85.9,0.0,8
2026-04-05T18:16:07.431,9.82,100.21,79.3,85.9,0.0,8
2026-04-05T18:16:07.535,9.85,98.75,79.3,85.9,0.0,7
2026-04-05T18:16:07.646,9.85,101.94,79.3,77.3,0.0,9
2026-04-05T18:16:07.748,9.89,96.54,79.3,77.3,0.0,7
2026-04-05T18:16:07.853,9.91,99.3,79.3,77.3,0.0,7
2026-04-05T18:16:07.963,9.91,101.56,79.3,77.3,0.0,7
2026-04-05T18:16:08.075,9.89,102.35,79.3,78.1,0.0,8
2026-04-05T18:16:08.178,9.92,98.06,79.3,78.1,0.0,8
2026-04-05T18:16:08.283,9.93,99.86,79.3,78.1,0.0,7
2026-04-05T18:16:08.399,9.87,106.54,79.3,78.1,0.0,6
2026-04-05T18:16:08.508,9.88,100.47,79.3,78.1,0.0,9
2026-04-05T18:16:08.615,9.9,99.58,79.3,80.5,0.0,8
2026-04-05T18:16:08.719,9.92,98.42,79.3,80.5,0.0,7
2026-04-05T18:16:08.829,9.92,101.12,79.3,80.5,0.0,8
2026-04-05T18:16:08.939,9.92,101.09,79.3,80.5,0.0,9
2026-04-05T18:16:09.045,9.95,97.47,79.3,80.5,0.0,8
2026-04-05T18:16:09.150,9.96,99.75,79.3,78.9,0.0,9
2026-04-05T18:16:09.260,9.96,99.84,79.3,78.9,0.0,10
2026-04-05T18:16:09.368,9.98,99.16,79.3,78.9,0.0,9
2026-04-05T18:16:09.478,9.97,100.58,79.3,78.9,0.0,9
2026-04-05T18:16:09.586,9.95,102.69,79.3,79.7,0.0,10
2026-04-05T18:16:09.693,9.98,97.45,79.3,79.7,0.0,8
2026-04-05T18:16:09.798,9.98,100.16,79.3,79.7,0.0,7
2026-04-05T18:16:09.903,9.99,98.65,79.3,79.7,0.0,8
2026-04-05T18:16:10.011,10.01,98.52,79.3,79.7,0.0,8
2026-04-05T18:16:10.117,10.0,100.54,79.3,78.1,0.0,7
2026-04-05T18:16:10.226,10.0,100.51,79.3,78.1,0.0,7
2026-04-05T18:16:10.337,9.98,101.52,79.3,78.1,0.0,7
2026-04-05T18:16:10.446,9.98,100.35,79.3,78.1,0.0,6
2026-04-05T18:16:10.554,9.98,99.86,79.3,78.1,0.0,7
2026-04-05T18:16:10.664,9.98,100.43,79.3,81.4,0.0,6
2026-04-05T18:16:10.769,9.98,100.05,79.3,81.4,0.0,6
2026-04-05T18:16:10.875,10.01,97.21,79.3,81.4,0.0,6
2026-04-05T18:16:10.984,10.0,100.86,79.3,81.4,0.0,6
2026-04-05T18:16:11.093,9.96,103.79,79.3,80.8,0.0,6
2026-04-05T18:16:11.193,10.02,94.69,79.3,80.8,0.0,6
2026-04-05T18:16:11.298,10.02,100.21,79.3,80.8,0.0,6
2026-04-05T18:16:11.403,10.03,98.08,79.3,80.8,0.0,6
2026-04-05T18:16:11.507,10.05,98.2,79.3,80.8,0.0,7
2026-04-05T18:16:11.619,10.01,103.05,79.3,80.0,0.0,7
2026-04-05T18:16:11.727,10.02,99.11,79.3,80.0,0.0,7
2026-04-05T18:16:11.835,10.01,100.98,79.3,80.0,0.0,6
2026-04-05T18:16:11.947,9.96,104.54,79.3,80.0,0.0,5
2026-04-05T18:16:12.048,10.04,92.39,79.3,80.0,0.0,5
2026-04-05T18:16:12.158,9.99,104.9,79.3,82.2,0.0,5
2026-04-05T18:16:12.269,9.92,107.0,79.3,82.2,0.0,5
2026-04-05T18:16:12.391,9.81,112.31,79.3,82.2,0.0,4
2026-04-05T18:16:12.508,9.74,109.3,79.3,82.2,0.0,5
2026-04-05T18:16:12.633,9.61,116.95,79.3,91.4,0.0,5
2026-04-05T18:16:12.752,9.55,109.67,79.3,91.4,0.0,5
2026-04-05T18:16:12.869,9.53,107.78,79.3,91.4,0.0,5
2026-04-05T18:16:12.986,9.5,107.89,79.3,91.4,0.0,5
2026-04-05T18:16:13.090,9.55,99.31,79.3,91.4,0.0,5
2026-04-05T18:16:13.205,9.58,102.0,78.9,85.3,0.0,4
2026-04-05T18:16:13.313,9.59,103.45,78.9,85.3,0.0,4
2026-04-05T18:16:13.422,9.63,99.91,78.9,85.3,0.0,4
2026-04-05T18:16:13.529,9.68,98.57,78.9,85.3,0.0,3
2026-04-05T18:16:13.637,9.68,102.81,78.8,82.0,0.0,2
2026-04-05T18:16:13.739,9.74,97.52,78.8,82.0,0.0,2
2026-04-05T18:16:13.845,9.75,100.85,78.8,82.0,0.0,1
2026-04-05T18:16:13.951,9.76,102.04,78.8,82.0,0.0,1
2026-04-05T18:16:14.053,9.83,94.59,78.8,82.0,0.0,2
2026-04-05T18:16:14.160,9.83,102.17,78.8,80.6,0.0,2
2026-04-05T18:16:14.267,9.86,98.68,78.8,80.6,0.0,3
2026-04-05T18:16:14.370,9.92,94.8,78.8,80.6,0.0,2
2026-04-05T18:16:14.475,9.95,97.69,78.8,80.6,0.0,3
2026-04-05T18:16:14.578,9.97,98.77,78.8,80.6,0.0,2
2026-04-05T18:16:14.687,9.97,100.25,78.8,80.6,0.0,4
2026-04-05T18:16:14.795,9.98,99.74,78.8,80.6,0.0,2
2026-04-05T18:16:14.903,9.98,100.37,78.8,80.6,0.0,2
2026-04-05T18:16:15.012,9.98,99.64,78.8,80.6,0.0,2
2026-04-05T18:16:15.120,9.98,100.0,78.8,80.5,0.0,3
2026-04-05T18:16:15.226,10.0,98.53,78.8,80.5,0.0,3
2026-04-05T18:16:15.331,10.0,100.2,78.8,80.5,0.0,4
2026-04-05T18:16:15.437,10.02,97.76,78.8,80.5,0.0,3
2026-04-05T18:16:15.544,10.02,100.13,78.8,80.5,0.0,3
2026-04-05T18:16:15.653,10.01,100.53,78.8,82.0,0.0,3
2026-04-05T18:16:15.758,10.01,100.07,78.8,82.0,0.0,2
2026-04-05T18:16:15.862,10.05,95.93,78.8,82.0,0.0,4
2026-04-05T18:16:15.965,10.06,98.15,78.8,82.0,0.0,3
2026-04-05T18:16:16.069,10.1,95.64,78.8,82.0,0.0,3
2026-04-05T18:16:16.177,10.08,100.83,78.9,78.9,0.0,3
2026-04-05T18:16:16.284,10.06,101.76,78.9,78.9,0.0,4
2026-04-05T18:16:16.394,10.04,101.27,78.9,78.9,0.0,3
2026-04-05T18:16:16.500,10.06,97.85,78.9,78.9,0.0,4
2026-04-05T18:16:16.602,10.07,98.01,78.9,78.9,0.0,3
2026-04-05T18:16:16.713,10.04,102.54,78.8,80.6,0.0,3
2026-04-05T18:16:16.837,9.88,115.62,78.8,80.6,0.0,3
2026-04-05T18:16:16.949,9.85,104.27,78.8,80.6,0.0,4
2026-04-05T18:16:17.054,9.88,98.17,78.8,80.6,0.0,5
2026-04-05T18:16:17.173,9.79,110.28,78.9,82.8,0.0,4
2026-04-05T18:16:17.288,9.75,106.53,78.9,82.8,0.0,7
2026-04-05T18:16:17.394,9.81,96.17,78.9,82.8,0.0,6
2026-04-05T18:16:17.501,9.85,98.24,78.9,82.8,0.0,6
2026-04-05T18:16:17.609,9.88,98.37,78.9,82.8,0.0,6
2026-04-05T18:16:17.716,9.88,101.44,78.8,82.6,0.0,6
2026-04-05T18:16:17.832,9.81,108.08,78.8,82.6,0.0,6
2026-04-05T18:16:17.940,9.83,99.75,78.8,82.6,0.0,6
2026-04-05T18:16:18.048,9.86,98.72,78.8,82.6,0.0,5
2026-04-05T18:16:18.359,8.2,306.89,78.9,83.7,0.0,7
2026-04-05T18:16:18.470,8.34,101.35,78.9,83.7,0.0,5
2026-04-05T18:16:18.578,8.49,98.52,78.9,83.7,0.0,7
2026-04-05T18:16:18.687,8.6,103.05,78.8,83.6,0.0,7
2026-04-05T18:16:18.788,8.75,96.35,78.8,83.6,0.0,6
2026-04-05T18:16:18.899,8.84,102.29,78.8,83.6,0.0,4
2026-04-05T18:16:19.011,8.92,103.16,78.8,83.6,0.0,8
2026-04-05T18:16:19.117,9.04,97.2,78.8,83.6,0.0,6
2026-04-05T18:16:19.226,9.13,100.29,78.9,79.7,0.0,6
2026-04-05T18:16:19.329,9.24,96.57,78.9,79.7,0.0,5
2026-04-05T18:16:19.432,9.34,96.0,78.9,79.7,0.0,4
2026-04-05T18:16:19.539,9.41,98.75,78.9,79.7,0.0,4
2026-04-05T18:16:19.649,9.46,101.44,78.8,80.3,0.0,5
2026-04-05T18:16:19.751,9.54,96.45,78.8,80.3,0.0,3
2026-04-05T18:16:19.857,9.6,98.24,78.8,80.3,0.0,6
2026-04-05T18:16:19.966,9.6,103.9,78.8,80.3,0.0,6
2026-04-05T18:16:20.073,9.66,97.62,78.8,80.3,0.0,5
2026-04-05T18:16:20.181,9.7,99.11,78.9,80.0,0.0,5
2026-04-05T18:16:20.285,9.75,98.06,78.9,80.0,0.0,4
2026-04-05T18:16:20.394,9.77,100.59,78.9,80.0,0.0,3
2026-04-05T18:16:20.501,9.81,98.68,78.9,80.0,0.0,3
2026-04-05T18:16:20.608,9.83,99.14,78.9,80.0,0.0,4
2026-04-05T18:16:20.716,9.86,99.29,78.8,80.0,0.0,3
2026-04-05T18:16:20.822,9.89,98.04,78.8,80.0,0.0,3
2026-04-05T18:16:20.936,9.85,105.23,78.8,80.0,0.0,3
2026-04-05T18:16:21.040,9.9,95.94,78.8,80.0,0.0,5
2026-04-05T18:16:21.145,9.95,96.74,78.8,80.0,0.0,4
2026-04-05T18:16:21.251,9.98,97.23,78.9,80.5,0.0,4
2026-04-05T18:16:21.356,10.01,97.05,78.9,80.5,0.0,4
2026-04-05T18:16:21.463,10.01,100.02,78.9,80.5,0.0,6
2026-04-05T18:16:21.569,9.99,101.36,78.9,80.5,0.0,4
2026-04-05T18:16:21.693,9.85,114.92,78.8,82.4,0.0,6
2026-04-05T18:16:21.797,9.87,99.28,78.8,82.4,0.0,6
2026-04-05T18:16:21.902,9.89,99.05,78.8,82.4,0.0,4
2026-04-05T18:16:22.011,9.89,101.71,78.8,82.4,0.0,5
2026-04-05T18:16:22.119,9.9,99.42,78.8,82.4,0.0,2
2026-04-05T18:16:22.230,9.89,102.34,78.9,79.7,0.0,2
2026-04-05T18:16:22.360,9.69,121.46,78.9,79.7,0.0,4
2026-04-05T18:16:22.473,9.67,105.75,78.9,79.7,0.0,3
2026-04-05T18:16:22.578,9.71,99.41,78.9,79.7,0.0,3
2026-04-05T18:16:22.686,9.71,102.57,78.9,87.1,0.0,2
2026-04-05T18:16:22.797,9.7,103.86,78.9,87.1,0.0,3
2026-04-05T18:16:22.904,9.71,101.97,78.9,87.1,0.0,2
2026-04-05T18:16:23.029,9.58,117.71,78.9,87.1,0.0,4
2026-04-05T18:16:23.155,9.46,117.71,78.9,87.1,0.0,3
2026-04-05T18:16:23.278,9.38,114.72,78.9,89.8,0.0,3
2026-04-05T18:16:23.405,9.27,118.88,78.9,89.8,0.0,3
2026-04-05T18:16:23.531,9.19,117.58,78.9,89.8,0.0,3
2026-04-05T18:16:23.653,9.15,113.74,78.9,89.8,0.0,3
2026-04-05T18:16:23.773,9.13,111.89,78.9,100.0,0.0,4
2026-04-05T18:16:23.878,9.24,96.39,78.9,100.0,0.0,3
2026-04-05T18:16:23.986,9.31,100.19,78.9,100.0,0.0,3
2026-04-05T18:16:24.092,9.36,101.37,78.9,100.0,0.0,2
2026-04-05T18:16:24.201,9.41,100.92,78.9,84.5,0.0,2
2026-04-05T18:16:24.305,9.51,95.67,78.9,84.5,0.0,3
2026-04-05T18:16:24.411,9.54,101.51,78.9,84.5,0.0,2
2026-04-05T18:16:24.523,9.55,104.08,78.9,84.5,0.0,2
2026-04-05T18:16:24.633,9.58,101.35,78.9,84.5,0.0,2
2026-04-05T18:16:24.745,9.55,106.87,78.9,80.2,0.0,2
2026-04-05T18:16:24.859,9.55,105.14,78.9,80.2,0.0,1
2026-04-05T18:16:24.973,9.51,108.92,78.9,80.2,0.0,1
2026-04-05T18:16:25.090,9.48,108.39,78.9,80.2,0.0,1
2026-04-05T18:16:25.206,9.46,107.73,78.9,78.8,0.0,1
2026-04-05T18:16:25.321,9.47,105.31,78.9,78.8,0.0,1
2026-04-05T18:16:25.436,9.46,106.42,78.9,78.8,0.0,0
2026-04-05T18:16:25.558,9.36,117.32,78.9,78.8,0.0,1
2026-04-05T18:16:25.750,8.73,182.93,78.9,86.7,0.0,1
2026-04-05T18:16:25.902,8.52,142.89,78.9,86.7,0.0,2
2026-04-05T18:16:26.023,8.55,113.73,78.9,86.7,0.0,1
2026-04-05T18:16:26.144,8.58,112.2,78.9,86.7,0.0,1
2026-04-05T18:16:26.258,8.63,109.88,78.9,87.5,0.0,2
2026-04-05T18:16:26.378,8.67,110.92,78.9,87.5,0.0,2
2026-04-05T18:16:26.502,8.68,114.31,78.9,87.5,0.0,2
2026-04-05T18:16:26.620,8.73,108.99,78.9,87.5,0.0,1
2026-04-05T18:16:26.742,8.74,112.95,78.9,81.2,0.0,1
2026-04-05T18:16:26.871,8.69,121.23,78.9,81.2,0.0,0
2026-04-05T18:16:26.995,8.68,115.65,78.9,81.2,0.0,1
2026-04-05T18:16:27.110,8.73,109.47,78.9,81.2,0.0,2
2026-04-05T18:16:27.230,8.72,115.81,79.0,82.0,0.0,2
2026-04-05T18:16:27.346,8.77,107.17,79.0,82.0,0.0,2
2026-04-05T18:16:27.466,8.77,114.63,79.0,82.0,0.0,0
2026-04-05T18:16:27.584,8.8,109.9,79.0,82.0,0.0,1
2026-04-05T18:16:27.700,8.85,107.74,79.0,82.0,0.0,1
2026-04-05T18:16:27.822,8.84,113.9,78.9,79.1,0.0,0
2026-04-05T18:16:27.942,8.86,110.97,78.9,79.1,0.0,0
2026-04-05T18:16:28.058,8.87,111.66,78.9,79.1,0.0,0
2026-04-05T18:16:28.177,8.89,110.14,78.9,79.1,0.0,0
2026-04-05T18:16:28.298,8.89,112.81,78.9,82.3,0.0,1
2026-04-05T18:16:28.561,7.9,253.44,78.9,82.3,0.0,1
2026-04-05T18:16:28.748,7.58,179.78,78.9,89.9,0.0,1
2026-04-05T18:16:28.936,7.32,178.12,78.9,89.9,0.0,0
2026-04-05T18:16:29.084,7.31,139.75,78.9,89.9,0.0,0
2026-04-05T18:16:29.220,7.36,126.68,78.9,89.9,0.0,0
2026-04-05T18:16:29.363,7.39,130.94,78.9,100.0,0.0,0
2026-04-05T18:16:29.480,7.53,109.88,78.9,100.0,0.0,0
2026-04-05T18:16:29.595,7.66,109.75,78.9,100.0,0.0,0
2026-04-05T18:16:29.708,7.81,105.02,78.9,100.0,0.0,0
2026-04-05T18:16:29.826,7.9,113.6,78.9,84.5,0.0,1
2026-04-05T18:16:29.952,7.96,117.13,78.9,84.5,0.0,1
2026-04-05T18:16:30.066,8.08,107.74,78.9,84.5,0.0,0
2026-04-05T18:16:30.184,8.17,109.95,78.9,84.5,0.0,1
2026-04-05T18:16:30.301,8.24,111.77,78.9,84.4,0.0,2
2026-04-05T18:16:30.435,8.21,125.67,78.9,84.4,0.0,2
2026-04-05T18:16:30.551,8.31,107.71,78.9,84.4,0.0,1
2026-04-05T18:16:30.668,8.39,108.9,78.9,84.4,0.0,2
2026-04-05T18:16:30.785,8.45,111.05,78.7,85.7,0.0,5
2026-04-05T18:16:30.898,8.54,104.63,78.7,85.7,0.0,3
2026-04-05T18:16:31.014,8.6,109.61,78.7,85.7,0.0,4
2026-04-05T18:16:31.132,8.65,109.67,78.7,85.7,0.0,2
2026-04-05T18:16:31.248,8.69,109.68,78.8,83.7,0.0,1
2026-04-05T18:16:31.362,8.76,105.77,78.8,83.7,0.0,3
2026-04-05T18:16:31.477,8.83,105.45,78.8,83.7,0.0,5
2026-04-05T18:16:31.591,8.88,107.57,78.8,83.7,0.0,3
2026-04-05T18:16:31.707,8.92,107.13,78.8,83.7,0.0,3
2026-04-05T18:16:31.823,8.93,110.55,78.7,83.6,0.0,2
2026-04-05T18:16:31.943,8.94,111.42,78.7,83.6,0.0,2
2026-04-05T18:16:32.059,8.97,107.2,78.7,83.6,0.0,3
2026-04-05T18:16:32.171,9.04,103.82,78.7,83.6,0.0,3
2026-04-05T18:16:32.288,9.06,108.24,78.8,80.5,0.0,3
2026-04-05T18:16:32.403,9.07,108.34,78.8,80.5,0.0,3
2026-04-05T18:16:32.520,9.1,107.27,78.8,80.5,0.0,3
2026-04-05T18:16:32.635,9.12,106.94,78.8,80.5,0.0,4
2026-04-05T18:16:32.744,9.18,103.09,78.8,80.5,0.0,3
2026-04-05T18:16:32.865,9.12,115.86,78.7,82.6,0.0,5
2026-04-05T18:16:32.982,9.13,107.76,78.7,82.6,0.0,4
2026-04-05T18:16:33.091,9.18,104.15,78.7,82.6,0.0,6
2026-04-05T18:16:33.206,9.2,106.83,78.7,82.6,0.0,4
2026-04-05T18:16:33.320,9.23,105.0,78.7,80.6,0.0,4
2026-04-05T18:16:33.436,9.24,106.52,78.7,80.6,0.0,3
2026-04-05T18:16:33.544,9.29,102.98,78.7,80.6,0.0,4
2026-04-05T18:16:33.658,9.27,109.32,78.7,80.6,0.0,5
2026-04-05T18:16:33.773,9.29,105.73,78.7,82.0,0.0,6
2026-04-05T18:16:33.885,9.34,102.58,78.7,82.0,0.0,5
2026-04-05T18:16:34.001,9.3,111.2,78.7,82.0,0.0,4
2026-04-05T18:16:34.118,9.3,107.93,78.7,82.0,0.0,2
2026-04-05T18:16:34.227,9.33,103.96,78.7,82.0,0.0,3
2026-04-05T18:16:34.347,9.29,111.46,78.7,78.9,0.0,4
2026-04-05T18:16:34.463,9.3,106.65,78.7,78.9,0.0,4
2026-04-05T18:16:34.575,9.34,103.45,78.7,78.9,0.0,4
2026-04-05T18:16:34.688,9.36,104.71,78.7,78.9,0.0,5
2026-04-05T18:16:34.801,9.35,108.17,78.7,78.0,0.0,4
2026-04-05T18:16:34.913,9.34,107.4,78.7,78.0,0.0,4
2026-04-05T18:16:35.027,9.34,107.12,78.7,78.0,0.0,5
2026-04-05T18:16:35.141,9.36,105.07,78.7,78.0,0.0,5
2026-04-05T18:16:35.254,9.38,104.17,78.7,78.0,0.0,4
2026-04-05T18:16:35.369,9.39,106.1,78.8,79.1,0.0,5
2026-04-05T18:16:35.486,9.38,107.61,78.8,79.1,0.0,7
2026-04-05T18:16:35.595,9.4,103.56,78.8,79.1,0.0,3
2026-04-05T18:16:35.700,9.46,100.32,78.8,79.1,0.0,6
2026-04-05T18:16:35.815,9.42,109.55,78.8,79.1,0.0,5
2026-04-05T18:16:35.929,9.42,106.93,78.8,79.1,0.0,5
2026-04-05T18:16:36.045,9.41,106.74,78.8,79.1,0.0,6
2026-04-05T18:16:36.158,9.43,103.77,78.8,79.1,0.0,5
2026-04-05T18:16:36.274,9.43,106.01,78.8,79.1,0.0,6
2026-04-05T18:16:36.391,9.43,106.56,78.8,80.5,0.0,8
2026-04-05T18:16:36.503,9.42,107.04,78.8,80.5,0.0,4
2026-04-05T18:16:36.619,9.41,106.77,78.8,80.5,0.0,3
2026-04-05T18:16:36.751,9.25,124.77,78.8,80.5,0.0,5
2026-04-05T18:16:36.870,9.25,108.67,78.8,83.5,0.0,5
2026-04-05T18:16:36.984,9.28,104.9,78.8,83.5,0.0,6
2026-04-05T18:16:37.097,9.3,105.5,78.8,83.5,0.0,5
2026-04-05T18:16:37.215,9.29,108.46,78.8,83.5,0.0,5
2026-04-05T18:16:37.327,9.3,106.56,78.8,78.3,0.0,5
2026-04-05T18:16:37.444,9.3,107.59,78.8,78.3,0.0,5
2026-04-05T18:16:37.555,9.35,101.5,78.8,78.3,0.0,5
2026-04-05T18:16:37.665,9.37,105.18,78.8,78.3,0.0,4
2026-04-05T18:16:37.781,9.37,106.36,78.8,78.3,0.0,5
2026-04-05T18:16:37.897,9.33,111.23,78.8,81.2,0.0,4
2026-04-05T18:16:38.036,9.14,129.45,78.8,81.2,0.0,4
2026-04-05T18:16:38.149,9.15,107.75,78.8,81.2,0.0,4
2026-04-05T18:16:38.261,9.21,102.34,78.8,81.2,0.0,5
2026-04-05T18:16:38.372,9.23,105.87,78.9,87.2,0.0,4
2026-04-05T18:16:38.481,9.3,100.45,78.9,87.2,0.0,4
2026-04-05T18:16:38.591,9.32,105.09,78.9,87.2,0.0,4
2026-04-05T18:16:38.704,9.35,104.18,78.9,87.2,0.0,4
2026-04-05T18:16:38.818,9.34,107.87,79.0,78.9,0.0,4
2026-04-05T18:16:38.929,9.38,102.36,79.0,78.9,0.0,4
2026-04-05T18:16:39.044,9.39,105.95,79.0,78.9,0.0,3
2026-04-05T18:16:39.157,9.4,105.29,79.0,78.9,0.0,2
2026-04-05T18:16:39.264,9.44,101.96,79.0,78.9,0.0,5
2026-04-05T18:16:39.380,9.4,110.23,78.9,81.8,0.0,4
2026-04-05T18:16:39.490,9.45,100.75,78.9,81.8,0.0,4
2026-04-05T18:16:39.604,9.42,109.21,78.9,81.8,0.0,2
2026-04-05T18:16:39.714,9.43,105.33,78.9,81.8,0.0,2
2026-04-05T18:16:39.827,9.42,106.65,79.0,80.5,0.0,2
2026-04-05T18:16:39.942,9.41,107.86,79.0,80.5,0.0,2
2026-04-05T18:16:40.057,9.4,106.94,79.0,80.5,0.0,2
2026-04-05T18:16:40.170,9.42,103.86,79.0,80.5,0.0,1
2026-04-05T18:16:40.292,9.36,113.01,79.0,80.5,0.0,1
2026-04-05T18:16:40.408,9.33,110.74,78.9,80.3,0.0,1
2026-04-05T18:16:40.523,9.33,106.89,78.9,80.3,0.0,1
2026-04-05T18:16:40.630,9.39,101.02,78.9,80.3,0.0,1
2026-04-05T18:16:40.750,9.34,111.64,78.9,80.3,0.0,3
2026-04-05T18:16:40.863,9.36,105.35,78.9,83.1,0.0,1
2026-04-05T18:16:40.976,9.37,105.4,78.9,83.1,0.0,1
2026-04-05T18:16:41.089,9.37,107.06,78.9,83.1,0.0,2
2026-04-05T18:16:41.208,9.34,110.02,78.9,83.1,0.0,2
2026-04-05T18:16:41.320,9.37,103.91,78.9,83.1,0.0,2
2026-04-05T18:16:41.434,9.38,105.37,78.9,80.8,0.0,3
2026-04-05T18:16:41.549,9.38,106.35,78.9,80.8,0.0,3
2026-04-05T18:16:41.660,9.42,102.48,78.9,80.8,0.0,4
2026-04-05T18:16:41.773,9.4,108.1,78.9,80.8,0.0,5
2026-04-05T18:16:41.886,9.41,104.67,78.9,82.7,0.0,4
2026-04-05T18:16:41.996,9.46,101.65,78.9,82.7,0.0,5
2026-04-05T18:16:42.114,9.4,112.26,78.9,82.7,0.0,4
2026-04-05T18:16:42.224,9.41,104.83,78.9,82.7,0.0,4
2026-04-05T18:16:42.343,9.37,110.63,78.9,78.1,0.0,4
2026-04-05T18:16:42.454,9.41,102.68,78.9,78.1,0.0,4
2026-04-05T18:16:42.562,9.47,99.28,78.9,78.1,0.0,4
2026-04-05T18:16:42.676,9.47,105.21,78.9,78.1,0.0,5
2026-04-05T18:16:42.789,9.48,104.43,78.9,78.1,0.0,4
2026-04-05T18:16:42.902,9.46,107.66,78.9,79.8,0.0,4
2026-04-05T18:16:43.012,9.5,101.72,78.9,79.8,0.0,3
2026-04-05T18:16:43.126,9.5,105.52,78.9,79.8,0.0,4
2026-04-05T18:16:43.241,9.49,106.53,78.9,79.8,0.0,4
2026-04-05T18:16:43.353,9.48,106.66,78.9,80.5,0.0,3
2026-04-05T18:16:43.464,9.5,102.79,78.9,80.5,0.0,3
2026-04-05T18:16:43.574,9.5,105.45,78.9,80.5,0.0,3
2026-04-05T18:16:43.682,9.55,99.4,78.9,80.5,0.0,3
2026-04-05T18:16:43.800,9.49,111.62,78.9,80.5,0.0,3
2026-04-05T18:16:43.915,9.47,107.95,78.8,78.8,0.0,2
2026-04-05T18:16:44.031,9.45,107.77,78.8,78.8,0.0,3
2026-04-05T18:16:44.145,9.46,104.53,78.8,78.8,0.0,3
2026-04-05T18:16:44.259,9.45,107.19,78.8,78.8,0.0,2
2026-04-05T18:16:44.375,9.43,107.48,78.7,82.8,0.0,2
2026-04-05T18:16:44.486,9.43,105.92,78.7,82.8,0.0,2
2026-04-05T18:16:44.596,9.44,104.78,78.7,82.8,0.0,2
2026-04-05T18:16:44.707,9.48,102.26,78.7,82.8,0.0,3
2026-04-05T18:16:44.813,9.51,101.73,78.7,82.8,0.0,3
2026-04-05T18:16:44.947,9.3,128.8,78.8,79.7,0.0,3
2026-04-05T18:16:45.140,8.69,183.31,78.8,79.7,0.0,3
2026-04-05T18:16:45.363,8.0,213.74,78.8,96.1,0.0,2
2026-04-05T18:16:45.476,8.13,105.1,78.8,96.1,0.0,1
2026-04-05T18:16:45.586,8.26,104.34,78.8,96.1,0.0,2
2026-04-05T18:16:45.701,8.36,106.88,78.8,96.1,0.0,2
2026-04-05T18:16:45.818,8.43,108.58,78.8,96.1,0.0,2
2026-04-05T18:16:45.930,8.54,103.65,78.8,79.5,0.0,2
2026-04-05T18:16:46.040,8.65,102.25,78.8,79.5,0.0,2
2026-04-05T18:16:46.150,8.73,105.23,78.8,79.5,0.0,2
2026-04-05T18:16:46.262,8.81,104.36,78.8,79.5,0.0,2
2026-04-05T18:16:46.376,8.85,108.61,78.8,81.2,0.0,2
2026-04-05T18:16:46.486,8.91,105.52,78.8,81.2,0.0,1
2026-04-05T18:16:46.596,8.99,101.35,78.8,81.2,0.0,1
2026-04-05T18:16:46.701,9.08,100.39,78.8,81.2,0.0,1
2026-04-05T18:16:46.815,9.12,105.65,78.8,81.2,0.0,1
2026-04-05T18:16:46.923,9.2,100.12,78.8,79.7,0.0,1
2026-04-05T18:16:47.035,9.24,104.2,78.8,79.7,0.0,1
2026-04-05T18:16:47.141,9.3,101.42,78.8,79.7,0.0,1
2026-04-05T18:16:47.249,9.36,100.17,78.8,79.7,0.0,1
2026-04-05T18:16:47.359,9.39,103.11,78.8,79.7,0.0,0
2026-04-05T18:16:47.470,9.39,106.88,78.7,79.8,0.0,0
2026-04-05T18:16:47.577,9.43,101.93,78.7,79.8,0.0,1
2026-04-05T18:16:47.686,9.47,101.48,78.7,79.8,0.0,2
2026-04-05T18:16:47.797,9.47,106.07,78.7,79.8,0.0,2
2026-04-05T18:16:47.922,9.39,114.73,78.8,82.1,0.0,3
2026-04-05T18:16:48.034,9.41,103.94,78.8,82.1,0.0,1
2026-04-05T18:16:48.140,9.45,101.27,78.8,82.1,0.0,3
2026-04-05T18:16:48.252,9.44,106.74,78.8,82.1,0.0,3
2026-04-05T18:16:48.364,9.47,102.91,78.8,82.1,0.0,3
2026-04-05T18:16:48.473,9.52,100.51,78.8,79.8,0.0,2
2026-04-05T18:16:48.585,9.5,107.21,78.8,79.8,0.0,2
2026-04-05T18:16:48.695,9.52,103.07,78.8,79.8,0.0,3
2026-04-05T18:16:48.807,9.54,102.75,78.8,79.8,0.0,3
2026-04-05T18:16:48.922,9.49,110.17,78.8,79.1,0.0,3
2026-04-05T18:16:49.032,9.49,105.4,78.8,79.1,0.0,4
2026-04-05T18:16:49.139,9.53,100.58,78.8,79.1,0.0,4
2026-04-05T18:16:49.253,9.53,105.76,78.8,79.1,0.0,4
2026-04-05T18:16:49.365,9.54,103.33,78.8,79.1,0.0,4
2026-04-05T18:16:49.475,9.57,101.18,78.7,80.3,0.0,5
2026-04-05T18:16:49.592,9.54,107.97,78.7,80.3,0.0,5
2026-04-05T18:16:49.704,9.57,101.53,78.7,80.3,0.0,5
2026-04-05T18:16:49.813,9.57,104.47,78.7,80.3,0.0,5
2026-04-05T18:16:49.927,9.57,105.13,78.8,78.9,0.0,6
2026-04-05T18:16:50.038,9.59,102.07,78.8,78.9,0.0,7
2026-04-05T18:16:50.147,9.59,103.66,78.8,78.9,0.0,4
2026-04-05T18:16:50.258,9.61,102.07,78.8,78.9,0.0,6
2026-04-05T18:16:50.365,9.63,102.14,78.8,78.9,0.0,4
2026-04-05T18:16:50.480,9.61,105.98,78.8,82.0,0.0,6
2026-04-05T18:16:50.591,9.61,103.96,78.8,82.0,0.0,7
2026-04-05T18:16:50.702,9.63,101.85,78.8,82.0,0.0,4
2026-04-05T18:16:50.815,9.63,104.18,78.8,82.0,0.0,3
2026-04-05T18:16:50.929,9.62,105.26,78.8,79.7,0.0,3
2026-04-05T18:16:51.045,9.59,107.29,78.8,79.7,0.0,6
2026-04-05T18:16:51.160,9.58,105.28,78.8,79.7,0.0,6
2026-04-05T18:16:51.272,9.59,103.08,78.8,79.7,0.0,6
2026-04-05T18:16:51.384,9.6,102.6,78.8,79.7,0.0,5
2026-04-05T18:16:51.501,9.57,108.33,78.7,78.2,0.0,5
2026-04-05T18:16:51.611,9.59,102.08,78.7,78.2,0.0,5
2026-04-05T18:16:51.746,9.39,126.38,78.7,78.2,0.0,4
2026-04-05T18:16:51.859,9.41,103.63,78.7,78.2,0.0,4
2026-04-05T18:16:51.972,9.43,104.33,78.8,81.2,0.0,3
2026-04-05T18:16:52.085,9.45,104.2,78.8,81.2,0.0,4
2026-04-05T18:16:52.199,9.44,106.81,78.8,81.2,0.0,4
2026-04-05T18:16:52.311,9.46,103.59,78.8,81.2,0.0,4
2026-04-05T18:16:52.423,9.46,106.26,78.8,83.8,0.0,3
2026-04-05T18:16:52.534,9.47,103.92,78.8,83.8,0.0,5
2026-04-05T18:16:52.650,9.45,108.38,78.8,83.8,0.0,6
2026-04-05T18:16:52.763,9.43,107.37,78.8,83.8,0.0,5
2026-04-05T18:16:52.873,9.45,104.4,78.8,83.8,0.0,5
2026-04-05T18:16:52.993,9.4,110.73,78.8,80.5,0.0,7
2026-04-05T18:16:53.102,9.43,103.49,78.8,80.5,0.0,7
2026-04-05T18:16:53.220,9.41,108.1,78.8,80.5,0.0,7
2026-04-05T18:16:53.336,9.41,106.75,78.8,80.5,0.0,4
2026-04-05T18:16:53.453,9.39,108.16,78.7,78.8,0.0,5
2026-04-05T18:16:53.570,9.38,107.88,78.7,78.8,0.0,4
2026-04-05T18:16:53.675,9.44,100.04,78.7,78.8,0.0,4
2026-04-05T18:16:53.789,9.44,105.81,78.7,78.8,0.0,5
2026-04-05T18:16:53.907,9.41,108.9,78.7,78.8,0.0,5
2026-04-05T18:16:54.023,9.41,105.92,78.7,81.2,0.0,5
2026-04-05T18:16:54.131,9.47,99.94,78.7,81.2,0.0,5
2026-04-05T18:16:54.248,9.45,107.44,78.7,81.2,0.0,5
2026-04-05T18:16:54.360,9.48,102.5,78.7,81.2,0.0,5
2026-04-05T18:16:54.471,9.47,106.4,78.7,78.1,0.0,5
2026-04-05T18:16:54.583,9.47,105.7,78.7,78.1,0.0,5
2026-04-05T18:16:54.694,9.51,101.53,78.7,78.1,0.0,5
2026-04-05T18:16:54.808,9.51,105.24,78.7,78.1,0.0,4
2026-04-05T18:16:54.917,9.51,104.57,78.7,78.1,0.0,4
2026-04-05T18:16:55.034,9.49,107.99,78.8,81.4,0.0,5
2026-04-05T18:16:55.146,9.51,102.72,78.8,81.4,0.0,4
2026-04-05T18:16:55.256,9.53,103.39,78.8,81.4,0.0,3
2026-04-05T18:16:55.367,9.51,106.53,78.8,81.4,0.0,3
2026-04-05T18:16:55.479,9.53,103.07,78.7,81.1,0.0,3
2026-04-05T18:16:55.587,9.54,103.53,78.7,81.1,0.0,3
2026-04-05T18:16:55.697,9.58,100.75,78.7,81.1,0.0,3
2026-04-05T18:16:55.808,9.59,103.34,78.7,81.1,0.0,4
2026-04-05T18:16:55.934,9.46,118.79,78.7,81.1,0.0,4
2026-04-05T18:16:56.052,9.42,109.74,78.8,82.8,0.0,4
2026-04-05T18:16:56.163,9.45,102.93,78.8,82.8,0.0,5
2026-04-05T18:16:56.270,9.51,99.17,78.8,82.8,0.0,5
2026-04-05T18:16:56.379,9.53,103.38,78.8,82.8,0.0,5
2026-04-05T18:16:56.492,9.53,104.68,78.7,81.4,0.0,4
2026-04-05T18:16:56.602,9.57,100.86,78.7,81.4,0.0,5
2026-04-05T18:16:56.713,9.56,105.38,78.7,81.4,0.0,6
2026-04-05T18:16:56.822,9.57,103.87,78.7,81.4,0.0,5
2026-04-05T18:16:56.937,9.55,106.32,78.7,81.4,0.0,4
2026-04-05T18:16:57.048,9.54,106.26,78.8,80.5,0.0,4
2026-04-05T18:16:57.161,9.55,103.77,78.8,80.5,0.0,6
2026-04-05T18:16:57.276,9.54,105.35,78.8,80.5,0.0,4
2026-04-05T18:16:57.386,9.55,103.55,78.8,80.5,0.0,6
2026-04-05T18:16:57.505,9.51,109.14,78.7,79.7,0.0,6
2026-04-05T18:16:57.616,9.53,103.36,78.7,79.7,0.0,6
2026-04-05T18:16:57.731,9.5,108.33,78.7,79.7,0.0,6
2026-04-05T18:16:57.847,9.49,106.24,78.7,79.7,0.0,7
2026-04-05T18:16:57.959,9.49,105.32,78.7,79.7,0.0,6
2026-04-05T18:16:58.080,9.47,107.15,78.8,81.5,0.0,4
2026-04-05T18:16:58.186,9.51,101.44,78.8,81.5,0.0,6
2026-04-05T18:16:58.297,9.53,102.93,78.8,81.5,0.0,4
2026-04-05T18:16:58.407,9.55,103.15,78.8,81.5,0.0,5
2026-04-05T18:16:58.524,9.52,107.95,78.7,78.9,0.0,5
2026-04-05T18:16:58.636,9.53,103.27,78.7,78.9,0.0,4
2026-04-05T18:16:58.740,9.59,98.35,78.7,78.9,0.0,4
2026-04-05T18:16:58.856,9.56,107.36,78.7,78.9,0.0,4
2026-04-05T18:16:58.973,9.53,108.08,78.8,78.8,0.0,3
2026-04-05T18:16:59.083,9.56,101.36,78.8,78.8,0.0,4
2026-04-05T18:16:59.196,9.55,106.06,78.8,78.8,0.0,4
2026-04-05T18:16:59.304,9.57,103.02,78.8,78.8,0.0,3
2026-04-05T18:16:59.411,9.6,100.8,78.8,78.8,0.0,3
2026-04-05T18:16:59.525,9.56,108.61,78.7,82.2,0.0,3
2026-04-05T18:16:59.637,9.54,106.45,78.7,82.2,0.0,3
2026-04-05T18:16:59.747,9.57,102.29,78.7,82.2,0.0,3
2026-04-05T18:16:59.906,9.17,149.79,78.7,82.2,0.0,3
2026-04-05T18:17:00.060,8.87,145.35,78.9,86.9,0.0,3
2026-04-05T18:17:00.197,8.75,128.24,78.9,86.9,0.0,3
2026-04-05T18:17:00.333,8.66,126.33,78.9,86.9,0.0,3
2026-04-05T18:17:00.452,8.7,110.94,78.9,86.9,0.0,3
2026-04-05T18:17:00.573,8.72,111.59,79.0,96.1,0.0,3
2026-04-05T18:17:00.682,8.83,100.61,79.0,96.1,0.0,3
2026-04-05T18:17:00.796,8.89,105.1,79.0,96.1,0.0,2
2026-04-05T18:17:00.904,9.0,99.34,79.0,96.1,0.0,2
2026-04-05T18:17:01.022,8.98,113.66,79.0,79.3,0.0,2
2026-04-05T18:17:01.131,9.06,101.83,79.0,79.3,0.0,2
2026-04-05T18:17:01.240,9.13,101.6,79.0,79.3,0.0,2
2026-04-05T18:17:01.350,9.18,102.95,79.0,79.3,0.0,2
2026-04-05T18:17:01.459,9.24,102.67,79.0,79.3,0.0,2
2026-04-05T18:17:01.568,9.27,104.58,78.9,81.4,0.0,2
2026-04-05T18:17:01.678,9.3,103.82,78.9,81.4,0.0,3
2026-04-05T18:17:01.788,9.35,101.58,78.9,81.4,0.0,3
2026-04-05T18:17:01.892,9.45,96.59,78.9,81.4,0.0,1
2026-04-05T18:17:02.004,9.44,106.92,79.0,77.3,0.0,1
2026-04-05T18:17:02.115,9.44,105.1,79.0,77.3,0.0,2
