timestamp,fps,latency_ms,ram_usage_percent,cpu_usage_percent,temperature,num_detections,confidence_score_avg,frame_drop_rate_percent
2026-04-19T14:44:25.006,7.94,125.99,81.3,0.0,0.0,9,0.5472,68.25
2026-04-19T14:44:25.443,8.52,39.35,81.5,43.1,0.0,8,0.5276,85.83
2026-04-19T14:44:25.534,9.19,32.0,81.5,43.1,0.0,10,0.5189,81.68
2026-04-19T14:44:25.584,9.9,30.98,81.5,43.1,0.0,10,0.4998,77.32
2026-04-19T14:44:25.631,10.63,31.45,81.5,43.1,0.0,8,0.5675,73.43
2026-04-19T14:44:25.681,11.38,32.6,81.5,43.1,0.0,9,0.5197,70.08
2026-04-19T14:44:25.729,12.13,33.27,81.5,43.1,0.0,9,0.5491,67.09
2026-04-19T14:44:25.790,12.9,33.42,81.5,43.1,0.0,9,0.506,64.89
2026-04-19T14:44:25.845,13.63,35.7,81.5,43.1,0.0,7,0.5467,62.75
2026-04-19T14:44:25.895,14.42,33.38,81.5,64.6,0.0,10,0.4941,60.66
2026-04-19T14:44:25.946,15.27,30.82,81.5,64.6,0.0,9,0.4848,58.78
2026-04-19T14:44:25.991,16.17,28.94,81.5,64.6,0.0,7,0.5921,56.85
2026-04-19T14:44:26.039,16.96,32.82,81.5,64.6,0.0,9,0.5332,55.19
2026-04-19T14:44:26.088,17.76,32.67,81.5,64.6,0.0,9,0.5112,53.7
2026-04-19T14:44:26.131,18.74,26.73,81.5,64.6,0.0,11,0.4947,52.09
2026-04-19T14:44:26.172,19.77,25.63,81.5,64.6,0.0,11,0.4951,50.51
2026-04-19T14:44:26.214,20.78,26.03,81.5,64.6,0.0,9,0.54,49.09
2026-04-19T14:44:26.255,21.74,26.7,81.5,64.6,0.0,10,0.5493,47.7
2026-04-19T14:44:26.296,22.76,25.56,81.5,64.6,0.0,12,0.5098,46.37
2026-04-19T14:44:26.336,23.75,25.54,81.5,64.6,0.0,11,0.5122,45.12
2026-04-19T14:44:26.377,24.68,26.23,81.5,64.6,0.0,8,0.6113,43.96
2026-04-19T14:44:26.417,25.65,25.28,81.4,48.5,0.0,8,0.578,42.8
2026-04-19T14:44:26.458,26.53,26.01,81.4,48.5,0.0,9,0.5707,41.76
2026-04-19T14:44:26.500,27.34,26.44,81.4,48.5,0.0,11,0.5443,40.78
2026-04-19T14:44:26.540,28.21,25.32,81.4,48.5,0.0,11,0.5282,39.82
2026-04-19T14:44:26.581,29.0,25.77,81.4,48.5,0.0,10,0.5412,38.92
2026-04-19T14:44:26.623,29.71,26.23,81.4,48.5,0.0,10,0.56,38.07
2026-04-19T14:44:26.663,30.48,25.18,81.4,48.5,0.0,12,0.5704,37.23
2026-04-19T14:44:26.704,31.13,26.02,81.4,48.5,0.0,12,0.6173,36.45
2026-04-19T14:44:26.745,31.73,26.0,81.4,48.5,0.0,10,0.6345,35.71
2026-04-19T14:44:26.786,32.3,25.96,81.4,48.5,0.0,11,0.5952,35.0
2026-04-19T14:44:26.827,32.89,25.42,81.4,48.5,0.0,10,0.5823,34.29
2026-04-19T14:44:26.868,33.39,25.8,81.4,48.5,0.0,9,0.6152,33.63
2026-04-19T14:44:26.908,33.87,25.77,80.9,49.4,0.0,11,0.5948,32.99
2026-04-19T14:44:26.948,34.37,25.2,80.9,49.4,0.0,8,0.6067,32.35
2026-04-19T14:44:26.988,34.8,25.51,80.9,49.4,0.0,8,0.5609,31.75
2026-04-19T14:44:27.029,35.25,25.09,80.9,49.4,0.0,10,0.545,31.16
2026-04-19T14:44:27.069,35.66,25.08,80.9,49.4,0.0,8,0.6003,30.59
2026-04-19T14:44:27.109,35.96,25.72,80.9,49.4,0.0,9,0.6021,30.06
2026-04-19T14:44:27.149,36.34,24.9,80.9,49.4,0.0,9,0.6016,29.53
2026-04-19T14:44:27.191,36.39,27.12,80.9,49.4,0.0,9,0.5918,29.09
2026-04-19T14:44:27.231,36.66,25.45,80.9,49.4,0.0,10,0.5708,28.6
2026-04-19T14:44:27.272,36.85,25.87,80.9,49.4,0.0,8,0.6148,28.15
2026-04-19T14:44:27.313,36.98,26.2,80.9,49.4,0.0,9,0.591,27.72
2026-04-19T14:44:27.355,37.1,26.18,80.9,49.4,0.0,8,0.6531,27.3
2026-04-19T14:44:27.395,37.31,25.43,80.9,40.1,0.0,8,0.6506,26.88
2026-04-19T14:44:27.436,37.37,26.36,80.9,40.1,0.0,8,0.6583,26.5
2026-04-19T14:44:27.479,37.28,27.43,80.9,40.1,0.0,9,0.6672,26.16
2026-04-19T14:44:27.521,37.17,27.57,80.9,40.1,0.0,9,0.6492,25.83
2026-04-19T14:44:27.563,37.24,26.39,80.9,40.1,0.0,10,0.6213,25.49
2026-04-19T14:44:27.605,37.17,27.42,80.9,40.1,0.0,9,0.6251,25.19
2026-04-19T14:44:27.646,37.41,25.15,80.9,40.1,0.0,8,0.6705,24.83
2026-04-19T14:44:27.687,37.5,26.06,80.9,40.1,0.0,9,0.6517,24.51
2026-04-19T14:44:27.730,37.32,27.95,80.9,40.1,0.0,11,0.6167,24.25
2026-04-19T14:44:27.771,37.45,25.86,80.9,40.1,0.0,11,0.6129,23.94
2026-04-19T14:44:27.812,37.63,25.44,80.9,40.1,0.0,10,0.6245,23.63
2026-04-19T14:44:27.852,37.75,25.71,80.9,40.1,0.0,9,0.6937,23.33
2026-04-19T14:44:27.894,37.69,26.95,80.9,40.1,0.0,9,0.7086,23.07
2026-04-19T14:44:27.936,37.71,26.38,81.1,54.2,0.0,9,0.6952,22.81
2026-04-19T14:44:27.977,37.8,25.92,81.1,54.2,0.0,10,0.6441,22.53
2026-04-19T14:44:28.018,37.85,26.1,81.1,54.2,0.0,10,0.6707,22.28
2026-04-19T14:44:28.058,38.05,24.98,81.1,54.2,0.0,9,0.7169,22.0
2026-04-19T14:44:28.099,38.03,26.42,81.1,54.2,0.0,9,0.6824,21.76
2026-04-19T14:44:28.140,38.08,25.94,81.1,54.2,0.0,8,0.7006,21.51
2026-04-19T14:44:28.181,38.19,25.55,81.1,54.2,0.0,11,0.6248,21.28
2026-04-19T14:44:28.222,38.25,25.77,81.1,54.2,0.0,9,0.6465,21.04
2026-04-19T14:44:28.263,38.36,25.41,81.1,54.2,0.0,12,0.5494,20.8
2026-04-19T14:44:28.304,38.28,26.58,81.1,54.2,0.0,13,0.5811,20.6
2026-04-19T14:44:28.345,38.23,26.5,81.1,54.2,0.0,14,0.5478,20.38
2026-04-19T14:44:28.386,38.27,25.89,81.1,54.2,0.0,14,0.5636,20.17
2026-04-19T14:44:28.427,38.32,25.77,81.1,46.6,0.0,11,0.5913,19.96
2026-04-19T14:44:28.468,38.37,25.76,81.1,46.6,0.0,10,0.5208,19.75
2026-04-19T14:44:28.515,37.46,32.42,81.1,46.6,0.0,9,0.5615,19.71
2026-04-19T14:44:28.560,37.16,28.79,81.1,46.6,0.0,9,0.582,19.59
2026-04-19T14:44:28.609,36.94,28.55,81.1,46.6,0.0,12,0.5079,19.59
2026-04-19T14:44:28.656,36.7,28.81,81.1,46.6,0.0,11,0.545,19.51
2026-04-19T14:44:28.699,36.55,28.38,81.1,46.6,0.0,11,0.5422,19.37
2026-04-19T14:44:28.741,36.56,27.28,81.1,46.6,0.0,11,0.5741,19.22
2026-04-19T14:44:28.784,36.56,27.39,81.1,46.6,0.0,13,0.5605,19.09
2026-04-19T14:44:28.828,36.35,28.9,81.1,46.6,0.0,8,0.5821,18.97
2026-04-19T14:44:28.874,36.34,27.63,81.1,46.6,0.0,12,0.4892,18.91
2026-04-19T14:44:28.918,36.2,28.57,81.1,57.0,0.0,14,0.4609,18.81
2026-04-19T14:44:28.963,35.97,29.4,81.1,57.0,0.0,12,0.5553,18.71
2026-04-19T14:44:29.007,35.76,29.39,81.1,57.0,0.0,12,0.5345,18.62
2026-04-19T14:44:29.057,35.04,33.72,81.1,57.0,0.0,17,0.48,18.63
2026-04-19T14:44:29.109,34.25,35.11,81.1,57.0,0.0,15,0.509,18.68
2026-04-19T14:44:29.171,32.24,47.38,81.1,57.0,0.0,15,0.5364,18.93
2026-04-19T14:44:29.221,32.18,31.63,81.1,57.0,0.0,11,0.4925,18.94
2026-04-19T14:44:29.265,32.41,28.9,81.1,57.0,0.0,13,0.4803,18.85
2026-04-19T14:44:29.312,32.38,31.12,81.1,57.0,0.0,10,0.5396,18.8
2026-04-19T14:44:29.358,32.44,30.27,81.1,57.0,0.0,9,0.5441,18.73
2026-04-19T14:44:29.400,32.84,27.1,81.1,57.0,0.0,10,0.6327,18.61
2026-04-19T14:44:29.444,33.08,28.28,80.9,68.6,0.0,11,0.5639,18.52
2026-04-19T14:44:29.487,33.41,27.19,80.9,68.6,0.0,10,0.5225,18.4
2026-04-19T14:44:29.532,33.8,26.49,80.9,68.6,0.0,16,0.4954,18.33
2026-04-19T14:44:29.572,34.22,25.95,80.9,68.6,0.0,13,0.5226,18.19
2026-04-19T14:44:29.614,34.61,25.91,80.9,68.6,0.0,15,0.5334,18.06
2026-04-19T14:44:29.656,34.99,25.75,80.9,68.6,0.0,12,0.5074,17.95
2026-04-19T14:44:29.697,35.25,26.47,80.9,68.6,0.0,12,0.5261,17.81
2026-04-19T14:44:29.740,35.46,26.72,80.9,68.6,0.0,11,0.5563,17.72
2026-04-19T14:44:29.785,35.22,30.15,80.9,68.6,0.0,11,0.5791,17.66
2026-04-19T14:44:29.833,34.67,32.87,80.9,68.6,0.0,15,0.5127,17.65
2026-04-19T14:44:29.882,34.07,33.94,80.9,68.6,0.0,13,0.5849,17.65
2026-04-19T14:44:29.923,34.37,26.74,80.9,57.9,0.0,14,0.5495,17.54
2026-04-19T14:44:29.965,34.69,26.45,80.9,57.9,0.0,13,0.5899,17.42
2026-04-19T14:44:30.006,34.93,26.82,80.9,57.9,0.0,12,0.5869,17.3
2026-04-19T14:44:30.049,34.98,28.22,80.9,57.9,0.0,12,0.5991,17.22
2026-04-19T14:44:30.091,35.07,27.9,80.9,57.9,0.0,14,0.5117,17.13
2026-04-19T14:44:30.132,35.34,26.32,80.9,57.9,0.0,14,0.5165,17.01
2026-04-19T14:44:30.175,35.48,27.17,80.9,57.9,0.0,13,0.5367,16.92
2026-04-19T14:44:30.217,35.64,26.92,80.9,57.9,0.0,12,0.4814,16.83
2026-04-19T14:44:30.258,35.91,25.94,80.9,57.9,0.0,10,0.5688,16.73
2026-04-19T14:44:30.299,36.21,25.52,80.9,57.9,0.0,10,0.5897,16.6
2026-04-19T14:44:30.341,36.26,27.24,80.9,57.9,0.0,10,0.5981,16.52
2026-04-19T14:44:30.383,36.37,26.73,80.9,57.9,0.0,11,0.5412,16.43
2026-04-19T14:44:30.422,36.73,24.8,80.8,47.9,0.0,11,0.5482,16.3
2026-04-19T14:44:30.465,36.7,27.44,80.8,47.9,0.0,11,0.5163,16.23
2026-04-19T14:44:30.507,36.8,26.56,80.8,47.9,0.0,11,0.5676,16.14
2026-04-19T14:44:30.548,37.04,25.39,80.8,47.9,0.0,10,0.5456,16.04
2026-04-19T14:44:30.590,36.99,27.37,80.8,47.9,0.0,10,0.5915,15.96
2026-04-19T14:44:30.631,37.06,26.53,80.8,47.9,0.0,10,0.5929,15.86
2026-04-19T14:44:30.672,37.15,26.32,80.8,47.9,0.0,10,0.6063,15.77
2026-04-19T14:44:30.715,37.03,27.75,80.8,47.9,0.0,10,0.5919,15.7
2026-04-19T14:44:30.756,37.2,25.79,80.8,47.9,0.0,9,0.6168,15.61
2026-04-19T14:44:30.797,37.18,27.01,80.8,47.9,0.0,11,0.5689,15.52
2026-04-19T14:44:30.842,36.79,29.77,80.8,47.9,0.0,11,0.556,15.49
2026-04-19T14:44:30.884,36.92,26.22,80.8,47.9,0.0,11,0.56,15.41
2026-04-19T14:44:30.924,37.11,25.71,80.9,54.7,0.0,9,0.5992,15.31
2026-04-19T14:44:30.965,37.21,26.21,80.9,54.7,0.0,9,0.593,15.23
2026-04-19T14:44:31.008,37.14,27.36,80.9,54.7,0.0,10,0.5676,15.16
2026-04-19T14:44:31.050,37.04,27.67,80.9,54.7,0.0,11,0.5418,15.1
2026-04-19T14:44:31.092,37.02,27.16,80.9,54.7,0.0,9,0.5974,15.03
2026-04-19T14:44:31.134,37.08,26.59,80.9,54.7,0.0,8,0.6649,14.95
2026-04-19T14:44:31.176,37.08,26.96,80.9,54.7,0.0,8,0.663,14.88
2026-04-19T14:44:31.218,36.99,27.63,80.9,54.7,0.0,9,0.5635,14.82
2026-04-19T14:44:31.260,37.0,26.93,80.9,54.7,0.0,8,0.5896,14.75
2026-04-19T14:44:31.302,37.05,26.67,80.9,54.7,0.0,8,0.6465,14.69
2026-04-19T14:44:31.344,37.02,27.22,80.9,54.7,0.0,10,0.5785,14.62
2026-04-19T14:44:31.386,37.09,26.51,80.9,54.7,0.0,8,0.6482,14.55
2026-04-19T14:44:31.428,37.07,27.12,80.8,60.1,0.0,8,0.6158,14.49
2026-04-19T14:44:31.469,37.02,27.31,80.8,60.1,0.0,7,0.6197,14.42
2026-04-19T14:44:31.512,36.9,27.87,80.8,60.1,0.0,9,0.5436,14.37
2026-04-19T14:44:31.555,36.88,27.28,80.8,60.1,0.0,7,0.5855,14.32
2026-04-19T14:44:31.596,37.01,26.14,80.8,60.1,0.0,10,0.51,14.25
2026-04-19T14:44:31.638,37.03,26.88,80.8,60.1,0.0,7,0.5687,14.19
2026-04-19T14:44:31.679,37.15,26.14,80.8,60.1,0.0,6,0.6672,14.12
2026-04-19T14:44:31.721,37.15,26.9,80.8,60.1,0.0,7,0.573,14.06
2026-04-19T14:44:31.761,37.39,25.21,80.8,60.1,0.0,9,0.4656,13.98
2026-04-19T14:44:31.802,37.46,26.27,80.8,60.1,0.0,6,0.6124,13.91
2026-04-19T14:44:31.842,37.65,25.33,80.8,60.1,0.0,9,0.465,13.84
2026-04-19T14:44:31.883,37.82,25.37,80.8,60.1,0.0,6,0.5047,13.76
2026-04-19T14:44:31.922,37.91,25.83,80.8,60.1,0.0,6,0.4983,13.68
2026-04-19T14:44:31.964,37.84,26.87,80.9,47.2,0.0,7,0.4348,13.63
2026-04-19T14:44:32.005,37.87,26.2,80.9,47.2,0.0,5,0.5577,13.56
2026-04-19T14:44:32.046,37.95,25.85,80.9,47.2,0.0,4,0.5108,13.49
2026-04-19T14:44:32.087,37.92,26.58,80.9,47.2,0.0,4,0.5775,13.44
2026-04-19T14:44:32.127,38.02,25.67,80.9,47.2,0.0,6,0.5077,13.36
2026-04-19T14:44:32.167,38.13,25.55,80.9,47.2,0.0,7,0.4987,13.29
2026-04-19T14:44:32.209,38.1,26.4,80.9,47.2,0.0,5,0.5253,13.23
2026-04-19T14:44:32.252,37.72,28.87,80.9,47.2,0.0,7,0.4347,13.2
2026-04-19T14:44:32.294,37.62,27.24,80.9,47.2,0.0,7,0.4957,13.15
2026-04-19T14:44:32.337,37.49,27.5,80.9,47.2,0.0,5,0.5955,13.11
2026-04-19T14:44:32.379,37.24,28.47,80.9,47.2,0.0,6,0.5125,13.07
2026-04-19T14:44:32.420,37.36,25.99,80.9,47.2,0.0,6,0.6078,13.02
2026-04-19T14:44:32.462,37.39,26.54,80.8,56.1,0.0,7,0.5235,12.97
2026-04-19T14:44:32.503,37.41,26.61,80.8,56.1,0.0,6,0.6226,12.92
2026-04-19T14:44:32.547,37.22,28.06,80.8,56.1,0.0,7,0.5618,12.88
2026-04-19T14:44:32.589,37.21,26.94,80.8,56.1,0.0,6,0.584,12.84
2026-04-19T14:44:32.630,37.28,26.43,80.8,56.1,0.0,5,0.6312,12.79
2026-04-19T14:44:32.671,37.33,26.47,80.8,56.1,0.0,9,0.5191,12.74
2026-04-19T14:44:32.713,37.34,26.71,80.8,56.1,0.0,10,0.5458,12.69
2026-04-19T14:44:32.754,37.43,26.12,80.8,56.1,0.0,8,0.5996,12.64
2026-04-19T14:44:32.795,37.47,26.39,80.8,56.1,0.0,8,0.5514,12.59
2026-04-19T14:44:32.835,37.71,25.01,80.8,56.1,0.0,7,0.5283,12.52
2026-04-19T14:44:32.874,37.87,25.39,80.8,56.1,0.0,8,0.5314,12.45
2026-04-19T14:44:32.915,38.02,25.37,80.8,56.1,0.0,8,0.5602,12.39
2026-04-19T14:44:32.955,38.07,25.93,80.1,54.6,0.0,6,0.6023,12.34
2026-04-19T14:44:32.999,37.78,28.34,80.1,54.6,0.0,6,0.5905,12.31
2026-04-19T14:44:33.038,37.98,25.08,80.1,54.6,0.0,7,0.5547,12.24
2026-04-19T14:44:33.078,38.07,25.7,80.1,54.6,0.0,5,0.6042,12.19
2026-04-19T14:44:33.118,38.24,25.05,80.1,54.6,0.0,6,0.5056,12.13
2026-04-19T14:44:33.158,38.43,24.86,80.1,54.6,0.0,5,0.6261,12.07
2026-04-19T14:44:33.197,38.45,25.89,80.1,54.6,0.0,5,0.5951,12.01
2026-04-19T14:44:33.240,38.26,27.34,80.1,54.6,0.0,5,0.6293,11.97
2026-04-19T14:44:33.280,38.35,25.52,80.1,54.6,0.0,5,0.6176,11.92
2026-04-19T14:44:33.321,38.39,25.82,80.1,54.6,0.0,5,0.6209,11.87
2026-04-19T14:44:33.360,38.59,24.67,80.1,54.6,0.0,5,0.603,11.81
2026-04-19T14:44:33.400,38.71,25.1,80.1,54.6,0.0,5,0.531,11.75
2026-04-19T14:44:33.441,38.73,25.68,80.2,36.2,0.0,5,0.54,11.7
2026-04-19T14:44:33.479,38.86,24.99,80.2,36.2,0.0,7,0.4941,11.64
2026-04-19T14:44:33.520,38.87,25.69,80.2,36.2,0.0,5,0.6395,11.59
2026-04-19T14:44:33.561,38.78,26.27,80.2,36.2,0.0,6,0.5789,11.55
2026-04-19T14:44:33.602,38.84,25.4,80.2,36.2,0.0,6,0.5476,11.5
2026-04-19T14:44:33.641,38.95,25.02,80.2,36.2,0.0,5,0.6752,11.44
2026-04-19T14:44:33.682,38.91,25.94,80.2,36.2,0.0,7,0.6038,11.4
2026-04-19T14:44:33.721,39.02,24.95,80.2,36.2,0.0,7,0.5889,11.34
2026-04-19T14:44:33.762,39.05,25.47,80.2,36.2,0.0,6,0.656,11.29
2026-04-19T14:44:33.804,38.85,26.93,80.2,36.2,0.0,7,0.5973,11.26
2026-04-19T14:44:33.844,38.89,25.43,80.2,36.2,0.0,7,0.6291,11.21
2026-04-19T14:44:33.884,38.94,25.41,80.2,36.2,0.0,8,0.6168,11.17
2026-04-19T14:44:33.926,38.81,26.53,80.2,36.2,0.0,8,0.6464,11.13
2026-04-19T14:44:33.966,38.83,25.64,80.4,49.4,0.0,9,0.5453,11.09
2026-04-19T14:44:34.006,38.92,25.15,80.4,49.4,0.0,9,0.5776,11.04
2026-04-19T14:44:34.048,38.81,26.43,80.4,49.4,0.0,9,0.4708,11.01
2026-04-19T14:44:34.088,38.91,25.12,80.4,49.4,0.0,7,0.5489,10.96
2026-04-19T14:44:34.128,39.02,24.95,80.4,49.4,0.0,8,0.5617,10.91
2026-04-19T14:44:34.168,38.97,25.95,80.4,49.4,0.0,7,0.6214,10.86
2026-04-19T14:44:34.209,38.93,25.96,80.4,49.4,0.0,7,0.6159,10.82
2026-04-19T14:44:34.249,38.9,25.9,80.4,49.4,0.0,7,0.6352,10.78
2026-04-19T14:44:34.289,38.93,25.46,80.4,49.4,0.0,7,0.6774,10.74
2026-04-19T14:44:34.329,39.02,25.14,80.4,49.4,0.0,7,0.6225,10.69
2026-04-19T14:44:34.369,39.15,24.75,80.4,49.4,0.0,6,0.6815,10.64
2026-04-19T14:44:34.409,39.11,25.8,80.4,49.4,0.0,8,0.6009,10.61
2026-04-19T14:44:34.449,39.13,25.43,80.6,43.3,0.0,10,0.5188,10.56
2026-04-19T14:44:34.489,39.19,25.19,80.6,43.3,0.0,7,0.6096,10.52
2026-04-19T14:44:34.530,39.11,26.0,80.6,43.3,0.0,8,0.5667,10.48
2026-04-19T14:44:34.571,39.05,26.02,80.6,43.3,0.0,7,0.5604,10.45
2026-04-19T14:44:34.612,38.97,26.13,80.6,43.3,0.0,6,0.6442,10.41
2026-04-19T14:44:34.653,38.86,26.39,80.6,43.3,0.0,7,0.5913,10.38
2026-04-19T14:44:34.694,38.94,25.21,80.6,43.3,0.0,8,0.57,10.34
2026-04-19T14:44:34.734,39.02,25.14,80.6,43.3,0.0,9,0.5455,10.3
2026-04-19T14:44:34.774,39.1,25.13,80.6,43.3,0.0,7,0.6448,10.26
2026-04-19T14:44:34.814,39.1,25.52,80.6,43.3,0.0,7,0.6419,10.22
2026-04-19T14:44:34.854,39.18,25.1,80.6,43.3,0.0,9,0.5732,10.18
2026-04-19T14:44:34.895,39.11,25.98,80.6,43.3,0.0,8,0.5604,10.15
2026-04-19T14:44:34.935,39.1,25.6,80.6,43.3,0.0,7,0.6034,10.11
2026-04-19T14:44:34.976,39.14,25.31,80.7,39.9,0.0,7,0.6208,10.07
2026-04-19T14:44:35.017,38.98,26.61,80.7,39.9,0.0,9,0.5814,10.04
2026-04-19T14:44:35.058,38.88,26.31,80.7,39.9,0.0,8,0.6101,10.02
2026-04-19T14:44:35.098,38.96,25.21,80.7,39.9,0.0,9,0.558,9.98
2026-04-19T14:44:35.139,38.87,26.23,80.7,39.9,0.0,10,0.5267,9.94
2026-04-19T14:44:35.179,38.94,25.26,80.7,39.9,0.0,8,0.581,9.91
2026-04-19T14:44:35.219,39.04,25.04,80.7,39.9,0.0,10,0.566,9.87
2026-04-19T14:44:35.260,39.01,25.81,80.7,39.9,0.0,10,0.6013,9.84
2026-04-19T14:44:35.300,39.07,25.24,80.7,39.9,0.0,8,0.5993,9.8
2026-04-19T14:44:35.340,39.17,24.93,80.7,39.9,0.0,7,0.6129,9.76
2026-04-19T14:44:35.380,39.12,25.88,80.7,39.9,0.0,8,0.6495,9.73
2026-04-19T14:44:35.420,39.17,25.21,80.7,39.9,0.0,8,0.6326,9.69
2026-04-19T14:44:35.462,39.06,26.24,80.2,36.0,0.0,7,0.679,9.67
2026-04-19T14:44:35.502,39.02,25.89,80.2,36.0,0.0,7,0.6911,9.64
2026-04-19T14:44:35.544,38.83,26.85,80.2,36.0,0.0,7,0.6215,9.62
2026-04-19T14:44:35.585,38.88,25.46,80.2,36.0,0.0,6,0.6831,9.58
2026-04-19T14:44:35.624,38.93,25.41,80.2,36.0,0.0,7,0.6356,9.54
2026-04-19T14:44:35.665,38.89,25.93,80.2,36.0,0.0,6,0.7444,9.51
2026-04-19T14:44:35.705,38.9,25.64,80.2,36.0,0.0,6,0.6912,9.48
2026-04-19T14:44:35.746,38.87,25.89,80.2,36.0,0.0,6,0.7203,9.46
2026-04-19T14:44:35.787,38.83,26.03,80.2,36.0,0.0,6,0.7152,9.43
2026-04-19T14:44:35.832,38.24,29.72,80.2,36.0,0.0,6,0.7182,9.43
2026-04-19T14:44:35.873,38.27,25.93,80.2,36.0,0.0,6,0.7422,9.41
2026-04-19T14:44:35.913,38.36,25.54,80.2,36.0,0.0,6,0.7689,9.38
2026-04-19T14:44:35.956,38.13,27.65,80.2,36.0,0.0,6,0.7613,9.36
2026-04-19T14:44:35.997,38.2,25.72,80.6,51.9,0.0,7,0.7056,9.34
2026-04-19T14:44:36.038,38.2,26.15,80.6,51.9,0.0,7,0.691,9.31
2026-04-19T14:44:36.082,37.79,29.05,80.6,51.9,0.0,7,0.6959,9.31
2026-04-19T14:44:36.123,37.75,26.75,80.6,51.9,0.0,6,0.7195,9.29
2026-04-19T14:44:36.164,37.93,25.26,80.6,51.9,0.0,5,0.7943,9.26
2026-04-19T14:44:36.204,38.01,25.8,80.6,51.9,0.0,5,0.7951,9.23
2026-04-19T14:44:36.245,38.11,25.6,80.6,51.9,0.0,5,0.7333,9.2
2026-04-19T14:44:36.285,38.27,25.14,80.6,51.9,0.0,5,0.7097,9.17
2026-04-19T14:44:36.324,38.42,25.1,80.6,51.9,0.0,5,0.6474,9.13
2026-04-19T14:44:36.365,38.33,26.62,80.6,51.9,0.0,5,0.6581,9.11
2026-04-19T14:44:36.405,38.52,24.85,80.6,51.9,0.0,5,0.6894,9.08
2026-04-19T14:44:36.445,38.62,25.29,80.6,51.9,0.0,5,0.6773,9.05
2026-04-19T14:44:36.487,38.55,26.36,80.7,41.3,0.0,5,0.672,9.03
2026-04-19T14:44:36.528,38.55,25.96,80.7,41.3,0.0,5,0.6941,9.0
2026-04-19T14:44:36.567,38.65,25.23,80.7,41.3,0.0,5,0.7165,8.97
2026-04-19T14:44:36.609,38.5,26.86,80.7,41.3,0.0,4,0.6943,8.95
2026-04-19T14:44:36.649,38.58,25.49,80.7,41.3,0.0,3,0.7486,8.92
2026-04-19T14:44:36.689,38.7,25.12,80.7,41.3,0.0,4,0.6296,8.89
2026-04-19T14:44:36.730,38.67,26.05,80.7,41.3,0.0,3,0.6462,8.87
2026-04-19T14:44:36.770,38.71,25.56,80.7,41.3,0.0,2,0.7956,8.84
2026-04-19T14:44:36.809,38.87,24.76,80.7,41.3,0.0,2,0.6697,8.81
2026-04-19T14:44:36.850,38.88,25.69,80.7,41.3,0.0,2,0.5976,8.78
2026-04-19T14:44:36.889,38.95,25.22,80.7,41.3,0.0,1,0.8969,8.74
2026-04-19T14:44:36.928,39.04,25.07,80.7,41.3,0.0,2,0.6901,8.71
2026-04-19T14:44:36.969,38.94,26.33,80.2,43.2,0.0,2,0.6045,8.69
2026-04-19T14:44:37.010,38.93,25.69,80.2,43.2,0.0,2,0.6406,8.66
2026-04-19T14:44:37.050,39.02,25.1,80.2,43.2,0.0,2,0.6909,8.64
2026-04-19T14:44:37.090,39.04,25.49,80.2,43.2,0.0,3,0.5659,8.61
2026-04-19T14:44:37.130,39.09,25.34,80.2,43.2,0.0,2,0.6816,8.58
2026-04-19T14:44:37.170,39.15,25.17,80.2,43.2,0.0,4,0.474,8.55
2026-04-19T14:44:37.210,39.18,25.31,80.2,43.2,0.0,2,0.6051,8.53
2026-04-19T14:44:37.250,39.23,25.22,80.2,43.2,0.0,2,0.6603,8.5
2026-04-19T14:44:37.291,39.12,26.24,80.2,43.2,0.0,2,0.6769,8.48
2026-04-19T14:44:37.331,39.13,25.5,80.2,43.2,0.0,3,0.5822,8.45
2026-04-19T14:44:37.371,39.18,25.17,80.2,43.2,0.0,3,0.5682,8.42
2026-04-19T14:44:37.411,39.14,25.84,80.2,43.2,0.0,4,0.3524,8.4
2026-04-19T14:44:37.452,39.07,26.01,80.2,43.2,0.0,2,0.4043,8.38
2026-04-19T14:44:37.492,39.1,25.37,80.2,41.0,0.0,3,0.3377,8.35
2026-04-19T14:44:37.533,39.09,25.65,80.2,41.0,0.0,3,0.358,8.33
2026-04-19T14:44:37.573,38.87,27.02,80.2,41.0,0.0,2,0.3459,8.31
2026-04-19T14:44:37.615,38.68,26.97,80.2,41.0,0.0,4,0.436,8.3
2026-04-19T14:44:37.655,38.74,25.46,80.2,41.0,0.0,3,0.4878,8.27
2026-04-19T14:44:37.696,38.72,25.96,80.2,41.0,0.0,3,0.4694,8.25
2026-04-19T14:44:37.736,38.78,25.4,80.2,41.0,0.0,4,0.4872,8.23
2026-04-19T14:44:37.776,38.89,25.07,80.2,41.0,0.0,4,0.4851,8.2
2026-04-19T14:44:37.816,38.92,25.53,80.2,41.0,0.0,3,0.544,8.18
2026-04-19T14:44:37.856,38.97,25.35,80.2,41.0,0.0,4,0.5184,8.15
2026-04-19T14:44:37.897,38.81,26.71,80.2,41.0,0.0,3,0.4849,8.13
2026-04-19T14:44:37.938,38.76,26.11,80.2,41.0,0.0,3,0.4442,8.11
2026-04-19T14:44:37.978,38.83,25.34,80.3,38.0,0.0,3,0.5518,8.09
2026-04-19T14:44:38.019,38.77,26.13,80.3,38.0,0.0,4,0.3849,8.07
2026-04-19T14:44:38.059,38.83,25.37,80.3,38.0,0.0,4,0.3772,8.05
2026-04-19T14:44:38.099,38.94,25.06,80.3,38.0,0.0,4,0.3733,8.02
2026-04-19T14:44:38.139,38.89,25.99,80.3,38.0,0.0,6,0.446,8.0
2026-04-19T14:44:38.180,38.88,25.77,80.3,38.0,0.0,6,0.4576,7.98
2026-04-19T14:44:38.221,38.89,25.69,80.3,38.0,0.0,7,0.4337,7.96
2026-04-19T14:44:38.261,38.86,25.92,80.3,38.0,0.0,6,0.533,7.94
2026-04-19T14:44:38.302,38.78,26.22,80.3,38.0,0.0,6,0.4705,7.92
2026-04-19T14:44:38.343,38.84,25.41,80.3,38.0,0.0,6,0.4209,7.9
2026-04-19T14:44:38.382,39.01,24.64,80.3,38.0,0.0,7,0.4658,7.88
2026-04-19T14:44:38.423,39.06,25.28,80.3,38.0,0.0,5,0.4525,7.86
2026-04-19T14:44:38.463,39.11,25.29,80.3,38.0,0.0,6,0.4802,7.83
2026-04-19T14:44:38.503,39.15,25.3,80.4,37.7,0.0,5,0.5299,7.81
2026-04-19T14:44:38.547,38.65,28.86,80.4,37.7,0.0,6,0.5332,7.81
2026-04-19T14:44:38.587,38.73,25.3,80.4,37.7,0.0,6,0.5352,7.79
2026-04-19T14:44:38.627,38.8,25.37,80.4,37.7,0.0,6,0.5141,7.77
2026-04-19T14:44:38.667,38.85,25.46,80.4,37.7,0.0,5,0.4742,7.75
2026-04-19T14:44:38.709,38.68,26.89,80.4,37.7,0.0,7,0.4497,7.74
2026-04-19T14:44:38.749,38.78,25.13,80.4,37.7,0.0,6,0.5106,7.71
2026-04-19T14:44:38.790,38.62,26.86,80.4,37.7,0.0,5,0.5074,7.7
2026-04-19T14:44:38.831,38.58,26.17,80.4,37.7,0.0,5,0.5147,7.68
2026-04-19T14:44:38.871,38.66,25.36,80.4,37.7,0.0,4,0.6035,7.66
2026-04-19T14:44:38.912,38.64,26.03,80.4,37.7,0.0,4,0.5386,7.65
2026-04-19T14:44:38.952,38.71,25.38,80.4,37.7,0.0,6,0.4799,7.63
2026-04-19T14:44:38.992,38.81,25.17,80.4,50.9,0.0,4,0.5743,7.61
2026-04-19T14:44:39.033,38.81,25.78,80.4,50.9,0.0,5,0.6032,7.59
2026-04-19T14:44:39.072,38.93,25.0,80.4,50.9,0.0,6,0.5835,7.56
2026-04-19T14:44:39.113,38.85,26.17,80.4,50.9,0.0,5,0.614,7.55
2026-04-19T14:44:39.154,38.81,26.04,80.4,50.9,0.0,5,0.5476,7.53
2026-04-19T14:44:39.196,38.72,26.39,80.4,50.9,0.0,4,0.6378,7.52
2026-04-19T14:44:39.238,38.48,27.38,80.4,50.9,0.0,3,0.7178,7.52
2026-04-19T14:44:39.278,38.6,25.2,80.4,50.9,0.0,3,0.7553,7.49
2026-04-19T14:44:39.317,38.7,25.26,80.4,50.9,0.0,4,0.6816,7.47
2026-04-19T14:44:39.358,38.71,25.76,80.4,50.9,0.0,3,0.6986,7.45
2026-04-19T14:44:39.397,38.7,25.92,80.4,50.9,0.0,4,0.6328,7.43
2026-04-19T14:44:39.437,38.79,25.21,80.4,50.9,0.0,3,0.7737,7.41
2026-04-19T14:44:39.478,38.85,25.41,80.4,42.2,0.0,5,0.6218,7.39
2026-04-19T14:44:39.518,38.72,26.58,80.4,42.2,0.0,4,0.6792,7.38
2026-04-19T14:44:39.559,38.76,25.59,80.4,42.2,0.0,4,0.6955,7.36
2026-04-19T14:44:39.599,38.84,25.22,80.4,42.2,0.0,4,0.7836,7.34
2026-04-19T14:44:39.640,38.72,26.56,80.4,42.2,0.0,6,0.6433,7.33
2026-04-19T14:44:39.680,38.8,25.29,80.4,42.2,0.0,4,0.7275,7.31
2026-04-19T14:44:39.720,38.83,25.55,80.4,42.2,0.0,6,0.6007,7.29
2026-04-19T14:44:39.762,38.6,27.31,80.4,42.2,0.0,6,0.5609,7.28
2026-04-19T14:44:39.803,38.59,25.96,80.4,42.2,0.0,4,0.5704,7.27
2026-04-19T14:44:39.844,38.64,25.57,80.4,42.2,0.0,5,0.4694,7.25
2026-04-19T14:44:39.885,38.59,26.22,80.4,42.2,0.0,2,0.5871,7.24
2026-04-19T14:44:39.925,38.49,26.58,80.4,42.2,0.0,3,0.5011,7.22
2026-04-19T14:44:39.965,38.63,25.07,80.4,42.2,0.0,4,0.5634,7.2
2026-04-19T14:44:40.006,38.66,25.7,80.0,45.4,0.0,3,0.6542,7.19
2026-04-19T14:44:40.047,38.54,26.62,80.0,45.4,0.0,3,0.6452,7.18
2026-04-19T14:44:40.088,38.51,26.18,80.0,45.4,0.0,2,0.7679,7.16
2026-04-19T14:44:40.129,38.47,26.26,80.0,45.4,0.0,3,0.6837,7.15
2026-04-19T14:44:40.169,38.51,25.71,80.0,45.4,0.0,3,0.641,7.13
2026-04-19T14:44:40.210,38.57,25.53,80.0,45.4,0.0,4,0.657,7.12
2026-04-19T14:44:40.251,38.49,26.48,80.0,45.4,0.0,3,0.7117,7.11
2026-04-19T14:44:40.290,38.63,25.03,80.0,45.4,0.0,3,0.7306,7.08
2026-04-19T14:44:40.331,38.52,26.64,80.0,45.4,0.0,3,0.7575,7.07
2026-04-19T14:44:40.372,38.5,26.06,80.0,45.4,0.0,3,0.7393,7.06
2026-04-19T14:44:40.417,37.98,29.59,80.0,45.4,0.0,3,0.7575,7.07
2026-04-19T14:44:40.460,37.83,27.33,80.0,45.4,0.0,4,0.6242,7.07
2026-04-19T14:44:40.503,37.63,27.89,80.5,54.6,0.0,3,0.6201,7.07
2026-04-19T14:44:40.544,37.68,26.22,80.5,54.6,0.0,3,0.6626,7.06
2026-04-19T14:44:40.584,37.88,25.1,80.5,54.6,0.0,2,0.7324,7.04
2026-04-19T14:44:40.624,37.87,26.45,80.5,54.6,0.0,2,0.7025,7.02
2026-04-19T14:44:40.665,37.8,26.91,80.5,54.6,0.0,2,0.7464,7.01
2026-04-19T14:44:40.707,37.85,26.09,80.5,54.6,0.0,2,0.7175,7.0
2026-04-19T14:44:40.748,37.74,27.18,80.5,54.6,0.0,2,0.7046,6.99
2026-04-19T14:44:40.790,37.59,27.55,80.5,54.6,0.0,2,0.5601,6.99
2026-04-19T14:44:40.836,37.05,30.51,80.5,54.6,0.0,2,0.5714,7.0
2026-04-19T14:44:40.878,36.97,27.55,80.5,54.6,0.0,1,0.8053,7.0
2026-04-19T14:44:40.919,37.11,26.03,80.5,54.6,0.0,1,0.8235,6.99
2026-04-19T14:44:40.960,37.23,26.09,80.5,54.6,0.0,1,0.8438,6.98
2026-04-19T14:44:41.002,37.22,26.92,80.6,54.8,0.0,1,0.3952,6.97
2026-04-19T14:44:41.042,37.41,25.5,80.6,54.8,0.0,1,0.3504,6.95
2026-04-19T14:44:41.083,37.54,25.85,80.6,54.8,0.0,0,0.0,6.94
2026-04-19T14:44:41.124,37.55,26.55,80.6,54.8,0.0,1,0.2702,6.93
2026-04-19T14:44:41.165,37.63,26.09,80.6,54.8,0.0,1,0.4103,6.92
2026-04-19T14:44:41.207,37.55,27.12,80.6,54.8,0.0,1,0.429,6.91
2026-04-19T14:44:41.246,37.77,25.06,80.6,54.8,0.0,1,0.3,6.89
2026-04-19T14:44:41.287,37.92,25.42,80.6,54.8,0.0,1,0.2931,6.88
2026-04-19T14:44:41.326,38.06,25.42,80.6,54.8,0.0,2,0.4471,6.86
2026-04-19T14:44:41.368,38.02,26.55,80.6,54.8,0.0,2,0.4998,6.85
2026-04-19T14:44:41.408,38.07,25.97,80.6,54.8,0.0,2,0.3676,6.84
2026-04-19T14:44:41.448,38.21,25.28,80.6,54.8,0.0,1,0.3825,6.82
2026-04-19T14:44:41.491,37.84,28.73,80.6,54.8,0.0,1,0.3513,6.82
2026-04-19T14:44:41.532,37.91,25.91,80.7,50.8,0.0,0,0.0,6.81
2026-04-19T14:44:41.576,37.39,30.07,80.7,50.8,0.0,1,0.3028,6.82
2026-04-19T14:44:41.618,37.33,27.2,80.7,50.8,0.0,2,0.3624,6.81
2026-04-19T14:44:41.659,37.52,25.43,80.7,50.8,0.0,2,0.4334,6.8
2026-04-19T14:44:41.701,37.42,27.37,80.7,50.8,0.0,2,0.315,6.79
2026-04-19T14:44:41.742,37.5,26.14,80.7,50.8,0.0,0,0.0,6.78
2026-04-19T14:44:41.782,37.55,26.28,80.7,50.8,0.0,1,0.3611,6.77
2026-04-19T14:44:41.823,37.63,26.1,80.7,50.8,0.0,1,0.2834,6.75
2026-04-19T14:44:41.863,37.78,25.49,80.7,50.8,0.0,0,0.0,6.74
2026-04-19T14:44:41.905,37.69,27.11,80.7,50.8,0.0,0,0.0,6.74
2026-04-19T14:44:41.946,37.7,26.49,80.7,50.8,0.0,0,0.0,6.73
2026-04-19T14:44:41.988,37.69,26.55,80.7,50.8,0.0,0,0.0,6.72
2026-04-19T14:44:42.028,37.81,25.74,80.7,53.0,0.0,0,0.0,6.71
2026-04-19T14:44:42.069,37.84,26.19,80.7,53.0,0.0,1,0.365,6.69
2026-04-19T14:44:42.111,37.68,27.54,80.7,53.0,0.0,2,0.2962,6.69
2026-04-19T14:44:42.151,37.98,24.49,80.7,53.0,0.0,0,0.0,6.67
2026-04-19T14:44:42.190,38.15,25.16,80.7,53.0,0.0,0,0.0,6.65
2026-04-19T14:44:42.229,38.24,25.57,80.7,53.0,0.0,0,0.0,6.64
2026-04-19T14:44:42.271,38.19,26.48,80.7,53.0,0.0,0,0.0,6.63
2026-04-19T14:44:42.311,38.31,25.35,80.7,53.0,0.0,0,0.0,6.61
2026-04-19T14:44:42.356,37.68,30.53,80.7,53.0,0.0,0,0.0,6.62
2026-04-19T14:44:42.396,37.65,26.71,80.7,53.0,0.0,0,0.0,6.61
2026-04-19T14:44:42.436,37.9,24.79,80.7,53.0,0.0,1,0.3156,6.59
2026-04-19T14:44:42.476,38.02,25.59,80.7,53.0,0.0,1,0.3525,6.58
2026-04-19T14:44:42.516,38.22,24.91,80.7,59.9,0.0,0,0.0,6.56
2026-04-19T14:44:42.557,38.13,26.78,80.7,59.9,0.0,1,0.3875,6.56
2026-04-19T14:44:42.600,37.9,27.79,80.7,59.9,0.0,2,0.3873,6.56
2026-04-19T14:44:42.640,38.1,25.0,80.7,59.9,0.0,2,0.3001,6.54
2026-04-19T14:44:42.681,38.06,26.56,80.7,59.9,0.0,1,0.2943,6.53
2026-04-19T14:44:42.721,38.18,25.41,80.7,59.9,0.0,2,0.3589,6.52
2026-04-19T14:44:42.761,38.27,25.6,80.7,59.9,0.0,5,0.3306,6.5
2026-04-19T14:44:42.803,38.14,27.02,80.7,59.9,0.0,3,0.4375,6.5
2026-04-19T14:44:42.851,37.16,33.15,80.7,59.9,0.0,4,0.3524,6.53
2026-04-19T14:44:42.892,37.3,25.86,80.7,59.9,0.0,2,0.5031,6.52
2026-04-19T14:44:42.932,37.49,25.45,80.7,59.9,0.0,1,0.4681,6.5
2026-04-19T14:44:42.975,37.33,27.81,80.7,59.9,0.0,3,0.2911,6.5
2026-04-19T14:44:43.017,37.29,27.11,80.7,45.8,0.0,3,0.4812,6.5
2026-04-19T14:44:43.058,37.4,26.01,80.7,45.8,0.0,3,0.4383,6.49
2026-04-19T14:44:43.099,37.36,26.99,80.7,45.8,0.0,4,0.3178,6.48
2026-04-19T14:44:43.140,37.46,26.05,80.7,45.8,0.0,2,0.5595,6.47
2026-04-19T14:44:43.181,37.56,26.05,80.7,45.8,0.0,2,0.3681,6.46
2026-04-19T14:44:43.223,37.52,26.91,80.7,45.8,0.0,3,0.5018,6.46
2026-04-19T14:44:43.264,37.6,26.09,80.7,45.8,0.0,3,0.5303,6.45
2026-04-19T14:44:43.304,37.72,25.71,80.7,45.8,0.0,3,0.4419,6.44
2026-04-19T14:44:43.346,37.74,26.35,80.7,45.8,0.0,3,0.5595,6.43
2026-04-19T14:44:43.387,37.81,26.0,80.7,45.8,0.0,3,0.5129,6.42
2026-04-19T14:44:43.427,37.77,26.75,80.7,45.8,0.0,4,0.5699,6.41
2026-04-19T14:44:43.469,37.75,26.62,80.7,45.8,0.0,3,0.5211,6.41
2026-04-19T14:44:43.509,37.9,25.45,80.7,45.8,0.0,5,0.5127,6.39
2026-04-19T14:44:43.550,37.86,26.66,80.8,60.5,0.0,4,0.4758,6.38
2026-04-19T14:44:43.591,37.81,26.73,80.8,60.5,0.0,6,0.4012,6.38
2026-04-19T14:44:43.632,37.8,26.52,80.8,60.5,0.0,4,0.4825,6.37
2026-04-19T14:44:43.672,37.91,25.68,80.8,60.5,0.0,3,0.5222,6.35
2026-04-19T14:44:43.714,37.76,27.45,80.8,60.5,0.0,4,0.3697,6.35
2026-04-19T14:44:43.754,37.94,25.22,80.8,60.5,0.0,3,0.4981,6.34
2026-04-19T14:44:43.794,38.02,25.8,80.8,60.5,0.0,5,0.4704,6.32
2026-04-19T14:44:43.836,37.9,27.16,80.8,60.5,0.0,6,0.5167,6.32
2026-04-19T14:44:43.876,38.07,25.17,80.8,60.5,0.0,4,0.4834,6.3
2026-04-19T14:44:43.924,37.01,33.84,80.8,60.5,0.0,4,0.462,6.33
2026-04-19T14:44:43.966,37.11,26.27,80.8,60.5,0.0,2,0.6109,6.33
2026-04-19T14:44:44.007,37.23,26.08,80.8,60.5,0.0,3,0.6264,6.32
2026-04-19T14:44:44.047,37.48,25.09,80.6,52.6,0.0,3,0.6101,6.31
2026-04-19T14:44:44.088,37.53,26.32,80.6,52.6,0.0,3,0.6502,6.3
2026-04-19T14:44:44.129,37.59,26.21,80.6,52.6,0.0,4,0.5623,6.29
2026-04-19T14:44:44.169,37.79,25.15,80.6,52.6,0.0,5,0.6014,6.28
2026-04-19T14:44:44.210,37.85,26.1,80.6,52.6,0.0,4,0.7023,6.27
2026-04-19T14:44:44.251,37.83,26.56,80.6,52.6,0.0,5,0.6158,6.26
2026-04-19T14:44:44.291,38.01,25.18,80.6,52.6,0.0,5,0.6179,6.25
2026-04-19T14:44:44.331,38.09,25.75,80.6,52.6,0.0,5,0.6648,6.24
2026-04-19T14:44:44.371,38.19,25.56,80.6,52.6,0.0,5,0.5395,6.23
2026-04-19T14:44:44.413,38.18,26.26,80.6,52.6,0.0,5,0.5877,6.22
2026-04-19T14:44:44.453,38.22,25.92,80.6,52.6,0.0,7,0.4879,6.21
2026-04-19T14:44:44.494,38.24,26.01,80.6,52.6,0.0,4,0.5148,6.2
2026-04-19T14:44:44.535,38.32,25.6,80.7,44.3,0.0,5,0.538,6.19
2026-04-19T14:44:44.576,38.24,26.65,80.7,44.3,0.0,5,0.6304,6.19
2026-04-19T14:44:44.619,38.0,27.82,80.7,44.3,0.0,5,0.6077,6.19
2026-04-19T14:44:44.662,37.77,27.89,80.7,44.3,0.0,6,0.5407,6.19
2026-04-19T14:44:44.704,37.75,26.59,80.7,44.3,0.0,5,0.5727,6.18
2026-04-19T14:44:44.746,37.56,27.85,80.7,44.3,0.0,6,0.5375,6.18
2026-04-19T14:44:44.789,37.38,27.93,80.7,44.3,0.0,7,0.4295,6.18
2026-04-19T14:44:44.833,37.03,29.23,80.7,44.3,0.0,4,0.5314,6.19
2026-04-19T14:44:44.876,36.81,28.65,80.7,44.3,0.0,3,0.543,6.19
2026-04-19T14:44:44.918,36.88,26.63,80.7,44.3,0.0,4,0.5019,6.19
2026-04-19T14:44:44.962,36.63,28.96,80.7,44.3,0.0,5,0.4463,6.19
2026-04-19T14:44:45.003,36.58,27.67,80.7,44.3,0.0,5,0.5433,6.19
2026-04-19T14:44:45.046,36.49,28.02,80.8,57.3,0.0,6,0.5115,6.19
2026-04-19T14:44:45.087,36.6,26.58,80.8,57.3,0.0,5,0.6351,6.18
2026-04-19T14:44:45.129,36.65,26.94,80.8,57.3,0.0,5,0.6417,6.18
2026-04-19T14:44:45.172,36.6,27.68,80.8,57.3,0.0,5,0.5289,6.18
2026-04-19T14:44:45.214,36.56,27.59,80.8,57.3,0.0,5,0.6056,6.18
2026-04-19T14:44:45.257,36.51,27.74,80.8,57.3,0.0,4,0.6212,6.18
2026-04-19T14:44:45.299,36.52,27.35,80.8,57.3,0.0,5,0.5012,6.18
2026-04-19T14:44:45.342,36.49,27.61,80.8,57.3,0.0,4,0.6129,6.18
2026-04-19T14:44:45.383,36.6,26.59,80.8,57.3,0.0,4,0.569,6.17
2026-04-19T14:44:45.423,36.81,25.74,80.8,57.3,0.0,5,0.5505,6.16
2026-04-19T14:44:45.467,36.93,26.28,80.8,57.3,0.0,5,0.557,6.17
2026-04-19T14:44:45.508,37.07,26.06,80.8,57.3,0.0,4,0.6535,6.16
2026-04-19T14:44:45.547,37.32,25.13,80.9,63.8,0.0,4,0.6836,6.14
2026-04-19T14:44:45.589,37.36,26.51,80.9,63.8,0.0,4,0.6484,6.14
2026-04-19T14:44:45.630,37.39,26.54,80.9,63.8,0.0,4,0.624,6.13
2026-04-19T14:44:45.673,37.27,27.62,80.9,63.8,0.0,5,0.4923,6.13
2026-04-19T14:44:45.714,37.35,26.28,80.9,63.8,0.0,5,0.5221,6.13
2026-04-19T14:44:45.757,37.08,28.72,80.9,63.8,0.0,4,0.5026,6.13
2026-04-19T14:44:45.798,37.24,25.84,80.9,63.8,0.0,2,0.5683,6.12
2026-04-19T14:44:45.842,36.85,29.7,80.9,63.8,0.0,5,0.4749,6.13
2026-04-19T14:44:45.883,37.07,25.51,80.9,63.8,0.0,4,0.4568,6.12
2026-04-19T14:44:45.926,36.9,28.19,80.9,63.8,0.0,4,0.5111,6.12
2026-04-19T14:44:45.968,36.93,26.92,80.9,63.8,0.0,2,0.7607,6.12
2026-04-19T14:44:46.008,37.13,25.6,80.9,63.8,0.0,2,0.7566,6.11
2026-04-19T14:44:46.049,37.18,26.59,80.8,52.2,0.0,2,0.773,6.1
2026-04-19T14:44:46.093,36.87,29.15,80.8,52.2,0.0,2,0.7333,6.1
2026-04-19T14:44:46.135,36.78,27.78,80.8,52.2,0.0,2,0.5519,6.1
2026-04-19T14:44:46.176,36.99,25.63,80.8,52.2,0.0,1,0.5662,6.1
2026-04-19T14:44:46.219,36.83,28.23,80.8,52.2,0.0,1,0.6213,6.1
2026-04-19T14:44:46.263,36.64,28.55,80.8,52.2,0.0,1,0.6658,6.1
2026-04-19T14:44:46.304,36.7,26.86,80.8,52.2,0.0,1,0.6677,6.1
2026-04-19T14:44:46.346,36.76,26.77,80.8,52.2,0.0,1,0.3511,6.09
2026-04-19T14:44:46.388,36.77,27.18,80.8,52.2,0.0,3,0.4352,6.09
2026-04-19T14:44:46.429,36.95,25.86,80.8,52.2,0.0,1,0.5174,6.08
2026-04-19T14:44:46.471,36.85,27.78,80.8,52.2,0.0,1,0.7057,6.08
2026-04-19T14:44:46.513,36.84,27.24,80.8,52.2,0.0,2,0.4644,6.08
2026-04-19T14:44:46.557,36.63,28.7,80.8,64.3,0.0,2,0.389,6.09
2026-04-19T14:44:46.598,36.72,26.64,80.8,64.3,0.0,2,0.5411,6.08
2026-04-19T14:44:46.640,36.81,26.57,80.8,64.3,0.0,3,0.4824,6.07
2026-04-19T14:44:46.681,36.87,26.68,80.8,64.3,0.0,3,0.4611,6.07
2026-04-19T14:44:46.722,36.91,26.87,80.8,64.3,0.0,4,0.3719,6.06
2026-04-19T14:44:46.766,36.63,29.17,80.8,64.3,0.0,5,0.4446,6.07
2026-04-19T14:44:46.809,36.6,27.51,80.8,64.3,0.0,5,0.4406,6.07
2026-04-19T14:44:46.851,36.61,27.24,80.8,64.3,0.0,5,0.4651,6.07
2026-04-19T14:44:46.893,36.61,27.32,80.8,64.3,0.0,5,0.5253,6.07
2026-04-19T14:44:46.934,36.79,26.0,80.8,64.3,0.0,4,0.5185,6.06
2026-04-19T14:44:46.975,36.85,26.72,80.8,64.3,0.0,4,0.5609,6.05
2026-04-19T14:44:47.018,36.74,27.96,80.8,64.3,0.0,4,0.6029,6.06
2026-04-19T14:44:47.059,36.84,26.47,80.8,62.0,0.0,4,0.5991,6.05
2026-04-19T14:44:47.102,36.74,27.89,80.8,62.0,0.0,4,0.5253,6.05
2026-04-19T14:44:47.143,36.92,25.89,80.8,62.0,0.0,3,0.6138,6.04
2026-04-19T14:44:47.184,37.13,25.58,80.8,62.0,0.0,4,0.4852,6.03
2026-04-19T14:44:47.225,37.06,27.44,80.8,62.0,0.0,3,0.5346,6.03
2026-04-19T14:44:47.265,37.27,25.43,80.8,62.0,0.0,4,0.5032,6.02
2026-04-19T14:44:47.305,37.52,25.05,80.8,62.0,0.0,4,0.576,6.01
2026-04-19T14:44:47.346,37.55,26.43,80.8,62.0,0.0,3,0.6401,6.0
2026-04-19T14:44:47.387,37.59,26.33,80.8,62.0,0.0,3,0.5767,5.99
2026-04-19T14:44:47.427,37.76,25.43,80.8,62.0,0.0,3,0.5547,5.99
2026-04-19T14:44:47.468,37.87,25.68,80.8,62.0,0.0,4,0.5854,5.98
2026-04-19T14:44:47.508,37.99,25.61,80.8,62.0,0.0,3,0.5974,5.97
2026-04-19T14:44:47.550,37.81,27.59,80.5,53.5,0.0,2,0.6446,5.97
2026-04-19T14:44:47.592,37.8,26.47,80.5,53.5,0.0,3,0.6145,5.96
2026-04-19T14:44:47.632,37.99,25.13,80.5,53.5,0.0,3,0.5766,5.95
2026-04-19T14:44:47.671,38.21,24.85,80.5,53.5,0.0,2,0.7497,5.94
2026-04-19T14:44:47.712,38.29,25.63,80.5,53.5,0.0,2,0.7311,5.93
2026-04-19T14:44:47.752,38.39,25.43,80.5,53.5,0.0,2,0.6195,5.92
2026-04-19T14:44:47.791,38.55,24.95,80.5,53.5,0.0,2,0.5999,5.91
2026-04-19T14:44:47.832,38.61,25.54,80.5,53.5,0.0,2,0.5628,5.9
2026-04-19T14:44:47.873,38.55,26.29,80.5,53.5,0.0,3,0.5182,5.89
2026-04-19T14:44:47.913,38.56,25.85,80.5,53.5,0.0,3,0.6254,5.89
2026-04-19T14:44:47.955,38.47,26.55,80.5,53.5,0.0,3,0.6275,5.88
2026-04-19T14:44:47.996,38.46,26.08,80.5,53.5,0.0,2,0.6284,5.87
2026-04-19T14:44:48.036,38.45,26.07,80.5,53.5,0.0,1,0.7819,5.87
2026-04-19T14:44:48.077,38.41,26.27,80.6,45.7,0.0,2,0.6039,5.86
2026-04-19T14:44:48.117,38.55,25.12,80.6,45.7,0.0,2,0.647,5.85
2026-04-19T14:44:48.157,38.7,24.9,80.6,45.7,0.0,2,0.6406,5.84
2026-04-19T14:44:48.198,38.64,26.28,80.6,45.7,0.0,2,0.6709,5.83
2026-04-19T14:44:48.238,38.71,25.35,80.6,45.7,0.0,2,0.7248,5.82
2026-04-19T14:44:48.278,38.76,25.55,80.6,45.7,0.0,2,0.5019,5.82
2026-04-19T14:44:48.319,38.79,25.58,80.6,45.7,0.0,1,0.7019,5.81
2026-04-19T14:44:48.359,38.76,25.95,80.6,45.7,0.0,2,0.5064,5.8
2026-04-19T14:44:48.399,38.89,24.95,80.6,45.7,0.0,1,0.7777,5.79
2026-04-19T14:44:48.440,38.89,25.74,80.6,45.7,0.0,1,0.8317,5.78
2026-04-19T14:44:48.480,38.86,25.89,80.6,45.7,0.0,1,0.8117,5.77
2026-04-19T14:44:48.520,38.94,25.22,80.6,45.7,0.0,1,0.8172,5.76
2026-04-19T14:44:48.561,38.91,25.85,80.8,44.7,0.0,1,0.836,5.76
2026-04-19T14:44:48.601,38.89,25.85,80.8,44.7,0.0,1,0.7021,5.75
2026-04-19T14:44:48.641,39.0,24.99,80.8,44.7,0.0,1,0.4947,5.74
2026-04-19T14:44:48.682,39.01,25.57,80.8,44.7,0.0,1,0.6865,5.73
2026-04-19T14:44:48.722,39.01,25.65,80.8,44.7,0.0,0,0.0,5.72
2026-04-19T14:44:48.762,39.06,25.3,80.8,44.7,0.0,0,0.0,5.71
2026-04-19T14:44:48.802,39.0,25.99,80.8,44.7,0.0,1,0.277,5.7
2026-04-19T14:44:48.842,39.01,25.57,80.8,44.7,0.0,2,0.2758,5.7
2026-04-19T14:44:48.882,39.1,25.06,80.8,44.7,0.0,1,0.3493,5.69
2026-04-19T14:44:48.923,38.89,26.94,80.8,44.7,0.0,1,0.2969,5.68
2026-04-19T14:44:48.964,38.81,26.26,80.8,44.7,0.0,1,0.3978,5.68
2026-04-19T14:44:49.005,38.8,25.8,80.8,44.7,0.0,2,0.3933,5.67
2026-04-19T14:44:49.045,38.83,25.62,80.8,44.7,0.0,3,0.4288,5.66
2026-04-19T14:44:49.086,38.91,25.19,80.8,36.8,0.0,3,0.4228,5.65
2026-04-19T14:44:49.126,38.92,25.62,80.8,36.8,0.0,1,0.5809,5.64
2026-04-19T14:44:49.166,38.9,25.86,80.8,36.8,0.0,3,0.447,5.64
2026-04-19T14:44:49.206,38.95,25.33,80.8,36.8,0.0,2,0.582,5.63
2026-04-19T14:44:49.247,38.88,26.15,80.8,36.8,0.0,3,0.3987,5.62
2026-04-19T14:44:49.287,38.91,25.5,80.8,36.8,0.0,3,0.4465,5.61
2026-04-19T14:44:49.327,39.0,25.15,80.8,36.8,0.0,3,0.4052,5.6
2026-04-19T14:44:49.368,38.97,25.84,80.8,36.8,0.0,4,0.4567,5.6
2026-04-19T14:44:49.408,39.0,25.46,80.8,36.8,0.0,4,0.4375,5.59
2026-04-19T14:44:49.448,38.96,25.88,80.8,36.8,0.0,4,0.4274,5.58
2026-04-19T14:44:49.488,38.98,25.56,80.8,36.8,0.0,5,0.4545,5.57
2026-04-19T14:44:49.528,39.0,25.49,80.8,36.8,0.0,5,0.4881,5.56
2026-04-19T14:44:49.569,38.91,26.24,80.7,36.5,0.0,5,0.4924,5.56
2026-04-19T14:44:49.609,38.99,25.16,80.7,36.5,0.0,5,0.4884,5.55
2026-04-19T14:44:49.651,38.81,26.89,80.7,36.5,0.0,6,0.4961,5.55
2026-04-19T14:44:49.692,38.73,26.27,80.7,36.5,0.0,6,0.5091,5.54
2026-04-19T14:44:49.732,38.84,25.11,80.7,36.5,0.0,5,0.4474,5.53
2026-04-19T14:44:49.772,38.85,25.67,80.7,36.5,0.0,5,0.4583,5.52
2026-04-19T14:44:49.812,38.94,25.15,80.7,36.5,0.0,4,0.4738,5.51
2026-04-19T14:44:49.853,38.85,26.29,80.7,36.5,0.0,5,0.3844,5.51
2026-04-19T14:44:49.894,38.74,26.46,80.7,36.5,0.0,6,0.4085,5.5
2026-04-19T14:44:49.934,38.86,25.02,80.7,36.5,0.0,4,0.5231,5.49
2026-04-19T14:44:49.973,38.95,25.1,80.7,36.5,0.0,3,0.5348,5.48
2026-04-19T14:44:50.013,38.9,26.0,80.7,36.5,0.0,3,0.6443,5.47
2026-04-19T14:44:50.054,38.93,25.56,80.7,36.5,0.0,5,0.5585,5.47
2026-04-19T14:44:50.094,39.03,25.01,80.6,33.2,0.0,6,0.5403,5.46
2026-04-19T14:44:50.134,39.08,25.31,80.6,33.2,0.0,5,0.5376,5.45
2026-04-19T14:44:50.174,39.16,25.05,80.6,33.2,0.0,5,0.5798,5.44
2026-04-19T14:44:50.214,39.25,24.94,80.6,33.2,0.0,5,0.5593,5.43
2026-04-19T14:44:50.254,39.26,25.42,80.6,33.2,0.0,5,0.5142,5.42
2026-04-19T14:44:50.295,39.1,26.54,80.6,33.2,0.0,4,0.5352,5.42
2026-04-19T14:44:50.335,39.17,25.12,80.6,33.2,0.0,4,0.5731,5.41
2026-04-19T14:44:50.376,39.16,25.59,80.6,33.2,0.0,3,0.654,5.41
2026-04-19T14:44:50.416,39.13,25.72,80.6,33.2,0.0,4,0.5745,5.4
2026-04-19T14:44:50.457,38.99,26.45,80.6,33.2,0.0,5,0.523,5.39
2026-04-19T14:44:50.497,38.96,25.83,80.6,33.2,0.0,4,0.5612,5.39
2026-04-19T14:44:50.539,38.77,26.92,80.6,33.2,0.0,3,0.6055,5.38
2026-04-19T14:44:50.581,38.54,27.37,80.7,42.6,0.0,4,0.5533,5.38
2026-04-19T14:44:50.622,38.4,26.88,80.7,42.6,0.0,6,0.4537,5.38
2026-04-19T14:44:50.663,38.43,25.85,80.7,42.6,0.0,5,0.5405,5.37
2026-04-19T14:44:50.704,38.34,26.66,80.7,42.6,0.0,4,0.6206,5.37
2026-04-19T14:44:50.745,38.37,25.83,80.7,42.6,0.0,6,0.5406,5.36
2026-04-19T14:44:50.785,38.43,25.7,80.7,42.6,0.0,7,0.5119,5.36
2026-04-19T14:44:50.827,38.22,27.44,80.7,42.6,0.0,8,0.5191,5.36
2026-04-19T14:44:50.869,38.15,26.66,80.7,42.6,0.0,4,0.5269,5.35
2026-04-19T14:44:50.913,37.72,29.19,80.7,42.6,0.0,5,0.5499,5.36
2026-04-19T14:44:50.957,37.39,28.86,80.7,42.6,0.0,4,0.6173,5.37
2026-04-19T14:44:51.000,37.13,28.59,80.7,42.6,0.0,5,0.525,5.37
2026-04-19T14:44:51.044,36.84,29.03,80.7,42.6,0.0,5,0.5759,5.38
2026-04-19T14:44:51.087,36.85,27.12,80.8,38.9,0.0,5,0.5814,5.38
2026-04-19T14:44:51.130,36.71,28.13,80.8,38.9,0.0,5,0.5283,5.38
2026-04-19T14:44:51.171,36.89,25.92,80.8,38.9,0.0,5,0.5398,5.38
2026-04-19T14:44:51.214,36.76,28.08,80.8,38.9,0.0,5,0.5224,5.38
2026-04-19T14:44:51.255,36.87,26.38,80.8,38.9,0.0,5,0.5916,5.38
2026-04-19T14:44:51.297,36.9,26.88,80.8,38.9,0.0,6,0.5008,5.37
2026-04-19T14:44:51.339,36.86,27.45,80.8,38.9,0.0,5,0.6303,5.37
2026-04-19T14:44:51.381,36.84,27.26,80.8,38.9,0.0,5,0.5623,5.37
2026-04-19T14:44:51.421,37.1,25.21,80.8,38.9,0.0,4,0.5773,5.37
2026-04-19T14:44:51.461,37.33,25.29,80.8,38.9,0.0,4,0.4972,5.36
2026-04-19T14:44:51.502,37.49,25.67,80.8,38.9,0.0,5,0.4393,5.35
2026-04-19T14:44:51.542,37.66,25.45,80.8,38.9,0.0,4,0.401,5.34
2026-04-19T14:44:51.584,37.59,27.1,80.5,33.6,0.0,3,0.5685,5.34
2026-04-19T14:44:51.626,37.57,26.73,80.5,33.6,0.0,3,0.5975,5.34
2026-04-19T14:44:51.665,37.76,25.25,80.5,33.6,0.0,3,0.5408,5.33
2026-04-19T14:44:51.706,37.88,25.64,80.5,33.6,0.0,3,0.549,5.33
2026-04-19T14:44:51.747,37.93,26.07,80.5,33.6,0.0,3,0.545,5.32
2026-04-19T14:44:51.787,38.07,25.37,80.5,33.6,0.0,4,0.558,5.31
2026-04-19T14:44:51.827,38.2,25.41,80.5,33.6,0.0,3,0.5414,5.31
2026-04-19T14:44:51.867,38.26,25.77,80.5,33.6,0.0,4,0.4857,5.3
2026-04-19T14:44:51.907,38.41,25.1,80.5,33.6,0.0,4,0.545,5.29
2026-04-19T14:44:51.954,37.53,32.18,80.5,33.6,0.0,5,0.4561,5.31
2026-04-19T14:44:52.000,36.76,32.21,80.5,33.6,0.0,5,0.539,5.32
2026-04-19T14:44:52.047,36.12,32.04,80.5,33.6,0.0,4,0.5197,5.34
2026-04-19T14:44:52.089,36.15,27.39,80.6,37.8,0.0,5,0.4426,5.34
2026-04-19T14:44:52.131,36.21,27.26,80.6,37.8,0.0,6,0.5172,5.34
2026-04-19T14:44:52.172,36.39,26.2,80.6,37.8,0.0,5,0.5052,5.33
2026-04-19T14:44:52.216,36.26,28.51,80.6,37.8,0.0,4,0.5576,5.34
2026-04-19T14:44:52.258,36.26,27.57,80.6,37.8,0.0,4,0.5694,5.34
2026-04-19T14:44:52.299,36.48,25.94,80.6,37.8,0.0,5,0.5375,5.33
2026-04-19T14:44:52.340,36.68,25.9,80.6,37.8,0.0,4,0.5902,5.33
2026-04-19T14:44:52.380,36.89,25.68,80.6,37.8,0.0,5,0.5019,5.32
2026-04-19T14:44:52.420,37.16,25.13,80.6,37.8,0.0,6,0.4903,5.31
2026-04-19T14:44:52.461,37.32,25.76,80.6,37.8,0.0,4,0.536,5.31
2026-04-19T14:44:52.507,36.59,32.13,80.6,37.8,0.0,7,0.4332,5.32
2026-04-19T14:44:52.549,36.7,26.54,80.6,37.8,0.0,7,0.3882,5.32
2026-04-19T14:44:52.589,36.9,25.73,80.3,36.2,0.0,6,0.489,5.31
2026-04-19T14:44:52.630,37.04,26.14,80.3,36.2,0.0,4,0.501,5.31
2026-04-19T14:44:52.671,37.16,26.1,80.3,36.2,0.0,6,0.4781,5.3
2026-04-19T14:44:52.711,37.37,25.39,80.3,36.2,0.0,4,0.5186,5.3
2026-04-19T14:44:52.752,37.44,26.28,80.3,36.2,0.0,4,0.4611,5.29
2026-04-19T14:44:52.792,37.69,24.9,80.3,36.2,0.0,5,0.4655,5.28
2026-04-19T14:44:52.832,37.89,25.15,80.3,36.2,0.0,4,0.5625,5.28
2026-04-19T14:44:52.872,37.93,26.14,80.3,36.2,0.0,4,0.5057,5.27
2026-04-19T14:44:52.912,38.07,25.41,80.3,36.2,0.0,4,0.5719,5.26
2026-04-19T14:44:52.953,38.12,25.86,80.3,36.2,0.0,3,0.642,5.26
2026-04-19T14:44:52.994,38.16,25.99,80.3,36.2,0.0,4,0.6344,5.25
2026-04-19T14:44:53.034,38.28,25.39,80.3,36.2,0.0,5,0.5266,5.25
2026-04-19T14:44:53.074,38.46,24.91,80.3,35.4,0.0,3,0.6669,5.24
2026-04-19T14:44:53.114,38.5,25.68,80.3,35.4,0.0,3,0.7416,5.23
2026-04-19T14:44:53.155,38.53,25.78,80.3,35.4,0.0,3,0.716,5.23
2026-04-19T14:44:53.194,38.63,25.27,80.3,35.4,0.0,3,0.72,5.22
2026-04-19T14:44:53.235,38.65,25.8,80.3,35.4,0.0,3,0.6814,5.21
2026-04-19T14:44:53.275,38.71,25.44,80.3,35.4,0.0,3,0.7268,5.2
2026-04-19T14:44:53.314,38.82,25.12,80.3,35.4,0.0,3,0.7449,5.19
2026-04-19T14:44:53.355,38.78,26.04,80.3,35.4,0.0,3,0.6491,5.19
2026-04-19T14:44:53.394,38.81,25.59,80.3,35.4,0.0,3,0.6713,5.18
2026-04-19T14:44:53.434,38.89,25.19,80.3,35.4,0.0,3,0.7563,5.17
2026-04-19T14:44:53.474,38.93,25.47,80.3,35.4,0.0,3,0.5636,5.17
2026-04-19T14:44:53.514,39.01,25.17,80.3,35.4,0.0,3,0.6041,5.16
2026-04-19T14:44:53.554,39.11,24.98,80.3,35.4,0.0,2,0.5682,5.15
2026-04-19T14:44:53.595,38.9,26.97,80.3,36.4,0.0,2,0.5568,5.15
2026-04-19T14:44:53.636,38.97,25.25,80.3,36.4,0.0,2,0.572,5.14
2026-04-19T14:44:53.675,39.04,25.21,80.3,36.4,0.0,2,0.6667,5.13
2026-04-19T14:44:53.718,38.63,28.29,80.3,36.4,0.0,2,0.5964,5.13
2026-04-19T14:44:53.759,38.5,26.78,80.3,36.4,0.0,2,0.5251,5.13
2026-04-19T14:44:53.800,38.54,25.67,80.3,36.4,0.0,2,0.4245,5.13
2026-04-19T14:44:53.840,38.64,25.32,80.3,36.4,0.0,2,0.4094,5.12
2026-04-19T14:44:53.880,38.76,25.03,80.3,36.4,0.0,3,0.299,5.11
2026-04-19T14:44:53.920,38.77,25.75,80.3,36.4,0.0,3,0.358,5.11
2026-04-19T14:44:53.960,38.89,25.01,80.3,36.4,0.0,1,0.4224,5.1
2026-04-19T14:44:54.001,38.89,25.71,80.3,36.4,0.0,2,0.3533,5.09
2026-04-19T14:44:54.041,38.9,25.65,80.3,36.4,0.0,2,0.461,5.09
