timestamp,fps,latency_ms,ram_usage_percent,cpu_usage_percent,temperature,num_detections,confidence_score_avg,frame_drop_rate_percent
2026-04-19T13:43:57.972,1.73,578.81,68.6,87.1,0.0,9,0.5662,93.09
2026-04-19T13:43:58.343,1.83,266.71,68.6,87.1,0.0,8,0.5259,91.59
2026-04-19T13:43:58.485,1.98,127.45,68.9,95.1,0.0,10,0.4932,89.02
2026-04-19T13:43:58.603,2.15,108.77,68.9,95.1,0.0,8,0.5401,86.79
2026-04-19T13:43:58.723,2.32,110.14,68.9,95.1,0.0,8,0.5647,84.97
2026-04-19T13:43:58.837,2.51,105.17,68.9,95.1,0.0,8,0.5511,83.39
2026-04-19T13:43:58.958,2.71,115.21,68.9,84.4,0.0,9,0.5515,82.12
2026-04-19T13:43:59.063,2.92,99.65,68.9,84.4,0.0,9,0.5192,80.84
2026-04-19T13:43:59.171,3.14,100.0,68.9,84.4,0.0,7,0.5535,79.76
2026-04-19T13:43:59.278,3.37,98.25,68.9,84.4,0.0,11,0.484,78.79
2026-04-19T13:43:59.386,3.62,99.18,68.9,84.4,0.0,9,0.4997,77.93
2026-04-19T13:43:59.500,3.85,105.31,68.9,81.1,0.0,8,0.5601,77.23
2026-04-19T13:43:59.609,4.11,99.42,68.9,81.1,0.0,9,0.5389,76.54
2026-04-19T13:43:59.719,4.36,100.67,68.9,81.1,0.0,9,0.5118,75.93
2026-04-19T13:43:59.823,4.63,98.85,68.9,81.1,0.0,11,0.4978,75.32
2026-04-19T13:43:59.940,4.87,107.68,68.9,80.0,0.0,12,0.4778,74.88
2026-04-19T13:44:00.053,5.12,107.03,68.9,80.0,0.0,10,0.5148,74.44
2026-04-19T13:44:00.161,5.38,99.62,68.9,80.0,0.0,10,0.5523,74.0
2026-04-19T13:44:00.270,5.64,98.98,68.9,80.0,0.0,12,0.5091,73.59
2026-04-19T13:44:00.377,5.91,97.61,68.9,80.0,0.0,11,0.5078,73.2
2026-04-19T13:44:00.491,6.15,103.55,68.9,80.8,0.0,11,0.5168,72.89
2026-04-19T13:44:00.601,6.39,100.44,68.9,80.8,0.0,9,0.5499,72.57
2026-04-19T13:44:00.704,6.64,97.98,68.9,80.8,0.0,11,0.5142,72.22
2026-04-19T13:44:00.813,6.88,98.86,68.9,80.8,0.0,12,0.5247,71.93
2026-04-19T13:44:00.928,7.07,105.8,68.9,80.2,0.0,12,0.5087,71.72
2026-04-19T13:44:01.032,7.29,98.16,68.9,80.2,0.0,9,0.5699,71.43
2026-04-19T13:44:01.142,7.48,102.0,68.9,80.2,0.0,10,0.5635,71.2
2026-04-19T13:44:01.253,7.67,101.84,68.9,80.2,0.0,12,0.5424,70.99
2026-04-19T13:44:01.359,7.86,98.29,68.9,80.2,0.0,10,0.65,70.75
2026-04-19T13:44:01.468,8.01,102.74,68.9,81.4,0.0,11,0.5997,70.56
2026-04-19T13:44:01.575,8.19,97.55,68.9,81.4,0.0,11,0.6245,70.36
2026-04-19T13:44:01.679,8.37,96.88,68.9,81.4,0.0,10,0.579,70.14
2026-04-19T13:44:01.789,8.5,100.66,68.9,81.4,0.0,10,0.5795,69.98
2026-04-19T13:44:01.898,8.64,98.89,68.9,81.4,0.0,11,0.5962,69.81
2026-04-19T13:44:02.010,8.71,105.93,68.9,79.3,0.0,8,0.6063,69.68
2026-04-19T13:44:02.116,8.84,98.25,68.9,79.3,0.0,8,0.5591,69.52
2026-04-19T13:44:02.515,7.09,392.1,68.4,90.2,0.0,10,0.5454,71.11
2026-04-19T13:44:02.621,7.3,100.29,68.4,90.2,0.0,8,0.6011,70.93
2026-04-19T13:44:02.744,7.43,113.81,68.4,90.2,0.0,9,0.6046,70.85
2026-04-19T13:44:02.858,7.6,104.58,68.4,90.2,0.0,9,0.6029,70.72
2026-04-19T13:44:02.971,7.76,104.34,68.5,87.0,0.0,10,0.5608,70.6
2026-04-19T13:44:03.085,7.91,104.02,68.5,87.0,0.0,8,0.6282,70.49
2026-04-19T13:44:03.196,8.06,102.76,68.5,87.0,0.0,8,0.6077,70.37
2026-04-19T13:44:03.304,8.23,98.87,68.5,87.0,0.0,9,0.5884,70.23
2026-04-19T13:44:03.413,8.38,99.25,68.5,87.0,0.0,9,0.6065,70.1
2026-04-19T13:44:03.528,8.48,105.65,68.5,80.7,0.0,8,0.6494,70.01
2026-04-19T13:44:03.634,8.63,97.4,68.5,80.7,0.0,8,0.6559,69.88
2026-04-19T13:44:03.738,8.76,97.99,68.5,80.7,0.0,10,0.6363,69.74
2026-04-19T13:44:03.844,8.89,98.13,68.5,80.7,0.0,9,0.6483,69.62
2026-04-19T13:44:03.954,8.99,100.46,68.5,79.2,0.0,11,0.5856,69.52
2026-04-19T13:44:04.062,9.08,99.65,68.5,79.2,0.0,9,0.6248,69.41
2026-04-19T13:44:04.173,9.15,101.23,68.5,79.2,0.0,10,0.5957,69.32
2026-04-19T13:44:04.282,9.23,100.13,68.5,79.2,0.0,9,0.652,69.23
2026-04-19T13:44:04.390,9.31,99.21,68.5,79.2,0.0,11,0.6158,69.13
2026-04-19T13:44:04.504,9.33,104.52,68.4,75.8,0.0,10,0.6387,69.06
2026-04-19T13:44:04.613,9.4,99.83,68.4,75.8,0.0,10,0.6246,68.98
2026-04-19T13:44:04.721,9.47,97.86,68.4,75.8,0.0,9,0.6921,68.89
2026-04-19T13:44:04.829,9.54,98.35,68.4,75.8,0.0,9,0.708,68.8
2026-04-19T13:44:04.941,9.57,101.22,68.4,75.8,0.0,9,0.6936,68.73
2026-04-19T13:44:05.052,9.6,101.64,68.4,80.6,0.0,9,0.6836,68.67
2026-04-19T13:44:05.155,9.66,97.96,68.4,80.6,0.0,9,0.7011,68.57
2026-04-19T13:44:05.263,9.7,98.71,68.4,80.6,0.0,9,0.714,68.49
2026-04-19T13:44:05.364,9.77,95.43,68.4,80.6,0.0,9,0.68,68.39
2026-04-19T13:44:05.473,9.79,100.55,68.4,78.3,0.0,8,0.6996,68.32
2026-04-19T13:44:05.578,9.82,99.53,68.4,78.3,0.0,10,0.664,68.24
2026-04-19T13:44:05.686,9.85,98.29,68.4,78.3,0.0,10,0.6216,68.17
2026-04-19T13:44:05.795,9.87,99.3,68.4,78.3,0.0,12,0.5765,68.1
2026-04-19T13:44:05.906,9.88,100.57,68.4,78.3,0.0,13,0.5749,68.05
2026-04-19T13:44:06.015,9.89,99.7,68.4,80.6,0.0,14,0.5412,67.99
2026-04-19T13:44:06.121,9.94,96.77,68.4,80.6,0.0,14,0.5597,67.92
2026-04-19T13:44:06.230,9.96,97.9,68.4,80.6,0.0,11,0.5902,67.86
2026-04-19T13:44:06.337,9.99,97.61,68.4,80.6,0.0,9,0.55,67.8
2026-04-19T13:44:06.442,10.0,99.6,68.4,80.6,0.0,9,0.5642,67.73
2026-04-19T13:44:06.556,9.95,104.92,68.4,77.3,0.0,9,0.5668,67.7
2026-04-19T13:44:06.666,9.95,100.16,68.4,77.3,0.0,12,0.5156,67.65
2026-04-19T13:44:06.777,9.95,100.97,68.4,77.3,0.0,12,0.5401,67.61
2026-04-19T13:44:06.887,9.95,100.12,68.4,77.3,0.0,12,0.5189,67.56
2026-04-19T13:44:06.998,9.94,101.63,68.4,80.3,0.0,11,0.5782,67.52
2026-04-19T13:44:07.106,9.96,98.18,68.4,80.3,0.0,13,0.5378,67.47
2026-04-19T13:44:07.218,9.95,101.36,68.4,80.3,0.0,10,0.5277,67.43
2026-04-19T13:44:07.326,9.97,98.86,68.4,80.3,0.0,10,0.5383,67.38
2026-04-19T13:44:07.435,9.98,99.08,68.4,80.3,0.0,15,0.4511,67.34
2026-04-19T13:44:07.544,9.95,103.1,68.4,82.2,0.0,14,0.5206,67.3
2026-04-19T13:44:07.653,9.97,99.11,68.4,82.2,0.0,11,0.5677,67.25
2026-04-19T13:44:07.764,9.96,100.98,68.4,82.2,0.0,16,0.5003,67.22
2026-04-19T13:44:07.875,9.96,100.54,68.4,82.2,0.0,16,0.5044,67.18
2026-04-19T13:44:07.989,9.92,104.38,68.4,81.2,0.0,15,0.5324,67.16
2026-04-19T13:44:08.099,9.93,99.51,68.4,81.2,0.0,11,0.4974,67.12
2026-04-19T13:44:08.207,9.95,99.03,68.4,81.2,0.0,13,0.4866,67.08
2026-04-19T13:44:08.317,9.96,99.6,68.4,81.2,0.0,11,0.5127,67.05
2026-04-19T13:44:08.423,9.99,96.8,68.4,81.2,0.0,10,0.5141,67.0
2026-04-19T13:44:08.537,9.96,103.67,68.4,78.9,0.0,10,0.622,66.98
2026-04-19T13:44:08.643,9.99,96.78,68.4,78.9,0.0,10,0.591,66.94
2026-04-19T13:44:08.752,9.98,101.86,68.4,78.9,0.0,9,0.5371,66.9
2026-04-19T13:44:08.857,9.99,98.91,68.4,78.9,0.0,14,0.514,66.85
2026-04-19T13:44:08.968,9.96,102.88,68.4,78.9,0.0,14,0.49,66.83
2026-04-19T13:44:09.082,9.93,103.33,68.4,81.0,0.0,16,0.5131,66.81
2026-04-19T13:44:09.194,9.92,101.61,68.4,81.0,0.0,13,0.4922,66.78
2026-04-19T13:44:09.300,9.98,95.56,68.4,81.0,0.0,11,0.5488,66.74
2026-04-19T13:44:09.406,10.01,96.7,68.4,81.0,0.0,10,0.5828,66.7
2026-04-19T13:44:09.538,9.8,121.39,68.4,83.1,0.0,11,0.5693,66.74
2026-04-19T13:44:09.658,9.7,112.28,68.4,83.1,0.0,15,0.5073,66.74
2026-04-19T13:44:09.795,9.51,123.61,68.4,83.1,0.0,12,0.6049,66.78
2026-04-19T13:44:09.927,9.36,121.98,68.4,83.1,0.0,13,0.5639,66.81
2026-04-19T13:44:10.066,9.17,129.2,68.4,96.3,0.0,12,0.6093,66.86
2026-04-19T13:44:10.185,9.18,108.45,68.4,96.3,0.0,11,0.61,66.86
2026-04-19T13:44:10.304,9.17,109.47,68.4,96.3,0.0,12,0.5777,66.85
2026-04-19T13:44:10.419,9.19,106.4,68.4,96.3,0.0,14,0.4991,66.84
2026-04-19T13:44:10.545,9.1,119.49,68.4,90.3,0.0,13,0.5241,66.85
2026-04-19T13:44:10.665,9.11,109.11,68.4,90.3,0.0,13,0.531,66.85
2026-04-19T13:44:10.783,9.12,108.2,68.4,90.3,0.0,9,0.5533,66.84
2026-04-19T13:44:10.895,9.19,102.03,68.4,90.3,0.0,11,0.542,66.82
2026-04-19T13:44:11.006,9.25,101.36,68.4,90.3,0.0,9,0.6278,66.8
2026-04-19T13:44:11.113,9.34,98.19,68.4,86.5,0.0,11,0.5719,66.77
2026-04-19T13:44:11.220,9.41,99.03,68.4,86.5,0.0,10,0.5583,66.73
2026-04-19T13:44:11.322,9.49,96.95,68.4,86.5,0.0,10,0.5769,66.69
2026-04-19T13:44:11.432,9.54,100.1,68.4,86.5,0.0,11,0.5236,66.67
2026-04-19T13:44:11.548,9.52,106.36,68.4,81.4,0.0,11,0.5795,66.66
2026-04-19T13:44:11.655,9.59,98.23,68.4,81.4,0.0,11,0.5135,66.63
2026-04-19T13:44:11.763,9.65,97.91,68.4,81.4,0.0,10,0.5913,66.6
2026-04-19T13:44:11.871,9.67,100.96,68.4,81.4,0.0,10,0.592,66.57
2026-04-19T13:44:11.980,9.71,99.41,68.4,81.4,0.0,10,0.606,66.55
2026-04-19T13:44:12.091,9.72,101.43,68.4,82.4,0.0,13,0.5158,66.53
2026-04-19T13:44:12.199,9.77,98.23,68.4,82.4,0.0,10,0.5916,66.5
2026-04-19T13:44:12.303,9.81,98.26,68.4,82.4,0.0,11,0.5618,66.47
2026-04-19T13:44:12.411,9.84,98.22,68.4,82.4,0.0,11,0.5359,66.44
2026-04-19T13:44:12.522,9.85,101.25,68.4,82.4,0.0,11,0.5431,66.42
2026-04-19T13:44:12.634,9.86,99.79,68.4,80.8,0.0,8,0.6318,66.41
2026-04-19T13:44:12.737,9.94,93.65,68.4,80.8,0.0,10,0.5554,66.37
2026-04-19T13:44:12.847,9.95,99.49,68.4,80.8,0.0,11,0.5545,66.35
2026-04-19T13:44:12.956,9.96,99.22,68.4,80.8,0.0,11,0.5351,66.33
2026-04-19T13:44:13.068,9.95,102.15,68.2,81.2,0.0,9,0.6073,66.32
2026-04-19T13:44:13.175,9.97,97.93,68.2,81.2,0.0,8,0.6675,66.29
2026-04-19T13:44:13.283,9.98,98.91,68.2,81.2,0.0,8,0.6607,66.27
2026-04-19T13:44:13.391,10.0,98.85,68.2,81.2,0.0,9,0.5703,66.25
2026-04-19T13:44:13.496,10.0,99.95,68.2,81.2,0.0,8,0.5941,66.22
2026-04-19T13:44:13.609,9.97,102.89,68.2,78.9,0.0,8,0.6442,66.21
2026-04-19T13:44:13.717,9.98,99.35,68.2,78.9,0.0,10,0.5719,66.19
2026-04-19T13:44:13.823,9.99,99.61,68.2,78.9,0.0,8,0.6505,66.16
2026-04-19T13:44:13.934,9.97,101.28,68.2,78.9,0.0,8,0.6188,66.15
2026-04-19T13:44:14.043,9.98,99.85,68.2,79.5,0.0,7,0.6203,66.13
2026-04-19T13:44:14.151,9.98,99.64,68.2,79.5,0.0,8,0.5823,66.11
2026-04-19T13:44:14.257,10.0,98.62,68.2,79.5,0.0,7,0.5901,66.08
2026-04-19T13:44:14.362,10.02,97.63,68.2,79.5,0.0,10,0.5132,66.06
2026-04-19T13:44:14.470,10.03,98.92,68.2,79.5,0.0,7,0.5716,66.04
2026-04-19T13:44:14.582,10.01,102.06,68.2,79.2,0.0,6,0.665,66.03
2026-04-19T13:44:14.688,10.03,97.62,68.2,79.2,0.0,7,0.5664,66.0
2026-04-19T13:44:14.795,10.05,97.6,68.2,79.2,0.0,7,0.5076,65.98
2026-04-19T13:44:14.908,9.98,106.87,68.2,79.2,0.0,7,0.5725,65.97
2026-04-19T13:44:15.015,10.0,97.65,68.2,79.2,0.0,9,0.4631,65.95
2026-04-19T13:44:15.127,9.97,103.06,68.2,81.2,0.0,7,0.4675,65.94
2026-04-19T13:44:15.229,10.0,97.28,68.2,81.2,0.0,5,0.5389,65.91
2026-04-19T13:44:15.333,10.06,94.69,68.2,81.2,0.0,7,0.435,65.89
2026-04-19T13:44:15.444,10.02,102.64,68.2,81.2,0.0,4,0.6322,65.88
2026-04-19T13:44:15.555,10.01,101.6,68.2,81.2,0.0,4,0.4982,65.86
2026-04-19T13:44:15.667,9.99,101.17,68.2,79.7,0.0,4,0.5649,65.86
2026-04-19T13:44:15.775,10.0,99.55,68.2,79.7,0.0,7,0.4521,65.84
2026-04-19T13:44:15.884,10.0,99.43,68.2,79.7,0.0,8,0.4647,65.82
2026-04-19T13:44:15.992,10.02,98.73,68.2,79.7,0.0,5,0.5221,65.81
2026-04-19T13:44:16.100,10.02,99.02,68.2,79.1,0.0,8,0.4041,65.79
2026-04-19T13:44:16.204,10.04,98.53,68.2,79.1,0.0,8,0.464,65.77
2026-04-19T13:44:16.312,10.04,99.25,68.2,79.1,0.0,5,0.5896,65.75
2026-04-19T13:44:16.421,10.04,100.1,68.2,79.1,0.0,6,0.5062,65.74
2026-04-19T13:44:16.530,10.03,100.14,68.2,79.1,0.0,6,0.6082,65.72
2026-04-19T13:44:16.641,10.01,101.87,68.2,79.7,0.0,7,0.5154,65.71
2026-04-19T13:44:16.749,10.02,99.1,68.2,79.7,0.0,6,0.6075,65.7
2026-04-19T13:44:16.854,10.05,96.74,68.2,79.7,0.0,7,0.5448,65.68
2026-04-19T13:44:16.963,10.05,99.65,68.2,79.7,0.0,6,0.5879,65.66
2026-04-19T13:44:17.077,9.99,105.05,68.2,77.6,0.0,6,0.5687,65.66
2026-04-19T13:44:17.189,9.96,103.31,68.2,77.6,0.0,11,0.4807,65.65
2026-04-19T13:44:17.297,9.98,98.33,68.2,77.6,0.0,10,0.5462,65.64
2026-04-19T13:44:17.407,9.98,100.49,68.2,77.6,0.0,8,0.5976,65.63
2026-04-19T13:44:17.515,9.99,98.63,68.2,77.6,0.0,8,0.5541,65.61
2026-04-19T13:44:17.631,9.93,106.3,68.2,77.7,0.0,7,0.5247,65.61
2026-04-19T13:44:17.739,9.95,98.98,68.2,77.7,0.0,8,0.5289,65.6
2026-04-19T13:44:17.846,9.97,97.81,68.2,77.7,0.0,8,0.5533,65.58
2026-04-19T13:44:17.958,9.95,103.14,68.2,77.7,0.0,6,0.6018,65.57
2026-04-19T13:44:18.068,9.95,100.29,68.2,77.7,0.0,6,0.5903,65.56
2026-04-19T13:44:18.181,9.92,103.39,68.2,79.1,0.0,7,0.5494,65.56
2026-04-19T13:44:18.289,9.94,98.93,68.2,79.1,0.0,5,0.6023,65.54
2026-04-19T13:44:18.397,9.95,99.51,68.2,79.1,0.0,6,0.5026,65.53
2026-04-19T13:44:18.508,9.94,101.61,68.2,79.1,0.0,5,0.6288,65.52
2026-04-19T13:44:18.616,9.92,102.73,68.2,80.5,0.0,6,0.5635,65.51
2026-04-19T13:44:18.725,9.93,99.83,68.2,80.5,0.0,5,0.6359,65.5
2026-04-19T13:44:18.828,9.96,97.31,68.2,80.5,0.0,5,0.6189,65.48
2026-04-19T13:44:18.934,9.99,97.33,68.2,80.5,0.0,5,0.6237,65.46
2026-04-19T13:44:19.035,10.03,95.93,68.2,80.5,0.0,5,0.6114,65.44
2026-04-19T13:44:19.141,10.05,97.92,68.2,79.1,0.0,5,0.5335,65.42
2026-04-19T13:44:19.246,10.06,98.16,68.2,79.1,0.0,5,0.5357,65.41
2026-04-19T13:44:19.354,10.07,98.67,68.2,79.1,0.0,6,0.5306,65.39
2026-04-19T13:44:19.463,10.06,100.85,68.2,79.1,0.0,6,0.5839,65.38
2026-04-19T13:44:19.566,10.07,98.01,68.2,79.1,0.0,6,0.575,65.36
2026-04-19T13:44:19.673,10.08,98.24,68.2,78.3,0.0,5,0.6048,65.35
2026-04-19T13:44:19.780,10.09,98.58,68.2,78.3,0.0,5,0.6777,65.34
2026-04-19T13:44:19.889,10.07,100.62,68.2,78.3,0.0,7,0.6042,65.33
2026-04-19T13:44:19.994,10.08,98.21,68.2,78.3,0.0,7,0.5838,65.31
2026-04-19T13:44:20.097,10.11,96.73,68.2,78.3,0.0,6,0.6529,65.29
2026-04-19T13:44:20.209,10.11,98.82,68.2,77.9,0.0,7,0.5945,65.29
2026-04-19T13:44:20.317,10.12,98.1,68.2,77.9,0.0,7,0.6301,65.28
2026-04-19T13:44:20.421,10.12,98.61,68.2,77.9,0.0,8,0.6163,65.26
2026-04-19T13:44:20.549,9.92,118.34,68.2,77.9,0.0,8,0.646,65.28
2026-04-19T13:44:20.667,9.83,109.88,68.2,83.6,0.0,10,0.5116,65.28
2026-04-19T13:44:20.774,9.88,96.83,68.2,83.6,0.0,9,0.5828,65.27
2026-04-19T13:44:20.882,9.89,100.25,68.2,83.6,0.0,9,0.4746,65.26
2026-04-19T13:44:20.994,9.88,102.65,68.2,83.6,0.0,7,0.5425,65.26
2026-04-19T13:44:21.115,9.77,112.33,68.2,80.8,0.0,8,0.5577,65.27
2026-04-19T13:44:21.233,9.71,108.38,68.2,80.8,0.0,7,0.6236,65.27
2026-04-19T13:44:21.349,9.67,107.49,68.2,80.8,0.0,6,0.6443,65.27
2026-04-19T13:44:21.471,9.55,116.24,68.2,80.8,0.0,7,0.627,65.28
2026-04-19T13:44:21.584,9.54,106.26,68.2,80.8,0.0,7,0.6734,65.28
2026-04-19T13:44:21.700,9.51,107.44,68.2,89.3,0.0,7,0.6173,65.28
2026-04-19T13:44:21.816,9.5,106.3,68.2,89.3,0.0,6,0.6826,65.28
2026-04-19T13:44:21.924,9.55,100.31,68.2,89.3,0.0,8,0.5947,65.27
2026-04-19T13:44:22.031,9.61,98.0,68.2,89.3,0.0,8,0.5645,65.26
2026-04-19T13:44:22.139,9.63,101.4,68.2,84.8,0.0,7,0.612,65.25
2026-04-19T13:44:22.243,9.72,94.7,68.2,84.8,0.0,9,0.5373,65.23
2026-04-19T13:44:22.352,9.75,100.09,68.2,84.8,0.0,7,0.5622,65.22
2026-04-19T13:44:22.461,9.75,102.54,68.2,84.8,0.0,7,0.5903,65.22
2026-04-19T13:44:22.570,9.78,98.99,68.2,84.8,0.0,7,0.6,65.21
2026-04-19T13:44:22.683,9.76,104.32,68.2,79.1,0.0,8,0.5753,65.21
2026-04-19T13:44:22.794,9.77,101.49,68.2,79.1,0.0,8,0.5808,65.2
2026-04-19T13:44:22.906,9.78,101.45,68.2,79.1,0.0,7,0.646,65.19
2026-04-19T13:44:23.018,9.77,103.36,68.2,79.1,0.0,6,0.7062,65.19
2026-04-19T13:44:23.132,9.74,105.42,68.2,82.4,0.0,9,0.5772,65.19
2026-04-19T13:44:23.239,9.76,100.58,68.2,82.4,0.0,8,0.565,65.18
2026-04-19T13:44:23.347,9.79,99.15,68.2,82.4,0.0,7,0.6067,65.17
2026-04-19T13:44:23.453,9.81,100.07,68.2,82.4,0.0,8,0.5754,65.16
2026-04-19T13:44:23.562,9.82,100.51,68.2,82.4,0.0,9,0.5859,65.15
2026-04-19T13:44:23.676,9.8,103.98,68.2,78.2,0.0,8,0.6123,65.15
2026-04-19T13:44:23.782,9.82,100.09,68.2,78.2,0.0,9,0.5662,65.14
2026-04-19T13:44:23.894,9.81,102.72,68.2,78.2,0.0,10,0.5299,65.13
2026-04-19T13:44:24.004,9.82,100.76,68.2,78.2,0.0,9,0.5435,65.13
2026-04-19T13:44:24.110,9.86,98.25,68.2,78.2,0.0,9,0.6007,65.12
2026-04-19T13:44:24.223,9.84,103.58,68.2,79.2,0.0,10,0.5942,65.11
2026-04-19T13:44:24.334,9.86,99.0,68.2,79.2,0.0,8,0.6003,65.11
2026-04-19T13:44:24.442,9.89,98.3,68.2,79.2,0.0,7,0.6145,65.1
2026-04-19T13:44:24.552,9.9,100.77,68.2,79.2,0.0,8,0.644,65.1
2026-04-19T13:44:24.664,9.88,102.57,68.2,80.5,0.0,8,0.63,65.09
2026-04-19T13:44:24.767,9.94,95.72,68.2,80.5,0.0,7,0.6839,65.08
2026-04-19T13:44:24.879,9.92,102.32,68.2,80.5,0.0,7,0.6896,65.07
2026-04-19T13:44:24.986,9.95,98.0,68.2,80.5,0.0,7,0.6193,65.06
2026-04-19T13:44:25.090,10.0,94.69,68.2,80.5,0.0,6,0.6788,65.05
2026-04-19T13:44:25.199,10.01,99.61,68.2,79.7,0.0,7,0.6285,65.04
2026-04-19T13:44:25.306,10.03,98.14,68.2,79.7,0.0,6,0.7437,65.03
2026-04-19T13:44:25.413,10.04,97.95,68.2,79.7,0.0,6,0.6839,65.03
2026-04-19T13:44:25.554,9.73,131.35,68.2,79.7,0.0,6,0.7171,65.06
2026-04-19T13:44:25.697,9.44,134.14,68.3,85.1,0.0,6,0.7098,65.09
2026-04-19T13:44:25.819,9.37,113.9,68.3,85.1,0.0,6,0.7157,65.1
2026-04-19T13:44:25.938,9.35,109.75,68.3,85.1,0.0,6,0.7429,65.11
2026-04-19T13:44:26.054,9.34,107.82,68.3,85.1,0.0,6,0.7623,65.11
2026-04-19T13:44:26.159,9.41,98.56,68.5,93.1,0.0,6,0.7559,65.1
2026-04-19T13:44:26.260,9.51,95.76,68.5,93.1,0.0,7,0.7041,65.08
2026-04-19T13:44:26.366,9.59,95.89,68.5,93.1,0.0,7,0.687,65.07
2026-04-19T13:44:26.475,9.61,101.98,68.5,93.1,0.0,7,0.6919,65.06
2026-04-19T13:44:26.583,9.66,98.76,68.5,93.1,0.0,6,0.7145,65.06
2026-04-19T13:44:26.690,9.68,101.88,68.4,82.3,0.0,5,0.7916,65.05
2026-04-19T13:44:26.794,9.75,95.26,68.4,82.3,0.0,5,0.7955,65.04
2026-04-19T13:44:26.903,9.77,100.67,68.4,82.3,0.0,5,0.7295,65.03
2026-04-19T13:44:27.010,9.81,98.8,68.4,82.3,0.0,5,0.6933,65.02
2026-04-19T13:44:27.117,9.85,97.14,68.4,82.3,0.0,4,0.7348,65.01
2026-04-19T13:44:27.227,9.85,102.01,68.4,78.2,0.0,5,0.6716,65.01
2026-04-19T13:44:27.330,9.88,98.25,68.4,78.2,0.0,5,0.6911,64.99
2026-04-19T13:44:27.438,9.9,99.14,68.4,78.2,0.0,5,0.6787,64.99
2026-04-19T13:44:27.545,9.9,100.7,68.4,78.2,0.0,5,0.6768,64.98
2026-04-19T13:44:27.653,9.91,100.07,68.4,78.2,0.0,5,0.6916,64.97
2026-04-19T13:44:27.768,9.86,106.27,68.4,78.3,0.0,5,0.7194,64.97
2026-04-19T13:44:27.881,9.83,104.05,68.4,78.3,0.0,4,0.6947,64.97
2026-04-19T13:44:27.992,9.83,102.2,68.4,78.3,0.0,4,0.6182,64.97
2026-04-19T13:44:28.095,9.86,98.24,68.4,78.3,0.0,4,0.6039,64.95
2026-04-19T13:44:28.206,9.85,102.93,68.3,82.7,0.0,3,0.6484,64.95
2026-04-19T13:44:28.313,9.88,98.72,68.3,82.7,0.0,2,0.79,64.94
2026-04-19T13:44:28.419,9.88,100.6,68.3,82.7,0.0,2,0.6382,64.93
2026-04-19T13:44:28.529,9.88,101.66,68.3,82.7,0.0,1,0.8761,64.93
2026-04-19T13:44:28.639,9.87,102.46,68.3,82.7,0.0,1,0.8952,64.92
2026-04-19T13:44:28.749,9.85,102.49,68.3,82.1,0.0,2,0.6831,64.92
2026-04-19T13:44:28.857,9.88,99.29,68.3,82.1,0.0,2,0.6225,64.91
2026-04-19T13:44:28.962,9.91,98.01,68.3,82.1,0.0,3,0.5251,64.9
2026-04-19T13:44:29.071,9.91,101.13,68.3,82.1,0.0,2,0.6929,64.9
2026-04-19T13:44:29.189,9.86,106.09,68.3,80.0,0.0,3,0.5749,64.9
2026-04-19T13:44:29.295,9.89,97.49,68.3,80.0,0.0,2,0.6813,64.89
2026-04-19T13:44:29.400,9.94,96.3,68.3,80.0,0.0,4,0.4832,64.88
2026-04-19T13:44:29.503,10.0,94.51,68.3,80.0,0.0,2,0.604,64.87
2026-04-19T13:44:29.607,10.01,99.24,68.3,80.0,0.0,2,0.6556,64.86
2026-04-19T13:44:29.715,9.99,102.3,68.3,81.4,0.0,2,0.6771,64.85
2026-04-19T13:44:29.821,10.01,97.65,68.3,81.4,0.0,3,0.591,64.85
2026-04-19T13:44:29.925,10.03,97.84,68.3,81.4,0.0,3,0.5795,64.84
2026-04-19T13:44:30.028,10.04,98.5,68.3,81.4,0.0,4,0.3545,64.82
2026-04-19T13:44:30.136,10.04,99.72,68.3,81.4,0.0,3,0.3691,64.82
2026-04-19T13:44:30.239,10.07,96.8,68.3,81.3,0.0,3,0.3541,64.81
2026-04-19T13:44:30.344,10.07,99.36,68.3,81.3,0.0,3,0.3657,64.8
2026-04-19T13:44:30.448,10.09,97.67,68.3,81.3,0.0,2,0.3589,64.79
2026-04-19T13:44:30.555,10.09,98.75,68.3,81.3,0.0,4,0.4469,64.78
2026-04-19T13:44:30.660,10.09,99.36,68.3,81.3,0.0,3,0.5022,64.77
2026-04-19T13:44:30.767,10.06,101.74,68.3,79.8,0.0,3,0.4761,64.76
2026-04-19T13:44:30.876,10.04,101.04,68.3,79.8,0.0,3,0.559,64.76
2026-04-19T13:44:30.983,10.05,98.91,68.3,79.8,0.0,4,0.4965,64.75
2026-04-19T13:44:31.090,10.06,98.46,68.3,79.8,0.0,3,0.5537,64.74
2026-04-19T13:44:31.195,10.08,97.89,68.3,79.8,0.0,4,0.5352,64.74
2026-04-19T13:44:31.304,10.09,97.93,68.3,78.3,0.0,3,0.5019,64.73
2026-04-19T13:44:31.410,10.1,97.85,68.3,78.3,0.0,3,0.4652,64.72
2026-04-19T13:44:31.540,9.88,121.43,68.3,78.3,0.0,3,0.558,64.74
2026-04-19T13:44:31.652,9.86,103.15,68.3,78.3,0.0,4,0.3959,64.74
2026-04-19T13:44:31.762,9.86,101.55,68.3,85.6,0.0,5,0.3611,64.74
2026-04-19T13:44:31.869,9.89,97.95,68.3,85.6,0.0,4,0.3974,64.73
2026-04-19T13:44:31.982,9.86,104.1,68.3,85.6,0.0,7,0.4297,64.73
2026-04-19T13:44:32.101,9.78,109.93,68.3,85.6,0.0,6,0.4783,64.73
2026-04-19T13:44:32.217,9.73,107.7,68.3,85.9,0.0,6,0.4831,64.74
2026-04-19T13:44:32.332,9.69,106.89,68.3,85.9,0.0,6,0.5458,64.74
2026-04-19T13:44:32.447,9.63,110.06,68.3,85.9,0.0,6,0.4903,64.74
2026-04-19T13:44:32.563,9.6,107.2,68.3,85.9,0.0,6,0.4265,64.74
2026-04-19T13:44:32.681,9.54,109.92,68.3,85.9,0.0,6,0.5099,64.75
2026-04-19T13:44:32.804,9.46,114.39,68.3,87.0,0.0,5,0.5314,64.76
2026-04-19T13:44:32.931,9.35,117.38,68.3,87.0,0.0,7,0.4631,64.77
2026-04-19T13:44:33.039,9.43,98.79,68.3,87.0,0.0,5,0.5305,64.76
2026-04-19T13:44:33.143,9.52,96.05,68.3,87.0,0.0,7,0.5041,64.76
2026-04-19T13:44:33.248,9.57,99.21,68.3,85.2,0.0,7,0.5337,64.75
2026-04-19T13:44:33.352,9.63,97.99,68.3,85.2,0.0,6,0.5229,64.74
2026-04-19T13:44:33.459,9.68,98.28,68.3,85.2,0.0,4,0.4986,64.73
2026-04-19T13:44:33.567,9.72,99.13,68.3,85.2,0.0,8,0.4396,64.73
2026-04-19T13:44:33.675,9.76,99.05,68.3,85.2,0.0,6,0.5212,64.72
2026-04-19T13:44:33.782,9.77,101.27,68.3,80.3,0.0,6,0.4744,64.71
2026-04-19T13:44:33.962,9.15,171.78,68.3,80.3,0.0,5,0.5289,64.78
2026-04-19T13:44:34.070,9.23,99.55,68.3,80.3,0.0,4,0.6045,64.77
2026-04-19T13:44:34.178,9.31,99.13,68.3,80.3,0.0,4,0.5393,64.77
2026-04-19T13:44:34.286,9.37,99.99,68.3,82.2,0.0,5,0.5287,64.76
2026-04-19T13:44:34.402,9.36,108.11,68.3,82.2,0.0,3,0.6775,64.77
2026-04-19T13:44:34.510,9.42,100.43,68.3,82.2,0.0,6,0.5606,64.76
2026-04-19T13:44:34.621,9.46,101.77,68.3,82.2,0.0,6,0.6002,64.76
2026-04-19T13:44:34.724,9.55,95.46,68.3,82.2,0.0,5,0.6163,64.75
2026-04-19T13:44:34.835,9.56,103.28,68.3,79.1,0.0,5,0.5468,64.75
2026-04-19T13:44:34.942,9.61,98.95,68.3,79.1,0.0,4,0.6316,64.74
2026-04-19T13:44:35.050,9.66,98.79,68.3,79.1,0.0,3,0.7148,64.73
2026-04-19T13:44:35.158,9.7,99.63,68.3,79.1,0.0,3,0.7497,64.73
2026-04-19T13:44:35.267,9.72,100.82,68.3,77.5,0.0,4,0.6869,64.73
2026-04-19T13:44:35.373,9.77,97.87,68.3,77.5,0.0,3,0.6989,64.72
2026-04-19T13:44:35.478,9.82,96.97,68.3,77.5,0.0,3,0.7534,64.71
2026-04-19T13:44:35.586,9.85,99.06,68.3,77.5,0.0,3,0.7738,64.71
2026-04-19T13:44:35.693,9.87,99.29,68.3,77.5,0.0,5,0.607,64.7
2026-04-19T13:44:35.806,9.85,103.56,68.3,80.6,0.0,4,0.6513,64.7
2026-04-19T13:44:35.915,9.83,103.37,68.3,80.6,0.0,4,0.6711,64.7
2026-04-19T13:44:36.023,9.86,98.82,68.3,80.6,0.0,4,0.7746,64.69
2026-04-19T13:44:36.128,9.91,96.54,68.3,80.6,0.0,6,0.6363,64.68
2026-04-19T13:44:36.230,9.94,97.03,68.3,80.6,0.0,4,0.6786,64.67
2026-04-19T13:44:36.336,9.96,98.87,68.3,83.1,0.0,6,0.5832,64.67
2026-04-19T13:44:36.442,9.98,98.35,68.3,83.1,0.0,6,0.5384,64.66
2026-04-19T13:44:36.550,9.98,100.51,68.3,83.1,0.0,4,0.5419,64.66
2026-04-19T13:44:36.659,9.98,100.24,68.3,83.1,0.0,5,0.4382,64.65
2026-04-19T13:44:36.769,9.96,102.47,68.3,81.5,0.0,2,0.6034,64.65
2026-04-19T13:44:36.874,9.96,100.27,68.3,81.5,0.0,2,0.6276,64.64
2026-04-19T13:44:36.975,10.0,96.34,68.3,81.5,0.0,4,0.5325,64.63
2026-04-19T13:44:37.080,10.03,96.52,68.3,81.5,0.0,3,0.6243,64.62
2026-04-19T13:44:37.186,10.05,98.15,68.3,81.5,0.0,3,0.6276,64.62
2026-04-19T13:44:37.292,10.04,99.9,68.3,77.3,0.0,2,0.7636,64.61
2026-04-19T13:44:37.400,10.04,99.69,68.3,77.3,0.0,3,0.6664,64.61
2026-04-19T13:44:37.512,10.0,104.04,68.3,77.3,0.0,2,0.7982,64.61
2026-04-19T13:44:37.619,10.01,98.77,68.3,77.3,0.0,4,0.6553,64.6
2026-04-19T13:44:37.728,10.01,100.45,68.3,77.3,0.0,3,0.6816,64.6
2026-04-19T13:44:37.839,9.98,102.38,68.3,79.7,0.0,3,0.7147,64.6
2026-04-19T13:44:37.946,10.0,98.03,68.3,79.7,0.0,3,0.7355,64.59
2026-04-19T13:44:38.051,10.03,96.93,68.3,79.7,0.0,3,0.7229,64.58
2026-04-19T13:44:38.157,10.05,97.88,68.3,79.7,0.0,3,0.7332,64.58
2026-04-19T13:44:38.269,10.01,103.5,68.3,76.7,0.0,4,0.5984,64.58
2026-04-19T13:44:38.745,7.31,469.78,68.3,76.7,0.0,3,0.618,64.89
2026-04-19T13:44:38.919,7.16,165.36,68.3,97.0,0.0,3,0.6454,64.94
2026-04-19T13:44:39.024,7.38,97.91,68.3,97.0,0.0,2,0.704,64.93
2026-04-19T13:44:39.127,7.59,98.39,68.3,97.0,0.0,2,0.669,64.92
2026-04-19T13:44:39.235,7.77,100.19,68.3,97.0,0.0,3,0.5759,64.92
2026-04-19T13:44:39.344,7.95,100.49,68.2,81.1,0.0,2,0.7049,64.91
2026-04-19T13:44:39.449,8.12,98.24,68.2,81.1,0.0,2,0.6916,64.9
2026-04-19T13:44:39.555,8.28,100.6,68.2,81.1,0.0,2,0.5319,64.9
2026-04-19T13:44:39.665,8.4,102.51,68.2,81.1,0.0,2,0.5852,64.89
2026-04-19T13:44:39.770,8.56,96.79,68.2,81.1,0.0,1,0.7928,64.89
2026-04-19T13:44:39.882,8.69,99.8,68.2,78.1,0.0,1,0.816,64.89
2026-04-19T13:44:39.988,8.82,98.5,68.2,78.1,0.0,1,0.8346,64.88
2026-04-19T13:44:40.095,8.9,102.43,68.2,78.1,0.0,1,0.3437,64.87
2026-04-19T13:44:40.203,9.01,99.34,68.2,78.1,0.0,1,0.3344,64.87
2026-04-19T13:44:40.310,9.1,99.52,68.2,79.4,0.0,0,0.0,64.86
2026-04-19T13:44:40.415,9.2,97.48,68.2,79.4,0.0,1,0.3589,64.86
2026-04-19T13:44:40.524,9.27,100.64,68.2,79.4,0.0,1,0.4008,64.85
2026-04-19T13:44:40.630,9.36,98.36,68.2,79.4,0.0,2,0.3707,64.85
2026-04-19T13:44:40.735,9.44,97.18,68.2,79.4,0.0,1,0.4409,64.84
2026-04-19T13:44:40.846,9.46,103.6,68.2,79.1,0.0,1,0.4419,64.84
2026-04-19T13:44:40.952,9.53,98.55,68.2,79.1,0.0,2,0.4828,64.83
2026-04-19T13:44:41.060,9.58,98.91,68.2,79.1,0.0,2,0.5399,64.82
2026-04-19T13:44:41.168,9.62,99.72,68.2,79.1,0.0,2,0.4495,64.82
2026-04-19T13:44:41.275,9.67,99.19,68.2,79.1,0.0,1,0.3783,64.82
2026-04-19T13:44:41.385,9.67,103.55,68.2,80.6,0.0,1,0.3321,64.81
2026-04-19T13:44:41.503,9.61,109.54,68.2,80.6,0.0,0,0.0,64.82
2026-04-19T13:44:41.613,9.63,102.06,68.2,80.6,0.0,1,0.307,64.81
2026-04-19T13:44:41.721,9.66,100.69,68.2,80.6,0.0,2,0.356,64.81
2026-04-19T13:44:41.829,9.66,103.78,68.2,80.9,0.0,2,0.4276,64.8
2026-04-19T13:44:41.937,9.69,99.49,68.2,80.9,0.0,2,0.2915,64.8
2026-04-19T13:44:42.039,9.76,96.12,68.2,80.9,0.0,0,0.0,64.79
2026-04-19T13:44:42.146,9.79,99.57,68.2,80.9,0.0,1,0.3542,64.79
2026-04-19T13:44:42.254,9.81,99.43,68.2,80.9,0.0,1,0.2895,64.78
2026-04-19T13:44:42.364,9.81,102.27,68.2,80.7,0.0,0,0.0,64.78
2026-04-19T13:44:42.467,9.85,98.18,68.2,80.7,0.0,0,0.0,64.77
2026-04-19T13:44:42.571,9.89,97.3,68.2,80.7,0.0,0,0.0,64.76
2026-04-19T13:44:42.672,9.94,95.89,68.2,80.7,0.0,0,0.0,64.75
2026-04-19T13:44:42.781,9.93,101.19,68.2,80.7,0.0,1,0.2699,64.75
2026-04-19T13:44:42.910,9.74,120.92,68.2,78.1,0.0,1,0.3628,64.76
2026-04-19T13:44:43.023,9.72,105.03,68.2,78.1,0.0,1,0.319,64.76
2026-04-19T13:44:43.130,9.75,98.93,68.2,78.1,0.0,0,0.0,64.76
2026-04-19T13:44:43.236,9.79,98.47,68.2,78.1,0.0,0,0.0,64.75
2026-04-19T13:44:43.351,9.74,107.28,68.2,81.5,0.0,0,0.0,64.75
2026-04-19T13:44:43.465,9.69,107.8,68.2,81.5,0.0,0,0.0,64.75
2026-04-19T13:44:43.578,9.68,105.08,68.2,81.5,0.0,0,0.0,64.75
2026-04-19T13:44:43.695,9.62,108.93,68.2,81.5,0.0,0,0.0,64.75
2026-04-19T13:44:43.814,9.56,110.88,68.2,81.5,0.0,0,0.0,64.76
2026-04-19T13:44:43.937,9.5,111.59,68.2,89.6,0.0,1,0.317,64.77
2026-04-19T13:44:44.051,9.49,105.96,68.2,89.6,0.0,1,0.3418,64.77
2026-04-19T13:44:44.163,9.5,104.09,68.2,89.6,0.0,0,0.0,64.76
2026-04-19T13:44:44.270,9.55,99.44,68.2,89.6,0.0,1,0.4122,64.76
2026-04-19T13:44:44.375,9.62,97.63,68.2,84.4,0.0,2,0.3878,64.75
2026-04-19T13:44:44.480,9.67,98.49,68.2,84.4,0.0,2,0.3128,64.75
2026-04-19T13:44:44.585,9.74,96.54,68.2,84.4,0.0,1,0.3227,64.74
2026-04-19T13:44:44.695,9.73,103.4,68.2,84.4,0.0,2,0.3453,64.74
2026-04-19T13:44:44.803,9.76,99.3,68.2,84.4,0.0,5,0.3365,64.73
2026-04-19T13:44:44.913,9.74,105.1,68.2,78.9,0.0,3,0.4453,64.73
2026-04-19T13:44:45.020,9.77,99.25,68.2,78.9,0.0,4,0.362,64.73
2026-04-19T13:44:45.124,9.8,99.25,68.2,78.9,0.0,2,0.5147,64.72
2026-04-19T13:44:45.230,9.84,97.51,68.2,78.9,0.0,1,0.495,64.71
2026-04-19T13:44:45.339,9.82,103.74,68.2,78.1,0.0,3,0.306,64.71
2026-04-19T13:44:45.446,9.86,97.76,68.2,78.1,0.0,5,0.4148,64.71
2026-04-19T13:44:45.552,9.89,98.3,68.2,78.1,0.0,3,0.4552,64.7
2026-04-19T13:44:45.657,9.92,97.77,68.2,78.1,0.0,3,0.3309,64.69
2026-04-19T13:44:45.762,9.97,96.56,68.2,78.1,0.0,2,0.5808,64.69
2026-04-19T13:44:45.873,9.91,105.58,68.2,79.1,0.0,2,0.389,64.69
2026-04-19T13:44:45.979,9.95,97.52,68.2,79.1,0.0,3,0.5037,64.68
2026-04-19T13:44:46.083,9.96,98.98,68.2,79.1,0.0,3,0.5412,64.67
2026-04-19T13:44:46.189,9.99,97.96,68.2,79.1,0.0,3,0.4521,64.67
2026-04-19T13:44:46.297,9.99,99.91,68.2,79.1,0.0,3,0.5748,64.67
2026-04-19T13:44:46.404,10.0,98.98,68.2,77.5,0.0,3,0.5231,64.66
2026-04-19T13:44:46.513,10.0,100.04,68.2,77.5,0.0,4,0.5857,64.66
2026-04-19T13:44:46.615,10.04,95.83,68.2,77.5,0.0,3,0.5588,64.65
2026-04-19T13:44:46.723,10.04,99.4,68.2,77.5,0.0,5,0.5236,64.65
2026-04-19T13:44:46.827,10.08,95.68,68.2,77.5,0.0,4,0.4797,64.64
2026-04-19T13:44:46.940,10.03,103.96,68.2,78.1,0.0,6,0.4045,64.64
2026-04-19T13:44:47.048,10.03,100.14,68.2,78.1,0.0,4,0.4786,64.64
2026-04-19T13:44:47.156,10.03,99.27,68.2,78.1,0.0,4,0.463,64.63
2026-04-19T13:44:47.263,10.04,98.78,68.2,78.1,0.0,3,0.4128,64.63
2026-04-19T13:44:47.375,10.01,103.21,68.2,78.9,0.0,4,0.4354,64.63
2026-04-19T13:44:47.482,10.02,98.78,68.2,78.9,0.0,5,0.4718,64.62
2026-04-19T13:44:47.586,10.06,95.58,68.2,78.9,0.0,6,0.511,64.62
2026-04-19T13:44:47.694,10.06,99.75,68.2,78.9,0.0,5,0.4458,64.61
2026-04-19T13:44:47.800,10.07,98.53,68.2,78.9,0.0,4,0.4495,64.61
2026-04-19T13:44:47.914,10.01,104.93,68.3,79.2,0.0,2,0.6119,64.61
2026-04-19T13:44:48.022,10.01,99.92,68.3,79.2,0.0,3,0.6234,64.61
2026-04-19T13:44:48.123,10.08,92.98,68.3,79.2,0.0,4,0.5224,64.6
2026-04-19T13:44:48.228,10.1,97.21,68.3,79.2,0.0,4,0.59,64.59
2026-04-19T13:44:48.332,10.14,94.92,68.3,79.2,0.0,4,0.5476,64.59
2026-04-19T13:44:48.440,10.13,100.1,68.2,78.1,0.0,5,0.5898,64.58
2026-04-19T13:44:48.549,10.11,100.05,68.2,78.1,0.0,4,0.6974,64.58
2026-04-19T13:44:48.658,10.09,101.13,68.2,78.1,0.0,4,0.6929,64.58
2026-04-19T13:44:48.765,10.1,98.05,68.2,78.1,0.0,5,0.6046,64.57
2026-04-19T13:44:48.884,9.99,110.13,68.3,79.9,0.0,5,0.6381,64.58
2026-04-19T13:44:48.986,10.05,94.39,68.3,79.9,0.0,4,0.5997,64.57
2026-04-19T13:44:49.091,10.07,97.61,68.3,79.9,0.0,5,0.5746,64.56
2026-04-19T13:44:49.198,10.09,97.38,68.3,79.9,0.0,7,0.4896,64.56
2026-04-19T13:44:49.306,10.09,98.86,68.3,79.9,0.0,3,0.5873,64.56
2026-04-19T13:44:49.419,10.03,104.81,68.2,78.1,0.0,6,0.4772,64.56
2026-04-19T13:44:49.528,10.04,98.78,68.2,78.1,0.0,5,0.6223,64.55
2026-04-19T13:44:49.635,10.06,98.03,68.2,78.1,0.0,5,0.6042,64.55
2026-04-19T13:44:49.741,10.09,96.4,68.2,78.1,0.0,6,0.5123,64.55
2026-04-19T13:44:49.849,10.09,98.93,68.2,78.1,0.0,5,0.5722,64.54
2026-04-19T13:44:49.962,10.04,104.44,68.2,79.2,0.0,6,0.5028,64.54
2026-04-19T13:44:50.068,10.06,97.34,68.2,79.2,0.0,8,0.4077,64.54
2026-04-19T13:44:50.172,10.1,94.98,68.2,79.2,0.0,4,0.5109,64.53
2026-04-19T13:44:50.277,10.09,99.92,68.2,79.2,0.0,3,0.5121,64.53
2026-04-19T13:44:50.386,10.08,100.66,68.2,78.4,0.0,5,0.45,64.52
2026-04-19T13:44:50.489,10.1,96.8,68.2,78.4,0.0,5,0.4308,64.52
2026-04-19T13:44:50.594,10.09,100.49,68.2,78.4,0.0,6,0.4901,64.51
2026-04-19T13:44:50.700,10.11,97.26,68.2,78.4,0.0,5,0.5451,64.51
2026-04-19T13:44:50.803,10.12,97.26,68.2,78.4,0.0,5,0.6091,64.5
2026-04-19T13:44:50.918,10.04,106.67,68.2,79.1,0.0,5,0.629,64.5
2026-04-19T13:44:51.023,10.07,96.6,68.2,79.1,0.0,5,0.5174,64.5
2026-04-19T13:44:51.135,10.04,102.96,68.2,79.1,0.0,5,0.6057,64.5
2026-04-19T13:44:51.241,10.06,97.35,68.2,79.1,0.0,4,0.5916,64.49
2026-04-19T13:44:51.346,10.08,97.71,68.2,79.1,0.0,5,0.4544,64.49
2026-04-19T13:44:51.457,10.02,104.53,68.2,79.7,0.0,4,0.573,64.49
2026-04-19T13:44:51.562,10.04,98.37,68.2,79.7,0.0,4,0.5296,64.48
2026-04-19T13:44:51.669,10.05,98.52,68.2,79.7,0.0,4,0.5783,64.48
2026-04-19T13:44:51.776,10.06,98.64,68.2,79.7,0.0,5,0.5761,64.47
2026-04-19T13:44:51.884,10.05,100.43,68.2,79.7,0.0,4,0.6147,64.47
2026-04-19T13:44:51.993,10.06,98.15,68.2,77.5,0.0,4,0.6607,64.47
2026-04-19T13:44:52.098,10.09,96.47,68.2,77.5,0.0,4,0.6308,64.46
2026-04-19T13:44:52.205,10.09,98.79,68.2,77.5,0.0,4,0.597,64.46
2026-04-19T13:44:52.311,10.12,96.41,68.2,77.5,0.0,4,0.5703,64.46
2026-04-19T13:44:52.421,10.09,102.09,68.2,78.8,0.0,4,0.5529,64.45
2026-04-19T13:44:52.534,10.03,104.94,68.2,78.8,0.0,3,0.5826,64.45
2026-04-19T13:44:52.642,10.02,100.3,68.2,78.8,0.0,2,0.5686,64.45
2026-04-19T13:44:52.747,10.05,96.72,68.2,78.8,0.0,5,0.4764,64.45
2026-04-19T13:44:52.853,10.05,99.61,68.2,78.8,0.0,4,0.4281,64.44
2026-04-19T13:44:52.963,10.03,101.24,68.2,81.2,0.0,4,0.4991,64.44
2026-04-19T13:44:53.069,10.06,97.54,68.2,81.2,0.0,2,0.7603,64.44
2026-04-19T13:44:53.187,9.96,109.39,68.2,81.2,0.0,2,0.7542,64.44
2026-04-19T13:44:53.295,9.96,100.26,68.2,81.2,0.0,2,0.7725,64.44
2026-04-19T13:44:53.403,9.97,99.13,68.2,81.2,0.0,2,0.7283,64.44
2026-04-19T13:44:53.505,10.02,95.2,68.2,80.0,0.0,2,0.5213,64.43
2026-04-19T13:44:53.613,10.02,99.73,68.2,80.0,0.0,1,0.5496,64.43
2026-04-19T13:44:53.729,9.92,109.9,68.2,80.0,0.0,1,0.6167,64.43
2026-04-19T13:44:53.839,9.91,102.33,68.2,80.0,0.0,1,0.6549,64.43
2026-04-19T13:44:53.949,9.89,102.55,68.3,84.2,0.0,1,0.6349,64.43
2026-04-19T13:44:54.055,9.92,97.84,68.3,84.2,0.0,1,0.3375,64.42
2026-04-19T13:44:54.163,9.94,99.52,68.3,84.2,0.0,3,0.4099,64.42
2026-04-19T13:44:54.277,9.88,106.12,68.3,84.2,0.0,1,0.4997,64.42
2026-04-19T13:44:54.395,9.8,109.58,68.3,84.2,0.0,1,0.7063,64.42
2026-04-19T13:44:54.519,9.67,115.48,68.2,83.7,0.0,2,0.4598,64.43
2026-04-19T13:44:54.634,9.62,108.7,68.2,83.7,0.0,2,0.3506,64.43
2026-04-19T13:44:54.752,9.58,108.42,68.2,83.7,0.0,2,0.5492,64.43
2026-04-19T13:44:54.874,9.5,113.48,68.2,83.7,0.0,3,0.4843,64.44
2026-04-19T13:44:55.000,9.39,117.94,68.2,89.6,0.0,3,0.4674,64.45
2026-04-19T13:44:55.113,9.41,103.87,68.2,89.6,0.0,4,0.3596,64.45
2026-04-19T13:44:55.223,9.46,100.62,68.2,89.6,0.0,5,0.4442,64.45
2026-04-19T13:44:55.328,9.51,100.14,68.2,89.6,0.0,4,0.482,64.44
2026-04-19T13:44:55.448,9.46,110.6,68.2,78.3,0.0,5,0.4655,64.45
2026-04-19T13:44:55.560,9.48,103.66,68.2,78.3,0.0,4,0.5865,64.45
2026-04-19T13:44:55.672,9.5,103.31,68.2,78.3,0.0,4,0.5148,64.45
2026-04-19T13:44:55.783,9.5,104.85,68.2,78.3,0.0,4,0.5449,64.45
2026-04-19T13:44:55.896,9.52,103.27,68.2,78.3,0.0,4,0.596,64.45
2026-04-19T13:44:56.015,9.46,111.45,68.2,78.9,0.0,4,0.593,64.45
2026-04-19T13:44:56.126,9.48,103.44,68.2,78.9,0.0,5,0.4854,64.45
2026-04-19T13:44:56.238,9.51,102.26,68.2,78.9,0.0,4,0.5357,64.45
2026-04-19T13:44:56.343,9.56,100.13,68.2,78.9,0.0,4,0.5087,64.44
2026-04-19T13:44:56.455,9.57,103.36,68.0,79.2,0.0,3,0.5513,64.44
2026-04-19T13:44:56.568,9.58,103.74,68.0,79.2,0.0,4,0.5103,64.44
2026-04-19T13:44:56.679,9.6,101.96,68.0,79.2,0.0,4,0.5899,64.44
2026-04-19T13:44:56.790,9.62,102.25,68.0,79.2,0.0,3,0.6355,64.44
2026-04-19T13:44:56.903,9.61,104.87,68.0,79.2,0.0,3,0.5825,64.44
2026-04-19T13:44:57.019,9.58,106.95,68.1,82.2,0.0,3,0.564,64.45
2026-04-19T13:44:57.129,9.61,101.36,68.1,82.2,0.0,3,0.5689,64.44
2026-04-19T13:44:57.244,9.58,106.9,68.1,82.2,0.0,3,0.5972,64.45
2026-04-19T13:44:57.357,9.59,103.94,68.1,82.2,0.0,2,0.6562,64.45
2026-04-19T13:44:57.472,9.57,106.27,67.9,79.1,0.0,3,0.6402,64.45
2026-04-19T13:44:57.580,9.61,100.29,67.9,79.1,0.0,3,0.5787,64.44
2026-04-19T13:44:57.688,9.63,101.21,67.9,79.1,0.0,2,0.7517,64.44
2026-04-19T13:44:57.804,9.58,109.26,67.9,79.1,0.0,2,0.7494,64.44
2026-04-19T13:44:57.912,9.61,101.93,67.9,79.1,0.0,2,0.633,64.44
2026-04-19T13:44:58.027,9.55,109.86,68.0,83.0,0.0,2,0.5959,64.44
2026-04-19T13:44:58.139,9.57,102.35,68.0,83.0,0.0,3,0.5135,64.44
2026-04-19T13:44:58.246,9.59,102.6,68.0,83.0,0.0,3,0.5395,64.44
2026-04-19T13:44:58.360,9.57,106.27,68.0,83.0,0.0,3,0.6171,64.44
2026-04-19T13:44:58.482,9.5,112.92,67.8,81.2,0.0,3,0.6299,64.45
2026-04-19T13:44:58.588,9.55,99.33,67.8,81.2,0.0,2,0.6402,64.44
2026-04-19T13:44:58.701,9.55,104.51,67.8,81.2,0.0,1,0.779,64.44
2026-04-19T13:44:58.810,9.59,100.43,67.8,81.2,0.0,2,0.6038,64.44
2026-04-19T13:44:58.921,9.6,103.02,67.8,81.2,0.0,2,0.6553,64.44
2026-04-19T13:44:59.038,9.53,111.72,67.9,79.8,0.0,2,0.6003,64.44
2026-04-19T13:44:59.146,9.58,99.73,67.9,79.8,0.0,2,0.7291,64.44
2026-04-19T13:44:59.255,9.62,100.13,67.9,79.8,0.0,2,0.7294,64.44
2026-04-19T13:44:59.366,9.63,103.03,67.9,79.8,0.0,2,0.5921,64.44
2026-04-19T13:44:59.480,9.6,106.83,67.8,78.2,0.0,2,0.5312,64.44
2026-04-19T13:44:59.588,9.64,100.03,67.8,78.2,0.0,2,0.5924,64.44
2026-04-19T13:44:59.704,9.61,107.09,67.8,78.2,0.0,1,0.7841,64.44
2026-04-19T13:44:59.843,9.37,130.25,67.8,78.2,0.0,1,0.8225,64.45
2026-04-19T13:44:59.994,9.06,143.63,68.0,89.5,0.0,1,0.8045,64.47
2026-04-19T13:45:00.142,8.83,139.46,68.0,89.5,0.0,1,0.8132,64.49
2026-04-19T13:45:00.269,8.79,117.77,68.0,89.5,0.0,1,0.838,64.5
2026-04-19T13:45:00.391,8.79,113.65,68.0,89.5,0.0,1,0.7064,64.51
2026-04-19T13:45:00.509,8.81,112.09,68.1,96.2,0.0,1,0.5154,64.51
2026-04-19T13:45:00.619,8.87,105.12,68.1,96.2,0.0,1,0.6906,64.51
2026-04-19T13:45:00.731,8.95,103.05,68.1,96.2,0.0,0,0.0,64.51
2026-04-19T13:45:00.840,9.04,100.61,68.1,96.2,0.0,0,0.0,64.51
2026-04-19T13:45:00.950,9.1,102.63,68.1,96.2,0.0,1,0.2601,64.5
2026-04-19T13:45:01.066,9.12,107.78,68.1,83.2,0.0,2,0.2809,64.51
2026-04-19T13:45:01.177,9.18,102.57,68.1,83.2,0.0,2,0.3045,64.51
2026-04-19T13:45:01.286,9.25,100.24,68.1,83.2,0.0,3,0.2817,64.5
2026-04-19T13:45:01.396,9.31,101.66,68.1,83.2,0.0,1,0.384,64.5
2026-04-19T13:45:01.513,9.29,109.36,68.0,76.9,0.0,3,0.3484,64.5
2026-04-19T13:45:01.622,9.35,100.81,68.0,76.9,0.0,3,0.4416,64.5
2026-04-19T13:45:01.730,9.42,99.43,68.0,76.9,0.0,3,0.4395,64.5
2026-04-19T13:45:01.845,9.41,107.47,68.0,76.9,0.0,2,0.4093,64.5
2026-04-19T13:45:01.955,9.45,101.4,68.0,76.9,0.0,2,0.541,64.5
2026-04-19T13:45:02.068,9.46,105.1,68.1,82.2,0.0,3,0.4834,64.5
2026-04-19T13:45:02.179,9.48,102.65,68.1,82.2,0.0,3,0.4149,64.5
2026-04-19T13:45:02.289,9.52,101.35,68.1,82.2,0.0,3,0.4566,64.5
2026-04-19T13:45:02.398,9.56,100.84,68.1,82.2,0.0,4,0.3892,64.5
2026-04-19T13:45:02.514,9.5,110.8,68.0,78.1,0.0,4,0.4507,64.5
2026-04-19T13:45:02.621,9.54,101.7,68.0,78.1,0.0,4,0.4377,64.49
2026-04-19T13:45:02.731,9.55,102.72,68.0,78.1,0.0,4,0.4376,64.49
2026-04-19T13:45:02.839,9.6,99.95,68.0,78.1,0.0,5,0.4736,64.49
2026-04-19T13:45:02.974,9.4,126.57,68.0,78.1,0.0,5,0.4978,64.5
2026-04-19T13:45:03.091,9.39,107.62,68.0,86.3,0.0,5,0.5003,64.5
2026-04-19T13:45:03.200,9.45,99.62,68.0,86.3,0.0,5,0.5024,64.5
2026-04-19T13:45:03.311,9.44,106.14,68.0,86.3,0.0,6,0.4954,64.5
2026-04-19T13:45:03.423,9.47,102.48,68.0,86.3,0.0,7,0.4762,64.5
2026-04-19T13:45:03.541,9.44,109.1,68.0,80.5,0.0,4,0.5075,64.5
2026-04-19T13:45:03.650,9.49,100.77,68.0,80.5,0.0,6,0.4337,64.5
2026-04-19T13:45:03.765,9.49,105.11,68.0,80.5,0.0,4,0.4788,64.5
2026-04-19T13:45:03.877,9.51,103.02,68.0,80.5,0.0,6,0.3846,64.5
2026-04-19T13:45:03.988,9.52,104.54,68.0,80.5,0.0,7,0.3929,64.5
2026-04-19T13:45:04.100,9.54,102.15,68.0,80.0,0.0,4,0.5176,64.5
2026-04-19T13:45:04.206,9.58,101.19,68.0,80.0,0.0,3,0.5353,64.5
2026-04-19T13:45:04.319,9.57,105.19,68.0,80.0,0.0,3,0.6396,64.5
2026-04-19T13:45:04.426,9.63,97.76,68.0,80.0,0.0,6,0.5264,64.5
2026-04-19T13:45:04.545,9.57,110.42,68.0,81.3,0.0,6,0.5409,64.5
2026-04-19T13:45:04.652,9.63,98.06,68.0,81.3,0.0,6,0.4804,64.5
2026-04-19T13:45:04.764,9.62,104.61,68.0,81.3,0.0,5,0.5747,64.5
2026-04-19T13:45:04.875,9.64,102.59,68.0,81.3,0.0,5,0.5596,64.49
2026-04-19T13:45:04.983,9.65,101.98,68.0,81.3,0.0,5,0.5114,64.49
2026-04-19T13:45:05.118,9.45,125.92,68.0,79.7,0.0,4,0.5305,64.5
2026-04-19T13:45:05.248,9.32,120.54,68.0,79.7,0.0,4,0.5812,64.51
2026-04-19T13:45:05.366,9.3,109.85,68.0,79.7,0.0,3,0.6518,64.52
2026-04-19T13:45:05.480,9.32,104.56,68.0,79.7,0.0,4,0.5843,64.52
2026-04-19T13:45:05.603,9.26,114.85,68.0,93.0,0.0,4,0.5698,64.52
2026-04-19T13:45:05.726,9.2,114.55,68.0,93.0,0.0,4,0.5688,64.53
2026-04-19T13:45:05.863,9.04,127.92,68.0,93.0,0.0,3,0.6016,64.54
2026-04-19T13:45:05.987,9.01,114.78,68.0,93.0,0.0,5,0.496,64.55
2026-04-19T13:45:06.118,8.92,121.43,67.9,90.5,0.0,6,0.4605,64.55
2026-04-19T13:45:06.238,8.93,110.93,67.9,90.5,0.0,5,0.5519,64.56
2026-04-19T13:45:06.363,8.91,115.17,67.9,90.5,0.0,5,0.539,64.56
2026-04-19T13:45:06.477,8.97,104.6,67.9,90.5,0.0,7,0.4998,64.57
2026-04-19T13:45:06.589,9.04,103.18,67.9,88.3,0.0,7,0.5155,64.56
2026-04-19T13:45:06.703,9.09,103.66,67.9,88.3,0.0,7,0.537,64.57
2026-04-19T13:45:06.814,9.16,101.96,67.9,88.3,0.0,4,0.5424,64.56
2026-04-19T13:45:06.928,9.19,105.63,67.9,88.3,0.0,5,0.5568,64.57
2026-04-19T13:45:07.044,9.21,106.7,67.8,80.6,0.0,4,0.6215,64.57
2026-04-19T13:45:07.158,9.24,105.35,67.8,80.6,0.0,4,0.6005,64.57
2026-04-19T13:45:07.269,9.28,103.65,67.8,80.6,0.0,5,0.5835,64.57
2026-04-19T13:45:07.376,9.33,101.0,67.8,80.6,0.0,5,0.5858,64.56
2026-04-19T13:45:07.488,9.37,103.43,67.8,80.6,0.0,5,0.5382,64.56
2026-04-19T13:45:07.601,9.38,104.74,67.8,80.5,0.0,5,0.5434,64.56
2026-04-19T13:45:07.709,9.42,102.37,67.8,80.5,0.0,5,0.5217,64.56
2026-04-19T13:45:07.816,9.49,98.39,67.8,80.5,0.0,5,0.5935,64.56
2026-04-19T13:45:07.930,9.49,104.94,67.8,80.5,0.0,5,0.543,64.56
2026-04-19T13:45:08.044,9.51,104.17,67.9,78.9,0.0,5,0.6262,64.56
2026-04-19T13:45:08.155,9.53,101.97,67.9,78.9,0.0,5,0.5635,64.56
2026-04-19T13:45:08.263,9.56,102.62,67.9,78.9,0.0,4,0.5855,64.56
2026-04-19T13:45:08.377,9.55,104.88,67.9,78.9,0.0,4,0.5138,64.56
2026-04-19T13:45:08.488,9.58,101.99,67.9,78.9,0.0,5,0.4654,64.55
2026-04-19T13:45:08.604,9.55,107.16,67.8,79.1,0.0,4,0.4277,64.56
2026-04-19T13:45:08.736,9.39,123.14,67.8,79.1,0.0,3,0.5669,64.57
2026-04-19T13:45:08.849,9.39,105.63,67.8,79.1,0.0,3,0.5938,64.57
2026-04-19T13:45:08.959,9.45,100.48,67.8,79.1,0.0,3,0.5408,64.56
2026-04-19T13:45:09.071,9.46,104.12,67.8,81.5,0.0,3,0.555,64.56
2026-04-19T13:45:09.187,9.45,107.31,67.8,81.5,0.0,3,0.5393,64.57
2026-04-19T13:45:09.298,9.48,101.84,67.8,81.5,0.0,4,0.568,64.56
2026-04-19T13:45:09.408,9.52,101.34,67.8,81.5,0.0,4,0.4846,64.56
2026-04-19T13:45:09.515,9.55,102.08,67.8,81.5,0.0,4,0.4981,64.56
2026-04-19T13:45:09.632,9.52,108.29,67.9,80.9,0.0,5,0.4949,64.56
2026-04-19T13:45:09.746,9.49,108.37,67.9,80.9,0.0,5,0.4552,64.56
2026-04-19T13:45:09.860,9.49,104.88,67.9,80.9,0.0,5,0.5715,64.56
2026-04-19T13:45:09.971,9.51,102.79,67.9,80.9,0.0,4,0.5243,64.56
2026-04-19T13:45:10.112,9.28,132.0,67.8,83.0,0.0,5,0.4589,64.58
2026-04-19T13:45:10.251,9.09,129.66,67.8,83.0,0.0,6,0.5089,64.59
2026-04-19T13:45:10.382,9.0,121.49,67.8,83.0,0.0,5,0.51,64.6
2026-04-19T13:45:10.503,8.99,112.75,67.8,83.0,0.0,4,0.5603,64.6
2026-04-19T13:45:10.620,9.01,108.15,67.9,94.7,0.0,4,0.5804,64.6
2026-04-19T13:45:10.736,9.05,106.34,67.9,94.7,0.0,6,0.5161,64.6
2026-04-19T13:45:10.847,9.12,101.87,67.9,94.7,0.0,4,0.5896,64.6
2026-04-19T13:45:10.960,9.17,104.09,67.9,94.7,0.0,6,0.4736,64.6
2026-04-19T13:45:11.084,9.12,115.16,67.9,81.7,0.0,6,0.5047,64.61
2026-04-19T13:45:11.196,9.18,102.21,67.9,81.7,0.0,6,0.4592,64.61
2026-04-19T13:45:11.304,9.26,99.85,67.9,81.7,0.0,6,0.4667,64.61
2026-04-19T13:45:11.416,9.3,102.72,67.9,81.7,0.0,7,0.3884,64.61
2026-04-19T13:45:11.527,9.35,101.38,67.9,81.7,0.0,6,0.471,64.6
2026-04-19T13:45:11.638,9.37,105.51,67.9,82.2,0.0,4,0.5059,64.6
2026-04-19T13:45:11.748,9.41,102.39,67.9,82.2,0.0,6,0.4906,64.6
2026-04-19T13:45:11.853,9.48,98.33,67.9,82.2,0.0,4,0.5267,64.6
2026-04-19T13:45:11.964,9.48,105.67,67.9,82.2,0.0,5,0.4322,64.6
2026-04-19T13:45:12.081,9.46,107.29,67.9,78.3,0.0,5,0.4773,64.6
2026-04-19T13:45:12.189,9.52,99.38,67.9,78.3,0.0,4,0.5727,64.6
2026-04-19T13:45:12.299,9.55,101.48,67.9,78.3,0.0,4,0.5114,64.6
2026-04-19T13:45:12.410,9.58,101.56,67.9,78.3,0.0,4,0.5832,64.59
2026-04-19T13:45:12.516,9.61,101.44,67.9,78.3,0.0,3,0.6243,64.59
2026-04-19T13:45:12.628,9.62,102.95,67.8,78.6,0.0,4,0.6343,64.59
2026-04-19T13:45:12.734,9.67,98.0,67.8,78.6,0.0,4,0.601,64.59
2026-04-19T13:45:12.844,9.66,104.31,67.8,78.6,0.0,3,0.6761,64.59
2026-04-19T13:45:12.952,9.71,99.03,67.8,78.6,0.0,3,0.7431,64.58
2026-04-19T13:45:13.063,9.7,103.13,67.8,78.6,0.0,3,0.7253,64.58
2026-04-19T13:45:13.178,9.67,106.27,67.8,79.4,0.0,3,0.7156,64.58
2026-04-19T13:45:13.285,9.71,99.62,67.8,79.4,0.0,3,0.6698,64.58
2026-04-19T13:45:13.396,9.71,103.33,67.8,79.4,0.0,3,0.7249,64.58
2026-04-19T13:45:13.509,9.69,104.27,67.8,79.4,0.0,3,0.7436,64.58
2026-04-19T13:45:13.620,9.67,106.05,67.9,77.4,0.0,3,0.6561,64.58
2026-04-19T13:45:13.726,9.73,96.93,67.9,77.4,0.0,3,0.6741,64.58
2026-04-19T13:45:13.837,9.73,102.56,67.9,77.4,0.0,3,0.7555,64.58
2026-04-19T13:45:13.946,9.74,101.78,67.9,77.4,0.0,3,0.5757,64.57
2026-04-19T13:45:14.052,9.77,99.72,67.9,77.4,0.0,3,0.6193,64.57
2026-04-19T13:45:14.481,7.45,420.88,67.9,79.2,0.0,2,0.5645,64.72
2026-04-19T13:45:14.617,7.49,127.11,67.8,93.8,0.0,2,0.5556,64.73
2026-04-19T13:45:14.720,7.69,98.87,67.8,93.8,0.0,2,0.5809,64.72
2026-04-19T13:45:14.825,7.89,97.01,67.8,93.8,0.0,2,0.6565,64.72
2026-04-19T13:45:14.934,8.05,101.97,67.8,93.8,0.0,2,0.5834,64.72
2026-04-19T13:45:15.042,8.21,99.66,67.8,93.8,0.0,2,0.5054,64.71
2026-04-19T13:45:15.154,8.33,104.6,67.7,79.7,0.0,2,0.4214,64.71
2026-04-19T13:45:15.261,8.48,99.06,67.7,79.7,0.0,2,0.4179,64.71
2026-04-19T13:45:15.365,8.64,95.72,67.7,79.7,0.0,3,0.2901,64.71
2026-04-19T13:45:15.480,8.71,106.01,67.7,79.7,0.0,3,0.3527,64.71
2026-04-19T13:45:15.588,8.83,99.22,67.7,79.7,0.0,1,0.4156,64.7
2026-04-19T13:45:15.700,8.9,104.93,67.8,80.3,0.0,1,0.4603,64.7
2026-04-19T13:45:15.800,9.03,95.25,67.8,80.3,0.0,2,0.4568,64.7
