timestamp,fps,latency_ms,ram_usage_percent,cpu_usage_percent,temperature,num_detections,confidence_score_avg,accuracy,frame_drop_rate_percent
2026-05-08T18:37:31.480,1.8,555.69,29.7,62.1,52.9,9,0.5472,86.17,92.8
2026-05-08T18:37:33.486,1.88,331.33,30.0,51.3,49.6,8,0.5276,89.69,96.88
2026-05-08T18:37:33.864,1.93,372.02,30.0,51.3,49.6,10,0.5189,86.82,95.92
2026-05-08T18:37:34.117,2.04,249.07,30.1,57.4,52.4,10,0.4998,85.54,94.99
2026-05-08T18:37:34.388,2.14,266.58,30.1,57.4,52.4,8,0.5675,81.85,94.23
2026-05-08T18:37:34.642,2.24,249.57,30.4,46.0,51.2,9,0.5197,81.42,93.54
2026-05-08T18:37:34.898,2.34,250.97,30.4,46.0,51.2,9,0.5491,84.33,92.95
2026-05-08T18:37:35.195,2.42,292.52,30.3,43.6,52.4,9,0.506,85.39,92.51
2026-05-08T18:37:35.451,2.52,251.43,30.4,43.9,51.8,7,0.5467,83.36,92.05
2026-05-08T18:37:35.704,2.62,249.36,30.4,43.9,51.8,10,0.4941,87.11,91.63
2026-05-08T18:37:35.964,2.71,254.96,30.1,46.0,51.8,9,0.4848,86.81,91.27
2026-05-08T18:37:36.220,2.79,252.16,30.1,46.0,51.8,7,0.5921,86.43,90.94
2026-05-08T18:37:36.475,2.88,251.21,30.4,46.0,52.4,9,0.5332,86.63,90.63
2026-05-08T18:37:36.729,2.96,248.77,30.4,46.0,52.4,9,0.5112,87.19,90.35
2026-05-08T18:37:36.982,3.04,249.69,30.7,45.5,50.1,11,0.4947,88.43,90.1
2026-05-08T18:37:37.235,3.12,248.39,30.7,45.5,50.1,11,0.4951,89.83,89.86
2026-05-08T18:37:37.488,3.19,248.04,30.7,46.8,51.8,9,0.54,90.49,89.64
2026-05-08T18:37:37.740,3.26,248.14,30.7,46.8,51.8,10,0.5493,90.06,89.44
2026-05-08T18:37:37.993,3.32,248.82,30.5,46.2,50.7,12,0.5098,89.99,89.25
2026-05-08T18:37:38.246,3.38,247.76,30.5,46.2,50.7,11,0.5122,89.93,89.07
2026-05-08T18:37:38.498,3.44,247.99,30.5,44.9,51.2,8,0.6113,89.14,88.91
2026-05-08T18:37:38.768,3.47,265.74,30.5,44.9,51.2,8,0.578,91.2,88.78
2026-05-08T18:37:39.021,3.52,248.79,30.4,48.0,51.2,9,0.5707,90.95,88.64
2026-05-08T18:37:39.275,3.56,249.46,30.4,48.0,51.2,11,0.5443,91.99,88.5
2026-05-08T18:37:39.528,3.6,248.86,30.3,44.6,51.2,11,0.5282,90.02,88.38
2026-05-08T18:37:39.780,3.64,246.87,30.3,44.6,51.2,10,0.5412,90.5,88.26
2026-05-08T18:37:40.032,3.68,248.31,30.3,45.8,52.4,10,0.56,90.51,88.14
2026-05-08T18:37:40.294,3.7,257.58,30.3,45.8,52.4,12,0.5704,88.71,88.05
2026-05-08T18:37:40.548,3.73,248.9,30.1,45.3,51.8,12,0.6173,88.97,87.95
2026-05-08T18:37:40.800,3.75,247.78,30.1,45.3,51.8,10,0.6345,86.8,87.85
2026-05-08T18:37:41.059,3.77,253.85,30.2,45.5,52.4,11,0.5952,86.88,87.76
2026-05-08T18:37:41.314,3.79,250.95,30.2,45.5,52.4,10,0.5823,86.84,87.68
2026-05-08T18:37:41.569,3.81,250.13,30.4,45.7,52.9,9,0.6152,85.34,87.6
2026-05-08T18:37:41.821,3.83,247.64,30.4,45.7,52.9,11,0.5948,87.42,87.52
2026-05-08T18:37:42.073,3.85,248.09,30.4,46.0,52.4,8,0.6067,81.05,87.44
2026-05-08T18:37:42.325,3.87,247.28,30.4,46.0,52.4,8,0.5609,82.13,87.37
2026-05-08T18:37:42.577,3.89,247.96,30.3,45.2,52.9,10,0.545,85.99,87.3
2026-05-08T18:37:42.831,3.9,249.58,30.3,45.2,52.9,8,0.6003,87.64,87.23
2026-05-08T18:37:43.083,3.91,248.2,30.4,45.2,52.4,9,0.6021,85.2,87.17
2026-05-08T18:37:43.337,3.92,249.03,30.4,45.2,52.4,9,0.6016,84.2,87.11
2026-05-08T18:37:43.590,3.93,249.28,30.2,46.8,52.4,9,0.5918,86.33,87.05
2026-05-08T18:37:43.843,3.94,248.53,30.2,46.8,52.4,10,0.5708,89.29,87.0
2026-05-08T18:37:44.098,3.94,250.45,30.2,47.3,53.5,8,0.6148,90.85,86.94
2026-05-08T18:37:44.352,3.95,249.9,30.2,47.3,53.5,9,0.591,90.51,86.89
2026-05-08T18:37:44.606,3.96,249.53,30.1,46.3,54.0,8,0.6531,88.48,86.84
2026-05-08T18:37:44.858,3.96,247.67,30.1,46.3,54.0,8,0.6506,91.13,86.79
2026-05-08T18:37:45.110,3.97,247.99,30.1,45.5,52.4,8,0.6583,91.5,86.75
2026-05-08T18:37:45.362,3.98,248.01,30.1,45.5,52.4,9,0.6672,91.74,86.7
2026-05-08T18:37:45.617,3.98,249.97,30.0,46.5,52.4,9,0.6492,91.37,86.66
2026-05-08T18:37:45.870,3.98,248.64,30.0,46.5,52.4,10,0.6213,88.44,86.62
2026-05-08T18:37:46.128,3.99,247.95,30.1,45.8,52.4,9,0.6251,87.74,86.58
2026-05-08T18:37:46.381,3.99,249.2,30.1,45.8,52.4,8,0.6705,88.17,86.54
2026-05-08T18:37:46.633,4.0,247.79,29.9,45.5,53.5,9,0.6517,88.95,86.5
2026-05-08T18:37:46.887,4.0,249.14,29.9,45.5,53.5,11,0.6167,87.32,86.47
2026-05-08T18:37:47.140,4.0,248.27,29.9,45.7,54.0,11,0.6129,89.66,86.43
2026-05-08T18:37:47.392,4.0,247.91,29.9,45.7,54.0,10,0.6245,90.88,86.4
2026-05-08T18:37:47.644,4.01,247.77,29.9,45.7,53.5,9,0.6937,92.27,86.36
2026-05-08T18:37:47.898,4.01,249.74,29.9,45.7,53.5,9,0.7086,89.75,86.33
2026-05-08T18:37:48.150,4.01,247.78,29.8,46.0,52.4,9,0.6952,89.78,86.3
2026-05-08T18:37:48.404,4.01,249.69,29.8,46.0,52.4,10,0.6441,90.3,86.27
2026-05-08T18:37:48.659,4.01,249.93,29.8,47.1,53.5,10,0.6707,91.03,86.24
2026-05-08T18:37:49.101,3.73,437.95,30.2,62.4,54.5,9,0.7169,91.88,86.36
2026-05-08T18:37:49.402,3.69,295.01,30.2,62.4,54.5,9,0.6824,93.34,86.36
2026-05-08T18:37:49.676,3.69,270.3,30.3,60.9,53.5,8,0.7006,90.14,86.35
2026-05-08T18:37:49.930,3.72,248.94,30.3,60.9,53.5,11,0.6248,90.2,86.32
2026-05-08T18:37:50.183,3.75,248.5,30.5,45.9,53.5,9,0.6465,89.55,86.29
2026-05-08T18:37:50.436,3.77,248.77,30.5,45.9,53.5,12,0.5494,89.8,86.26
2026-05-08T18:37:50.690,3.8,250.08,31.0,46.8,53.5,13,0.5811,85.44,86.24
2026-05-08T18:37:50.945,3.82,249.88,31.0,46.8,53.5,14,0.5478,84.73,86.21
2026-05-08T18:37:51.217,3.81,267.22,31.2,46.3,51.8,14,0.5636,86.38,86.2
2026-05-08T18:37:51.474,3.82,252.03,31.2,46.3,51.8,11,0.5913,82.7,86.18
2026-05-08T18:37:51.727,3.84,248.59,29.9,45.7,54.0,10,0.5208,82.27,86.16
2026-05-08T18:37:52.002,3.83,269.7,30.0,47.3,52.9,9,0.5615,83.91,86.15
2026-05-08T18:37:52.254,3.85,248.33,30.0,47.3,52.9,9,0.582,85.57,86.12
2026-05-08T18:37:52.508,3.86,249.33,30.0,45.7,52.9,12,0.5079,83.51,86.1
2026-05-08T18:37:52.762,3.88,249.31,30.0,45.7,52.9,11,0.545,84.14,86.08
2026-05-08T18:37:53.015,3.89,248.37,30.2,45.4,52.9,11,0.5422,82.89,86.06
2026-05-08T18:37:53.268,3.9,248.45,30.2,45.4,52.9,11,0.5741,85.19,86.04
2026-05-08T18:37:53.520,3.92,248.26,29.7,47.3,52.4,13,0.5605,83.32,86.02
2026-05-08T18:37:53.774,3.93,248.44,29.7,47.3,52.4,8,0.5821,83.34,86.0
2026-05-08T18:37:54.027,3.94,249.28,29.3,47.0,53.5,12,0.4892,83.8,85.98
2026-05-08T18:37:54.322,3.88,290.02,29.3,47.0,53.5,14,0.4609,86.24,85.98
2026-05-08T18:37:54.607,3.85,280.14,29.1,59.2,53.5,12,0.5553,85.63,85.98
2026-05-08T18:37:54.880,3.84,267.93,29.1,59.2,53.5,12,0.5345,85.74,85.97
2026-05-08T18:37:55.175,3.79,291.03,28.8,49.0,54.0,17,0.48,87.27,85.98
2026-05-08T18:37:55.430,3.81,249.25,28.8,49.0,54.0,15,0.509,85.09,85.96
2026-05-08T18:37:55.685,3.83,250.86,28.7,46.0,52.9,15,0.5364,86.72,85.95
2026-05-08T18:37:55.939,3.85,248.3,28.7,46.0,52.9,11,0.4925,87.95,85.93
2026-05-08T18:37:56.193,3.86,249.89,28.7,45.2,54.0,13,0.4803,86.93,85.91
2026-05-08T18:37:56.446,3.88,248.42,28.7,45.2,54.0,10,0.5396,88.85,85.89
2026-05-08T18:37:56.711,3.88,259.84,28.6,46.8,54.0,9,0.5441,89.39,85.88
2026-05-08T18:37:56.965,3.89,249.98,28.6,46.8,54.0,10,0.6327,90.79,85.87
2026-05-08T18:37:57.219,3.9,249.53,28.7,45.2,53.5,11,0.5639,90.5,85.85
2026-05-08T18:37:57.479,3.9,255.12,28.7,45.2,53.5,10,0.5225,86.91,85.84
2026-05-08T18:37:57.733,3.91,249.59,28.7,46.0,53.5,16,0.4954,80.0,85.83
2026-05-08T18:37:57.987,3.92,248.91,28.7,46.0,53.5,13,0.5226,82.42,85.81
2026-05-08T18:37:58.244,3.93,251.67,28.9,44.9,54.0,15,0.5334,86.98,85.8
2026-05-08T18:37:58.498,3.93,250.02,28.9,44.9,54.0,12,0.5074,85.68,85.78
2026-05-08T18:37:58.753,3.94,249.87,29.0,44.9,54.5,12,0.5261,86.63,85.77
2026-05-08T18:37:59.006,3.95,248.74,29.0,44.9,54.5,11,0.5563,85.65,85.76
2026-05-08T18:37:59.355,3.81,343.92,28.7,45.2,53.5,11,0.5791,86.55,85.79
2026-05-08T18:37:59.644,3.78,284.7,29.3,60.4,54.5,15,0.5127,81.16,85.79
2026-05-08T18:37:59.910,3.79,260.63,29.3,60.4,54.5,13,0.5849,85.3,85.79
2026-05-08T18:38:00.199,3.76,283.27,29.5,48.5,53.5,14,0.5495,80.96,85.79
2026-05-08T18:38:00.459,3.77,255.29,29.5,48.5,53.5,13,0.5899,89.31,85.78
2026-05-08T18:38:00.714,3.79,250.55,29.5,46.7,52.9,12,0.5869,87.77,85.77
2026-05-08T18:38:00.969,3.81,249.76,29.5,46.7,52.9,12,0.5991,88.79,85.75
2026-05-08T18:38:01.225,3.83,251.28,29.4,43.8,54.0,14,0.5117,79.4,85.74
2026-05-08T18:38:01.486,3.84,256.24,29.4,43.8,54.0,14,0.5165,80.94,85.73
2026-05-08T18:38:01.770,3.81,279.5,29.0,48.5,54.0,13,0.5367,80.83,85.74
2026-05-08T18:38:02.034,3.81,259.07,28.8,49.7,53.5,12,0.4814,82.34,85.73
2026-05-08T18:38:02.334,3.77,295.18,28.8,49.7,53.5,10,0.5688,81.52,85.74
2026-05-08T18:38:02.736,3.59,394.59,28.9,60.2,55.1,10,0.5897,84.18,85.79
2026-05-08T18:38:03.065,3.53,324.53,28.9,63.2,53.5,10,0.5981,82.25,85.81
2026-05-08T18:38:03.413,3.46,343.59,28.9,63.2,53.5,11,0.5412,82.01,85.84
2026-05-08T18:38:03.759,3.4,340.98,28.8,60.1,54.5,11,0.5482,76.6,85.87
2026-05-08T18:38:04.067,3.39,303.77,28.9,51.8,54.0,11,0.5163,81.11,85.88
2026-05-08T18:38:04.323,3.44,251.62,28.9,51.8,54.0,11,0.5676,83.08,85.87
2026-05-08T18:38:04.767,3.27,438.82,28.7,55.4,56.2,10,0.5456,81.37,85.93
2026-05-08T18:38:05.058,3.29,285.74,28.5,57.5,54.0,10,0.5915,84.26,85.94
2026-05-08T18:38:05.423,3.23,359.33,28.5,57.5,54.0,10,0.5929,81.04,85.97
2026-05-08T18:38:05.723,3.25,295.31,28.4,61.1,55.1,10,0.6063,81.7,85.98
2026-05-08T18:38:06.026,3.26,296.46,28.4,61.1,55.1,10,0.5919,82.36,85.98
2026-05-08T18:38:06.305,3.3,274.63,28.6,57.8,55.1,9,0.6168,85.16,85.98
2026-05-08T18:38:06.558,3.36,248.44,28.6,48.2,54.5,11,0.5689,85.69,85.97
2026-05-08T18:38:06.811,3.41,248.57,28.6,48.2,54.5,11,0.556,84.45,85.96
2026-05-08T18:38:07.079,3.45,263.56,28.6,48.8,53.5,11,0.56,85.08,85.95
2026-05-08T18:38:07.334,3.5,249.8,28.6,48.8,53.5,9,0.5992,81.65,85.94
2026-05-08T18:38:07.594,3.53,255.52,28.4,47.3,53.5,9,0.593,81.96,85.93
2026-05-08T18:38:07.867,3.55,268.51,28.4,47.3,53.5,10,0.5676,79.81,85.92
2026-05-08T18:38:08.218,3.55,284.38,29.1,49.7,54.5,11,0.5418,83.07,85.95
2026-05-08T18:38:08.495,3.56,270.62,29.1,49.7,54.5,9,0.5974,83.13,85.95
2026-05-08T18:38:08.812,3.53,307.73,29.5,44.6,55.1,8,0.6649,85.59,85.96
2026-05-08T18:38:09.127,3.5,305.07,29.7,57.7,54.5,8,0.663,81.42,85.97
2026-05-08T18:38:09.442,3.49,296.91,29.7,57.7,54.5,9,0.5635,85.17,85.98
2026-05-08T18:38:09.736,3.5,280.69,29.8,57.1,55.1,8,0.5896,85.16,85.98
2026-05-08T18:38:10.061,3.47,309.54,29.9,51.5,54.5,8,0.6465,87.16,86.0
2026-05-08T18:38:10.370,3.45,298.87,29.9,51.5,54.5,10,0.5785,84.93,86.01
2026-05-08T18:38:10.699,3.44,304.36,30.0,57.9,55.6,8,0.6482,84.35,86.02
2026-05-08T18:38:11.046,3.41,317.02,30.0,57.9,55.6,8,0.6158,85.74,86.04
2026-05-08T18:38:11.360,3.39,308.54,30.1,55.6,55.6,7,0.6197,89.93,86.05
2026-05-08T18:38:11.689,3.36,317.85,29.8,61.4,54.5,9,0.5436,85.69,86.07
2026-05-08T18:38:11.990,3.36,295.61,29.8,61.4,54.5,7,0.5855,89.19,86.07
2026-05-08T18:38:12.286,3.37,292.03,29.8,56.5,55.6,10,0.51,83.34,86.07
2026-05-08T18:38:12.590,3.37,300.08,29.8,57.1,55.1,7,0.5687,85.88,86.08
2026-05-08T18:38:12.896,3.36,300.75,29.8,57.1,55.1,6,0.6672,86.26,86.09
2026-05-08T18:38:13.197,3.36,296.29,29.8,58.9,55.1,7,0.573,88.82,86.09
2026-05-08T18:38:13.518,3.34,316.04,29.8,58.9,55.1,9,0.4656,83.21,86.1
2026-05-08T18:38:13.811,3.35,288.94,29.6,57.4,55.1,6,0.6124,82.55,86.1
2026-05-08T18:38:14.233,3.23,417.51,29.6,62.5,54.5,9,0.465,76.88,86.15
2026-05-08T18:38:14.603,3.17,364.11,29.7,69.0,54.0,6,0.5047,76.3,86.17
2026-05-08T18:38:14.965,3.13,357.27,29.7,69.0,54.0,6,0.4983,79.39,86.19
2026-05-08T18:38:15.336,3.08,366.56,29.6,62.6,55.6,7,0.4348,77.67,86.22
2026-05-08T18:38:15.666,3.08,325.46,29.4,57.9,55.1,5,0.5577,82.7,86.23
2026-05-08T18:38:15.917,3.16,247.17,29.4,57.9,55.1,4,0.5108,84.7,86.22
2026-05-08T18:38:16.167,3.23,246.92,29.4,48.5,55.1,4,0.5775,83.26,86.21
2026-05-08T18:38:16.419,3.29,248.05,29.4,48.5,55.1,6,0.5077,86.23,86.2
2026-05-08T18:38:16.679,3.35,255.5,29.2,48.0,55.1,7,0.4987,85.87,86.19
2026-05-08T18:38:16.928,3.41,245.73,29.2,48.0,55.1,5,0.5253,86.11,86.18
2026-05-08T18:38:17.188,3.45,255.53,29.2,45.2,56.2,7,0.4347,86.51,86.17
2026-05-08T18:38:17.447,3.49,254.81,29.2,45.2,56.2,7,0.4957,85.17,86.16
2026-05-08T18:38:17.704,3.53,253.59,29.2,46.5,56.8,5,0.5955,86.62,86.15
2026-05-08T18:38:17.958,3.58,249.67,29.2,46.5,56.8,6,0.5125,89.57,86.14
2026-05-08T18:38:18.211,3.62,249.27,29.2,43.5,55.6,6,0.6078,89.14,86.13
2026-05-08T18:38:18.462,3.66,246.6,29.2,43.5,55.6,7,0.5235,88.21,86.12
2026-05-08T18:38:18.715,3.69,248.95,29.3,46.0,54.5,6,0.6226,86.8,86.11
2026-05-08T18:38:18.967,3.72,248.3,29.3,46.0,54.5,7,0.5618,85.61,86.1
2026-05-08T18:38:19.220,3.75,248.63,29.4,48.1,55.1,6,0.584,88.36,86.09
2026-05-08T18:38:19.502,3.73,278.41,29.4,48.1,55.1,5,0.6312,86.7,86.08
2026-05-08T18:38:19.778,3.73,272.09,29.5,56.8,55.6,9,0.5191,87.29,86.08
2026-05-08T18:38:20.047,3.73,264.66,29.5,56.8,55.6,10,0.5458,86.71,86.08
2026-05-08T18:38:20.485,3.51,433.92,29.4,52.3,54.5,8,0.5996,87.79,86.12
2026-05-08T18:38:20.862,3.41,371.93,29.4,67.8,57.3,8,0.5514,86.99,86.14
2026-05-08T18:38:21.202,3.36,335.16,29.5,59.2,56.2,7,0.5283,83.75,86.16
2026-05-08T18:38:21.731,3.12,523.91,29.5,76.4,55.6,8,0.5314,88.75,86.22
2026-05-08T18:38:22.068,3.11,332.49,29.5,76.4,55.6,8,0.5602,87.4,86.23
2026-05-08T18:38:22.339,3.17,266.08,29.5,52.6,55.6,6,0.6023,86.1,86.23
2026-05-08T18:38:22.631,3.19,287.71,29.5,49.5,54.0,6,0.5905,87.97,86.23
2026-05-08T18:38:22.972,3.17,335.98,29.5,49.5,54.0,7,0.5547,89.23,86.24
2026-05-08T18:38:23.238,3.23,262.73,29.4,55.7,55.6,5,0.6042,86.73,86.24
2026-05-08T18:38:23.627,3.15,384.48,29.4,55.7,55.6,6,0.5056,84.69,86.26
2026-05-08T18:38:24.169,2.95,533.15,29.7,83.3,56.2,5,0.6261,82.1,86.33
2026-05-08T18:38:24.850,2.69,665.43,29.9,90.3,55.6,5,0.5951,76.61,86.43
2026-05-08T18:38:25.242,2.68,386.75,29.9,61.2,55.6,5,0.6293,77.09,86.45
2026-05-08T18:38:25.586,2.7,339.75,29.9,61.2,55.6,5,0.6176,76.77,86.46
2026-05-08T18:38:25.891,2.75,301.25,29.8,55.8,56.2,5,0.6209,75.87,86.46
2026-05-08T18:38:26.144,2.84,249.16,29.8,55.8,56.2,5,0.603,80.05,86.45
2026-05-08T18:38:26.421,2.91,273.2,29.8,48.3,54.0,5,0.531,80.57,86.45
2026-05-08T18:38:26.675,2.99,250.12,29.7,47.7,55.6,5,0.54,81.49,86.44
2026-05-08T18:38:26.935,3.06,255.99,29.7,47.7,55.6,7,0.4941,85.26,86.43
2026-05-08T18:38:27.288,3.04,348.82,29.6,55.8,55.1,5,0.6395,88.0,86.45
2026-05-08T18:38:27.581,3.08,288.48,29.6,55.8,55.1,6,0.5789,85.09,86.44
2026-05-08T18:38:27.843,3.14,257.43,29.6,51.8,57.3,6,0.5476,84.1,86.44
2026-05-08T18:38:28.098,3.21,251.48,29.6,51.8,57.3,5,0.6752,85.84,86.43
2026-05-08T18:38:28.349,3.28,247.37,29.6,46.0,57.9,7,0.6038,87.76,86.42
2026-05-08T18:38:28.662,3.27,309.0,29.5,52.3,56.8,7,0.5889,86.3,86.42
2026-05-08T18:38:28.945,3.3,278.29,29.5,52.3,56.8,6,0.656,84.81,86.42
2026-05-08T18:38:29.278,3.27,329.42,29.7,58.0,54.5,7,0.5973,88.27,86.43
2026-05-08T18:38:29.540,3.33,257.36,29.7,58.0,54.5,7,0.6291,90.19,86.42
2026-05-08T18:38:29.877,3.29,333.3,29.8,53.0,55.6,8,0.6168,88.48,86.43
2026-05-08T18:38:30.247,3.23,365.1,29.6,63.9,55.6,8,0.6464,89.27,86.45
2026-05-08T18:38:30.607,3.18,354.01,29.6,63.9,55.6,9,0.5453,89.87,86.46
2026-05-08T18:38:30.980,3.13,368.48,29.5,60.8,55.6,9,0.5776,88.69,86.48
2026-05-08T18:38:31.349,3.08,364.28,29.6,57.7,55.1,9,0.4708,87.8,86.5
2026-05-08T18:38:31.709,3.06,354.53,29.6,54.6,55.6,7,0.5489,85.02,86.51
2026-05-08T18:38:32.032,3.06,319.0,29.6,54.6,55.6,8,0.5617,88.64,86.52
2026-05-08T18:38:32.296,3.13,259.01,29.6,53.7,57.3,7,0.6214,87.19,86.51
2026-05-08T18:38:32.646,3.1,345.84,29.6,53.7,57.3,7,0.6159,88.18,86.52
2026-05-08T18:38:32.934,3.14,283.7,29.5,55.3,56.8,7,0.6352,88.68,86.52
2026-05-08T18:38:33.251,3.15,312.41,29.6,53.2,56.2,7,0.6774,90.12,86.52
2026-05-08T18:38:33.656,3.07,400.22,29.6,53.2,56.2,7,0.6225,88.4,86.55
2026-05-08T18:38:34.042,3.02,380.68,29.6,64.0,54.5,6,0.6815,87.03,86.56
2026-05-08T18:38:34.357,3.03,311.14,29.6,58.1,56.2,8,0.6009,87.32,86.57
2026-05-08T18:38:34.634,3.09,272.32,29.6,58.1,56.2,10,0.5188,88.71,86.56
2026-05-08T18:38:34.899,3.15,260.35,29.5,50.5,57.3,7,0.6096,88.32,86.56
2026-05-08T18:38:35.177,3.19,274.74,29.5,50.5,57.3,8,0.5667,89.35,86.55
2026-05-08T18:38:35.457,3.23,274.56,29.5,55.4,56.2,7,0.5604,89.41,86.55
2026-05-08T18:38:35.717,3.29,255.66,29.5,46.9,56.8,6,0.6442,89.99,86.54
2026-05-08T18:38:35.971,3.35,250.03,29.5,46.9,56.8,7,0.5913,88.8,86.53
2026-05-08T18:38:36.230,3.4,254.75,29.7,46.3,55.1,8,0.57,89.41,86.52
2026-05-08T18:38:36.627,3.29,392.31,29.7,46.3,55.1,9,0.5455,88.79,86.55
2026-05-08T18:38:36.947,3.28,316.18,29.8,60.2,57.3,7,0.6448,88.55,86.55
2026-05-08T18:38:37.209,3.33,256.71,29.7,47.7,56.8,7,0.6419,89.7,86.54
2026-05-08T18:38:37.468,3.38,255.35,29.7,47.7,56.8,9,0.5732,88.56,86.54
2026-05-08T18:38:37.720,3.44,248.19,29.7,46.8,54.5,8,0.5604,83.19,86.53
2026-05-08T18:38:37.983,3.47,258.1,29.7,46.8,54.5,7,0.6034,80.39,86.52
2026-05-08T18:38:38.241,3.52,254.39,29.6,43.0,56.2,7,0.6208,83.85,86.51
2026-05-08T18:38:38.556,3.48,310.95,29.6,43.0,56.2,9,0.5813,86.92,86.52
2026-05-08T18:38:38.941,3.37,380.74,29.5,58.4,56.8,8,0.6101,87.61,86.53
2026-05-08T18:38:39.354,3.25,408.01,29.6,62.7,56.2,9,0.558,82.63,86.56
2026-05-08T18:38:39.764,3.15,404.77,29.7,60.6,55.1,10,0.5267,85.71,86.58
2026-05-08T18:38:40.162,3.08,393.33,29.7,60.6,55.1,8,0.581,87.44,86.6
2026-05-08T18:38:40.713,2.88,546.45,29.7,70.6,57.3,10,0.566,84.27,86.65
2026-05-08T18:38:41.136,2.83,412.14,29.8,78.2,56.8,10,0.6013,84.85,86.67
2026-05-08T18:38:41.496,2.83,354.38,29.8,65.0,57.3,8,0.5993,84.53,86.68
2026-05-08T18:38:41.861,2.82,361.6,29.7,62.7,56.8,7,0.6129,88.37,86.69
2026-05-08T18:38:42.216,2.82,350.24,29.7,62.7,56.8,8,0.6495,89.57,86.7
2026-05-08T18:38:42.575,2.82,353.76,29.7,55.8,56.8,8,0.6326,89.82,86.71
2026-05-08T18:38:42.915,2.84,335.79,29.6,58.7,56.8,7,0.679,90.78,86.72
2026-05-08T18:38:43.286,2.83,366.97,29.6,58.4,57.3,7,0.6911,91.2,86.73
2026-05-08T18:38:43.710,2.78,418.67,29.6,58.4,57.3,7,0.6215,90.1,86.76
2026-05-08T18:38:44.081,2.77,366.49,29.7,68.7,56.2,6,0.6831,89.73,86.77
2026-05-08T18:38:44.512,2.72,427.08,29.7,67.3,56.2,7,0.6356,89.71,86.79
2026-05-08T18:38:44.869,2.73,352.74,29.7,59.8,55.6,6,0.7444,90.43,86.8
2026-05-08T18:38:45.239,2.73,365.55,29.7,59.8,55.6,6,0.6912,91.25,86.81
2026-05-08T18:38:45.628,2.72,382.49,29.7,54.8,56.8,6,0.7203,91.37,86.83
2026-05-08T18:38:45.917,2.78,284.56,29.7,61.9,56.2,6,0.7152,88.98,86.83
2026-05-08T18:38:46.191,2.85,269.49,29.7,61.9,56.2,6,0.7182,89.76,86.82
2026-05-08T18:38:46.441,2.94,245.77,29.7,47.2,57.3,6,0.7422,89.35,86.81
2026-05-08T18:38:46.696,3.02,251.11,29.7,47.2,57.3,6,0.7689,89.56,86.8
2026-05-08T18:38:47.043,3.01,342.77,29.6,45.8,58.4,6,0.7613,87.36,86.81
2026-05-08T18:38:47.416,2.98,367.93,29.6,58.7,56.2,7,0.7056,87.71,86.82
2026-05-08T18:38:47.750,2.98,329.67,29.6,58.7,56.2,7,0.691,83.39,86.83
2026-05-08T18:38:48.115,2.96,360.99,29.6,55.5,56.8,7,0.6959,86.93,86.84
2026-05-08T18:38:48.431,2.98,311.02,29.6,56.2,59.0,6,0.7195,89.6,86.84
2026-05-08T18:38:48.681,3.07,246.16,29.6,56.2,59.0,5,0.7943,87.99,86.83
2026-05-08T18:38:48.933,3.14,247.94,29.5,49.0,56.8,5,0.7951,87.01,86.82
2026-05-08T18:38:49.185,3.21,247.66,29.5,49.0,56.8,5,0.7333,87.22,86.81
2026-05-08T18:38:49.440,3.28,251.33,29.5,44.0,57.3,5,0.7097,89.44,86.81
2026-05-08T18:38:49.692,3.34,248.86,29.5,44.0,57.3,5,0.6474,90.48,86.8
2026-05-08T18:38:50.012,3.32,315.65,29.4,46.5,56.8,5,0.6581,91.39,86.8
2026-05-08T18:38:50.366,3.27,350.11,29.6,57.9,57.3,5,0.6894,92.5,86.81
2026-05-08T18:38:50.776,3.16,404.94,29.6,64.1,56.8,5,0.6773,90.76,86.83
2026-05-08T18:38:51.132,3.13,352.22,29.6,64.1,56.8,5,0.672,90.39,86.83
2026-05-08T18:38:51.462,3.12,325.2,29.6,56.6,56.2,5,0.6941,88.57,86.84
2026-05-08T18:38:51.713,3.2,247.52,29.6,56.6,56.2,5,0.7165,88.93,86.83
2026-05-08T18:38:51.970,3.26,252.89,29.5,48.0,56.8,4,0.6943,90.3,86.82
2026-05-08T18:38:52.222,3.32,248.86,29.5,48.0,56.8,3,0.7486,87.07,86.81
2026-05-08T18:38:52.472,3.38,246.62,29.4,45.7,57.9,4,0.6296,88.12,86.81
2026-05-08T18:38:52.723,3.44,246.41,29.4,45.7,57.9,3,0.6462,89.66,86.8
2026-05-08T18:38:53.072,3.38,345.52,29.3,46.8,57.9,2,0.7956,89.81,86.8
2026-05-08T18:38:53.444,3.3,368.23,29.5,56.7,57.3,2,0.6697,89.91,86.82
2026-05-08T18:38:53.786,3.26,338.55,29.6,55.1,55.6,2,0.5976,87.57,86.82
2026-05-08T18:38:54.132,3.22,341.9,29.6,55.1,55.6,1,0.8969,89.69,86.83
2026-05-08T18:38:54.459,3.21,322.9,29.7,56.1,59.0,2,0.6901,90.15,86.83
2026-05-08T18:38:54.708,3.28,245.13,29.7,56.1,59.0,2,0.6045,90.57,86.82
2026-05-08T18:38:54.962,3.34,250.75,29.6,47.9,57.3,2,0.6406,90.49,86.82
2026-05-08T18:38:55.212,3.4,246.35,29.6,47.9,57.3,2,0.6909,92.46,86.81
2026-05-08T18:38:55.463,3.45,248.22,29.5,46.8,57.9,3,0.5659,87.82,86.8
2026-05-08T18:38:55.731,3.48,264.32,29.5,46.8,57.9,2,0.6816,88.83,86.79
2026-05-08T18:38:56.203,3.28,468.22,29.5,54.3,57.3,4,0.474,85.07,86.82
2026-05-08T18:38:56.565,3.22,356.83,29.7,73.6,56.2,2,0.6051,89.18,86.83
2026-05-08T18:38:56.918,3.18,348.75,29.6,55.2,57.9,2,0.6603,89.03,86.84
2026-05-08T18:38:57.264,3.15,342.74,29.6,55.2,57.9,2,0.6769,85.69,86.84
2026-05-08T18:38:57.630,3.11,361.49,29.5,51.3,56.2,3,0.5822,76.78,86.85
2026-05-08T18:38:58.048,3.02,414.82,29.4,61.0,57.9,3,0.5682,65.0,86.87
2026-05-08T18:38:58.431,2.98,379.13,29.6,62.6,56.8,4,0.3524,49.39,86.88
2026-05-08T18:38:58.818,2.94,382.77,29.7,59.0,56.8,2,0.4043,44.83,86.89
2026-05-08T18:38:59.140,2.96,317.18,29.7,59.0,56.8,3,0.3377,42.65,86.9
2026-05-08T18:38:59.421,3.01,276.97,29.6,58.1,57.3,3,0.358,39.05,86.89
2026-05-08T18:38:59.786,2.99,361.45,29.6,58.1,57.3,2,0.3459,42.28,86.9
2026-05-08T18:39:00.137,2.97,347.76,29.7,57.7,57.3,4,0.436,63.72,86.91
2026-05-08T18:39:00.452,3.0,310.61,29.7,62.4,57.3,3,0.4878,68.15,86.91
2026-05-08T18:39:00.787,3.0,330.69,29.7,62.4,57.3,3,0.4694,61.15,86.91
2026-05-08T18:39:01.155,2.97,362.16,29.7,62.1,57.3,4,0.4872,64.43,86.92
2026-05-08T18:39:01.424,3.04,265.31,29.6,62.4,56.2,4,0.4851,61.96,86.92
2026-05-08T18:39:01.783,3.01,354.94,29.6,62.4,56.2,3,0.544,64.86,86.92
2026-05-08T18:39:02.154,2.98,364.82,29.6,61.9,57.9,4,0.5184,59.26,86.93
2026-05-08T18:39:02.462,3.01,303.46,29.8,61.0,57.9,3,0.4849,55.26,86.93
2026-05-08T18:39:02.829,2.99,362.78,29.8,61.0,57.9,3,0.4442,51.42,86.94
2026-05-08T18:39:03.222,2.94,389.11,29.8,61.0,57.9,3,0.5518,61.39,86.96
2026-05-08T18:39:03.599,2.91,372.91,29.8,66.3,56.2,4,0.3849,48.14,86.97
2026-05-08T18:39:03.962,2.9,359.3,29.6,60.0,56.2,4,0.3772,48.62,86.97
2026-05-08T18:39:04.304,2.9,336.89,29.6,60.0,56.2,4,0.3733,49.32,86.98
2026-05-08T18:39:04.596,2.95,288.48,29.5,57.2,57.9,6,0.446,55.98,86.98
2026-05-08T18:39:04.849,3.03,248.92,29.6,48.5,57.3,6,0.4576,61.72,86.97
2026-05-08T18:39:05.123,3.09,270.44,29.6,48.5,57.3,7,0.4337,60.11,86.96
2026-05-08T18:39:05.402,3.14,274.95,29.4,50.0,57.3,6,0.533,66.3,86.96
2026-05-08T18:39:05.766,3.1,360.14,29.4,50.0,57.3,6,0.4705,55.3,86.97
2026-05-08T18:39:06.165,3.03,394.65,29.4,63.1,58.4,6,0.4209,58.75,86.98
2026-05-08T18:39:06.532,3.0,361.18,29.5,68.2,57.9,7,0.4658,67.81,86.99
2026-05-08T18:39:06.883,2.99,346.18,29.4,58.8,55.6,5,0.4525,60.95,86.99
2026-05-08T18:39:07.215,2.99,327.92,29.4,58.8,55.6,6,0.4802,63.9,87.0
2026-05-08T18:39:07.551,3.0,331.65,29.4,56.0,57.9,5,0.5299,72.99,87.0
2026-05-08T18:39:07.811,3.07,255.51,29.4,56.0,57.9,6,0.5332,69.55,87.0
2026-05-08T18:39:08.062,3.14,246.94,29.4,50.0,57.3,6,0.5352,71.69,86.99
2026-05-08T18:39:08.314,3.22,248.12,29.4,50.0,57.3,6,0.5141,70.9,86.98
2026-05-08T18:39:08.571,3.28,253.2,29.4,43.2,57.3,5,0.4742,69.19,86.97
2026-05-08T18:39:08.822,3.34,247.73,29.4,43.2,57.3,7,0.4497,67.88,86.97
2026-05-08T18:39:09.075,3.4,248.35,29.4,46.3,57.3,6,0.5106,71.7,86.96
2026-05-08T18:39:09.427,3.34,348.23,29.4,53.7,57.3,5,0.5074,70.04,86.96
2026-05-08T18:39:09.769,3.29,337.97,29.4,53.7,57.3,5,0.5147,77.28,86.97
2026-05-08T18:39:10.117,3.25,343.06,29.6,58.6,56.2,4,0.6035,75.78,86.97
2026-05-08T18:39:10.569,3.11,448.53,29.6,69.2,56.8,4,0.5386,76.77,86.99
2026-05-08T18:39:10.885,3.12,311.95,29.6,53.5,57.3,6,0.4799,76.31,86.99
2026-05-08T18:39:11.135,3.19,246.35,29.6,53.5,57.3,4,0.5743,81.49,86.99
2026-05-08T18:39:11.419,3.23,279.49,29.5,55.5,57.9,5,0.6032,75.37,86.98
2026-05-08T18:39:11.699,3.26,276.97,29.5,55.5,57.9,6,0.5835,74.36,86.98
2026-05-08T18:39:11.995,3.28,291.45,29.6,50.5,57.3,5,0.614,79.35,86.98
2026-05-08T18:39:12.246,3.34,247.15,29.6,50.5,57.3,5,0.5476,76.02,86.97
2026-05-08T18:39:12.595,3.29,345.34,29.5,46.7,56.8,4,0.6378,66.61,86.98
2026-05-08T18:39:12.967,3.22,367.55,29.4,55.0,57.9,3,0.7178,75.79,86.99
2026-05-08T18:39:13.293,3.21,321.89,29.4,55.0,57.9,3,0.7553,79.33,86.99
2026-05-08T18:39:13.573,3.25,275.84,29.5,57.4,57.9,4,0.6816,75.81,86.98
2026-05-08T18:39:13.876,3.26,299.18,29.5,57.4,57.9,3,0.6986,78.41,86.98
2026-05-08T18:39:14.249,3.19,369.29,29.4,49.5,59.0,4,0.6328,78.93,86.99
2026-05-08T18:39:14.575,3.19,320.02,29.5,61.1,57.3,3,0.7737,82.75,86.99
2026-05-08T18:39:14.843,3.24,265.14,29.5,61.1,57.3,5,0.6218,85.5,86.99
2026-05-08T18:39:15.114,3.28,266.06,29.6,49.7,57.9,4,0.6792,81.18,86.99
2026-05-08T18:39:15.428,3.28,310.19,29.5,50.8,57.9,4,0.6955,79.92,86.99
2026-05-08T18:39:15.758,3.25,325.51,29.5,50.8,57.9,4,0.7836,85.3,86.99
2026-05-08T18:39:16.036,3.29,274.95,29.4,53.6,56.2,6,0.6433,83.55,86.99
2026-05-08T18:39:16.308,3.33,267.36,29.4,53.6,56.2,4,0.7275,87.97,86.98
2026-05-08T18:39:16.593,3.35,281.7,29.4,52.8,56.8,6,0.6007,88.19,86.98
2026-05-08T18:39:16.874,3.38,276.16,29.4,52.8,56.8,6,0.5609,84.32,86.97
2026-05-08T18:39:17.177,3.37,299.34,29.4,52.3,56.2,4,0.5704,87.91,86.97
2026-05-08T18:39:17.545,3.3,363.67,29.4,56.2,56.2,5,0.4694,84.52,86.98
2026-05-08T18:39:17.832,3.32,283.05,29.4,56.2,56.2,2,0.5871,87.7,86.98
2026-05-08T18:39:18.114,3.34,279.09,29.5,53.2,57.3,3,0.5011,87.15,86.98
2026-05-08T18:39:18.433,3.33,315.25,29.5,53.5,57.9,4,0.5634,88.9,86.98
2026-05-08T18:39:18.734,3.33,295.99,29.5,53.5,57.9,3,0.6542,90.33,86.98
2026-05-08T18:39:19.019,3.35,281.9,29.5,55.3,58.4,3,0.6452,90.79,86.97
2026-05-08T18:39:19.366,3.3,342.64,29.5,55.3,58.4,2,0.7679,90.96,86.98
2026-05-08T18:39:19.659,3.32,289.58,29.5,57.7,58.4,3,0.6837,90.95,86.98
2026-05-08T18:39:19.999,3.28,336.02,29.4,54.8,57.9,3,0.641,89.92,86.98
2026-05-08T18:39:20.366,3.22,362.61,29.4,54.8,57.9,4,0.657,88.1,86.99
2026-05-08T18:39:20.644,3.26,273.53,29.4,58.6,59.0,3,0.7117,88.77,86.98
2026-05-08T18:39:20.956,3.26,308.6,29.4,46.7,56.2,3,0.7306,82.7,86.99
2026-05-08T18:39:21.334,3.19,373.7,29.4,46.7,56.2,3,0.7575,88.05,86.99
2026-05-08T18:39:21.752,3.09,413.81,29.3,63.8,57.3,3,0.7393,88.6,87.01
2026-05-08T18:39:22.179,3.0,422.08,29.3,70.0,57.3,3,0.7575,79.55,87.02
2026-05-08T18:39:22.571,2.95,388.06,29.4,61.3,56.8,4,0.6242,79.38,87.03
2026-05-08T18:39:22.913,2.95,337.89,29.4,61.3,56.8,3,0.6201,83.63,87.03
2026-05-08T18:39:23.224,2.98,306.24,29.4,56.9,57.3,3,0.6626,78.87,87.03
2026-05-08T18:39:23.479,3.06,251.77,29.3,51.2,57.3,2,0.7324,74.43,87.03
2026-05-08T18:39:23.758,3.11,274.86,29.3,51.2,57.3,2,0.7025,80.57,87.03
2026-05-08T18:39:24.171,3.02,409.76,29.3,54.8,59.0,2,0.7464,83.27,87.04
2026-05-08T18:39:24.547,2.99,371.4,29.4,60.6,58.4,2,0.7175,75.82,87.04
2026-05-08T18:39:24.907,2.97,356.32,29.4,60.6,58.4,2,0.7046,80.49,87.05
2026-05-08T18:39:25.250,2.97,338.74,29.4,61.8,58.4,2,0.5601,76.43,87.05
2026-05-08T18:39:25.677,2.89,423.5,29.2,61.4,59.5,2,0.5714,75.64,87.07
2026-05-08T18:39:26.042,2.88,359.58,29.3,62.6,59.5,1,0.8053,80.53,87.07
2026-05-08T18:39:26.418,2.86,372.3,29.3,62.6,59.5,1,0.8235,82.35,87.08
2026-05-08T18:39:26.781,2.85,360.1,29.4,57.8,58.4,1,0.8438,84.38,87.09
2026-05-08T18:39:27.159,2.83,374.26,29.4,65.8,59.0,1,0.3952,39.52,87.1
2026-05-08T18:39:27.521,2.83,358.58,29.4,57.0,57.9,1,0.3504,35.04,87.1
2026-05-08T18:39:27.815,2.88,290.43,29.4,57.0,57.9,0,0.0,0.0,87.1
2026-05-08T18:39:28.065,2.97,245.92,29.4,47.9,57.3,1,0.2702,27.02,87.09
2026-05-08T18:39:28.316,3.05,247.8,29.4,47.9,57.3,1,0.4103,41.03,87.09
2026-05-08T18:39:28.566,3.12,247.12,29.4,45.4,57.9,1,0.429,42.9,87.08
2026-05-08T18:39:28.913,3.1,343.05,29.4,45.4,57.9,1,0.3,30.0,87.08
2026-05-08T18:39:29.276,3.07,359.32,29.4,52.5,58.4,1,0.2931,29.31,87.09
2026-05-08T18:39:29.622,3.05,342.32,29.5,58.1,59.0,2,0.4471,55.99,87.09
2026-05-08T18:39:29.974,3.03,348.93,29.6,54.5,58.4,2,0.4998,61.67,87.1
2026-05-08T18:39:30.320,3.02,341.39,29.6,54.5,58.4,2,0.3676,37.4,87.1
2026-05-08T18:39:30.575,3.1,251.76,29.5,51.5,59.5,1,0.3825,38.25,87.1
2026-05-08T18:39:30.825,3.17,247.11,29.5,51.5,59.5,1,0.3513,35.13,87.09
2026-05-08T18:39:31.077,3.24,248.07,29.5,47.1,57.9,0,0.0,0.0,87.08
2026-05-08T18:39:31.331,3.3,250.93,29.5,47.1,57.9,1,0.3028,30.28,87.08
2026-05-08T18:39:31.587,3.36,252.48,29.4,44.0,57.9,2,0.3624,37.67,87.07
2026-05-08T18:39:31.942,3.3,351.74,29.4,44.0,57.9,2,0.4334,47.11,87.08
2026-05-08T18:39:32.355,3.19,408.63,29.4,58.3,57.9,2,0.315,34.21,87.09
2026-05-08T18:39:32.690,3.17,331.91,29.4,66.3,56.8,0,0.0,0.0,87.09
2026-05-08T18:39:33.023,3.15,329.56,29.5,53.9,57.9,1,0.3611,36.11,87.09
2026-05-08T18:39:33.353,3.15,325.73,29.5,53.9,57.9,1,0.2834,28.34,87.09
2026-05-08T18:39:33.602,3.22,246.36,29.6,52.0,59.5,0,0.0,0.0,87.09
2026-05-08T18:39:34.033,3.1,427.44,29.5,67.8,59.5,0,0.0,0.0,87.1
2026-05-08T18:39:34.328,3.13,292.0,29.5,67.8,59.5,0,0.0,0.0,87.1
2026-05-08T18:39:34.579,3.2,247.62,29.4,51.7,58.4,0,0.0,0.0,87.09
2026-05-08T18:39:34.831,3.27,249.3,29.4,51.7,58.4,0,0.0,0.0,87.09
2026-05-08T18:39:35.206,3.2,372.0,29.5,52.2,59.5,1,0.365,36.5,87.09
2026-05-08T18:39:35.544,3.18,334.24,29.5,57.7,59.5,2,0.2962,34.02,87.1
2026-05-08T18:39:35.903,3.14,355.16,29.5,57.7,59.5,0,0.0,0.0,87.1
2026-05-08T18:39:36.245,3.12,338.01,29.4,59.2,57.9,0,0.0,0.0,87.11
2026-05-08T18:39:36.605,3.08,356.01,29.4,57.6,59.0,0,0.0,0.0,87.11
2026-05-08T18:39:36.952,3.07,344.08,29.4,57.6,59.0,0,0.0,0.0,87.11
2026-05-08T18:39:37.321,3.03,365.56,29.3,59.1,59.0,0,0.0,0.0,87.12
2026-05-08T18:39:37.695,2.99,370.46,29.5,62.8,57.9,0,0.0,0.0,87.13
2026-05-08T18:39:38.018,3.01,319.83,29.5,54.3,57.9,0,0.0,0.0,87.13
2026-05-08T18:39:38.268,3.09,246.91,29.5,54.3,57.9,1,0.3156,31.56,87.12
2026-05-08T18:39:38.584,3.1,312.78,29.5,51.0,58.4,1,0.3525,35.25,87.12
2026-05-08T18:39:38.942,3.07,354.13,29.5,51.0,58.4,0,0.0,0.0,87.13
2026-05-08T18:39:39.268,3.07,322.93,29.4,55.3,57.3,1,0.3875,38.75,87.13
2026-05-08T18:39:39.611,3.06,339.6,29.3,54.9,57.9,2,0.3873,49.5,87.13
2026-05-08T18:39:39.954,3.05,338.61,29.3,54.9,57.9,2,0.3001,30.37,87.13
2026-05-08T18:39:40.207,3.12,249.89,29.4,54.2,59.0,1,0.2943,29.43,87.13
2026-05-08T18:39:40.456,3.19,245.72,29.4,54.2,59.0,2,0.3589,40.47,87.12
2026-05-08T18:39:40.709,3.26,249.07,29.3,46.8,60.0,5,0.3306,42.6,87.12
2026-05-08T18:39:40.960,3.33,247.79,29.3,46.8,60.0,3,0.4375,60.79,87.11
2026-05-08T18:39:41.222,3.37,258.27,29.3,44.9,59.5,4,0.3524,50.74,87.11
2026-05-08T18:39:41.578,3.31,352.28,29.3,50.7,57.9,2,0.5031,67.27,87.11
2026-05-08T18:39:41.910,3.28,327.37,29.3,50.7,57.9,1,0.4681,46.81,87.11
2026-05-08T18:39:42.260,3.24,346.94,29.5,58.3,59.0,3,0.2911,33.59,87.12
2026-05-08T18:39:42.675,3.13,410.85,29.5,60.4,58.4,3,0.4812,59.27,87.13
2026-05-08T18:39:43.015,3.12,336.31,29.5,60.4,58.4,3,0.4383,67.02,87.13
2026-05-08T18:39:43.288,3.17,268.76,29.6,57.3,59.0,4,0.3178,40.97,87.13
2026-05-08T18:39:43.546,3.23,254.7,29.5,48.3,59.5,2,0.5595,65.84,87.12
2026-05-08T18:39:43.796,3.3,246.92,29.5,48.3,59.5,2,0.3681,40.01,87.12
2026-05-08T18:39:44.047,3.36,247.25,29.4,47.1,60.0,3,0.5018,62.92,87.11
2026-05-08T18:39:44.301,3.41,250.34,29.4,47.1,60.0,3,0.5303,67.16,87.1
2026-05-08T18:39:44.646,3.36,340.87,29.4,52.7,58.4,3,0.4419,56.97,87.11
2026-05-08T18:39:45.005,3.3,354.99,29.4,52.7,58.4,3,0.5595,68.85,87.11
2026-05-08T18:39:45.344,3.26,335.98,29.4,56.1,58.4,3,0.5129,60.11,87.12
2026-05-08T18:39:45.688,3.23,339.46,29.3,55.4,57.9,4,0.5699,74.15,87.12
2026-05-08T18:39:46.012,3.22,319.72,29.3,55.4,57.9,3,0.5211,67.11,87.12
2026-05-08T18:39:46.263,3.28,248.29,29.3,53.5,58.4,5,0.5127,71.92,87.11
2026-05-08T18:39:46.515,3.35,247.47,29.3,53.5,58.4,4,0.4758,71.04,87.11
2026-05-08T18:39:46.766,3.4,247.41,29.5,48.1,56.2,6,0.4012,71.76,87.1
2026-05-08T18:39:47.017,3.46,247.06,29.5,48.1,56.2,4,0.4825,68.31,87.1
2026-05-08T18:39:47.268,3.51,247.1,29.4,46.0,58.4,3,0.5222,68.47,87.09
2026-05-08T18:39:47.624,3.43,352.8,29.4,52.5,58.4,4,0.3697,67.23,87.1
2026-05-08T18:39:48.006,3.33,377.18,29.4,52.5,58.4,3,0.4981,61.18,87.1
2026-05-08T18:39:48.322,3.32,312.76,29.4,69.0,58.4,5,0.4704,79.84,87.1
2026-05-08T18:39:48.648,3.29,321.97,29.3,56.1,57.9,6,0.5167,84.49,87.1
2026-05-08T18:39:48.984,3.26,331.54,29.3,56.1,57.9,4,0.4834,74.76,87.11
2026-05-08T18:39:49.242,3.32,254.51,29.3,52.3,59.0,4,0.462,75.07,87.1
2026-05-08T18:39:49.498,3.38,252.01,29.3,52.3,59.0,2,0.6109,78.73,87.1
2026-05-08T18:39:49.758,3.42,256.65,29.4,44.9,59.5,3,0.6264,82.44,87.09
2026-05-08T18:39:50.009,3.47,247.48,29.4,44.9,59.5,3,0.6101,82.63,87.09
2026-05-08T18:39:50.263,3.52,250.33,29.4,44.9,60.0,3,0.6502,83.73,87.08
2026-05-08T18:39:50.606,3.45,338.64,29.4,52.0,57.9,4,0.5623,81.55,87.08
2026-05-08T18:39:50.959,3.38,348.87,29.4,52.0,57.9,5,0.6014,84.76,87.09
2026-05-08T18:39:51.292,3.35,328.68,29.4,56.8,56.8,4,0.7023,86.75,87.09
2026-05-08T18:39:51.649,3.29,353.07,29.4,56.3,59.5,5,0.6158,85.31,87.1
2026-05-08T18:39:51.992,3.25,339.19,29.4,56.3,59.5,5,0.6179,85.61,87.1
2026-05-08T18:39:52.268,3.29,271.37,29.3,52.3,57.9,5,0.6648,87.92,87.1
2026-05-08T18:39:52.530,3.34,258.3,29.3,52.3,57.9,5,0.5395,86.18,87.09
2026-05-08T18:39:52.791,3.39,257.1,29.3,44.2,58.4,5,0.5878,89.59,87.09
2026-05-08T18:39:53.073,3.41,277.77,29.2,54.5,60.0,7,0.4879,87.19,87.08
2026-05-08T18:39:53.371,3.41,293.84,29.2,54.5,60.0,4,0.5148,84.68,87.08
2026-05-08T18:39:53.723,3.34,348.66,29.2,53.8,59.5,5,0.538,84.01,87.09
2026-05-08T18:39:54.097,3.27,369.65,29.3,57.4,58.4,5,0.6304,75.56,87.09
2026-05-08T18:39:54.435,3.24,333.85,29.3,57.4,58.4,5,0.6077,78.92,87.1
2026-05-08T18:39:54.782,3.2,341.97,29.2,55.1,57.9,6,0.5407,73.75,87.1
2026-05-08T18:39:55.126,3.17,340.29,29.2,54.0,57.3,5,0.5727,71.62,87.1
2026-05-08T18:39:55.383,3.24,253.44,29.2,54.0,57.3,6,0.5375,72.17,87.1
2026-05-08T18:39:55.636,3.3,248.12,29.2,47.8,57.9,7,0.4295,68.14,87.09
2026-05-08T18:39:55.888,3.36,248.4,29.2,47.8,57.9,4,0.5314,73.49,87.09
2026-05-08T18:39:56.139,3.42,246.89,29.2,47.0,56.8,3,0.543,79.06,87.08
2026-05-08T18:39:56.389,3.48,246.69,29.2,47.0,56.8,4,0.5019,81.18,87.08
2026-05-08T18:39:56.736,3.41,343.3,29.3,49.5,57.9,5,0.4463,83.11,87.08
2026-05-08T18:39:57.100,3.33,359.7,29.4,56.4,56.8,5,0.5433,75.82,87.08
2026-05-08T18:39:57.451,3.28,346.81,29.4,56.4,56.8,6,0.5115,83.57,87.09
2026-05-08T18:39:57.795,3.25,339.48,29.4,54.5,58.4,5,0.6351,86.59,87.09
2026-05-08T18:39:58.187,3.16,387.85,29.5,62.2,57.9,5,0.6417,82.25,87.1
2026-05-08T18:39:58.572,3.1,380.52,29.5,62.2,57.9,5,0.5289,83.76,87.1
2026-05-08T18:39:58.842,3.16,265.86,29.4,65.2,56.8,5,0.6056,82.5,87.1
2026-05-08T18:39:59.094,3.23,248.72,29.3,48.0,57.9,4,0.6212,84.92,87.1
2026-05-08T18:39:59.346,3.29,247.85,29.3,48.0,57.9,5,0.5012,84.68,87.09
2026-05-08T18:39:59.596,3.36,246.12,29.2,45.5,57.3,4,0.6129,87.17,87.09
2026-05-08T18:39:59.918,3.33,318.12,29.2,45.5,57.3,4,0.569,84.83,87.09
2026-05-08T18:40:00.275,3.28,352.82,29.3,58.2,59.5,5,0.5505,85.15,87.09
2026-05-08T18:40:00.599,3.26,320.12,29.4,58.4,59.5,5,0.557,87.9,87.09
2026-05-08T18:40:00.953,3.21,349.43,29.4,58.4,59.5,4,0.6535,87.88,87.1
2026-05-08T18:40:01.297,3.18,340.06,29.5,56.0,57.9,4,0.6836,89.18,87.1
2026-05-08T18:40:01.552,3.25,250.78,29.5,56.0,57.9,4,0.6484,88.7,87.09
2026-05-08T18:40:01.803,3.31,247.92,29.5,48.5,58.4,4,0.624,86.83,87.09
2026-05-08T18:40:02.157,3.26,350.35,29.5,46.8,60.0,5,0.4923,88.14,87.09
2026-05-08T18:40:02.408,3.33,247.05,29.5,46.8,60.0,5,0.5221,81.61,87.09
2026-05-08T18:40:02.659,3.39,247.19,29.3,45.2,57.9,4,0.5026,80.32,87.08
2026-05-08T18:40:02.987,3.35,323.66,29.3,45.2,57.9,2,0.5683,66.85,87.08
2026-05-08T18:40:03.422,3.21,430.81,29.3,55.7,58.4,5,0.4749,67.27,87.09
2026-05-08T18:40:03.769,3.18,342.77,29.4,67.2,57.3,4,0.4568,50.92,87.1
2026-05-08T18:40:04.102,3.16,329.43,29.4,67.2,57.3,4,0.5111,72.91,87.1
2026-05-08T18:40:04.431,3.16,323.89,29.4,56.3,58.4,2,0.7607,84.63,87.1
2026-05-08T18:40:04.681,3.23,246.56,29.5,52.3,56.2,2,0.7566,79.98,87.1
2026-05-08T18:40:04.946,3.28,261.98,29.5,52.3,56.2,2,0.773,85.59,87.09
2026-05-08T18:40:05.196,3.34,246.03,29.4,44.4,57.9,2,0.7333,80.26,87.09
2026-05-08T18:40:05.446,3.4,246.98,29.4,44.4,57.9,2,0.5519,58.36,87.08
2026-05-08T18:40:05.698,3.46,247.78,29.3,47.5,55.6,1,0.5662,56.62,87.08
2026-05-08T18:40:06.069,3.36,368.43,29.3,47.5,55.6,1,0.6213,62.13,87.08
2026-05-08T18:40:06.427,3.3,354.02,29.5,56.4,59.5,1,0.6658,66.58,87.09
2026-05-08T18:40:06.772,3.26,340.85,29.4,56.9,58.4,1,0.6677,66.77,87.09
2026-05-08T18:40:07.135,3.21,359.64,29.5,55.4,56.8,1,0.3511,35.11,87.09
2026-05-08T18:40:07.489,3.17,349.81,29.5,55.4,56.8,3,0.4352,66.15,87.1
2026-05-08T18:40:07.742,3.23,250.35,29.5,50.3,57.9,1,0.5174,51.74,87.09
2026-05-08T18:40:08.000,3.29,254.5,29.5,50.3,57.9,1,0.7057,70.57,87.09
2026-05-08T18:40:08.252,3.35,248.06,29.5,45.5,57.9,2,0.4644,57.39,87.08
2026-05-08T18:40:08.527,3.38,272.03,29.5,45.5,57.9,2,0.389,47.64,87.08
2026-05-08T18:40:08.821,3.39,289.86,29.3,54.8,57.9,2,0.5411,72.36,87.08
2026-05-08T18:40:09.144,3.36,320.08,29.3,54.9,57.9,3,0.4824,68.14,87.08
2026-05-08T18:40:09.516,3.28,367.71,29.3,54.9,57.9,3,0.4611,75.9,87.09
2026-05-08T18:40:09.863,3.24,343.14,29.2,56.8,59.5,4,0.3719,56.87,87.09
2026-05-08T18:40:10.210,3.21,342.28,29.2,54.0,60.0,5,0.4446,72.22,87.09
2026-05-08T18:40:10.558,3.17,343.96,29.2,54.0,60.0,5,0.4406,76.41,87.1
2026-05-08T18:40:10.820,3.23,258.76,29.2,54.1,60.6,5,0.4651,79.93,87.09
2026-05-08T18:40:11.071,3.3,246.74,29.2,54.1,60.6,5,0.5253,76.43,87.09
2026-05-08T18:40:11.322,3.36,247.36,29.2,43.7,58.4,4,0.5185,76.92,87.08
2026-05-08T18:40:11.573,3.42,246.88,29.2,43.7,58.4,4,0.5609,72.56,87.08
2026-05-08T18:40:11.826,3.47,249.27,29.1,45.1,59.5,4,0.6029,73.96,87.07
2026-05-08T18:40:12.155,3.43,325.71,29.2,53.5,58.4,4,0.5991,62.75,87.07
2026-05-08T18:40:12.511,3.36,351.74,29.2,53.5,58.4,4,0.5253,60.37,87.08
2026-05-08T18:40:12.854,3.31,338.32,29.2,55.6,57.9,3,0.6138,65.18,87.08
2026-05-08T18:40:13.203,3.27,344.75,29.2,56.0,59.0,4,0.4852,72.85,87.08
2026-05-08T18:40:13.568,3.21,360.47,29.2,56.0,59.0,3,0.5346,71.2,87.09
2026-05-08T18:40:13.838,3.26,266.87,29.2,60.4,57.9,4,0.5032,68.34,87.09
2026-05-08T18:40:14.131,3.28,288.33,29.2,60.4,57.9,4,0.576,75.84,87.08
2026-05-08T18:40:14.398,3.32,263.75,29.4,48.2,59.5,3,0.6401,71.53,87.08
2026-05-08T18:40:14.734,3.29,331.83,29.3,55.0,57.9,3,0.5767,70.59,87.08
2026-05-08T18:40:15.084,3.24,346.52,29.3,55.0,57.9,3,0.5547,71.75,87.09
2026-05-08T18:40:15.445,3.19,356.36,29.3,59.2,58.4,4,0.5854,70.92,87.09
2026-05-08T18:40:15.795,3.16,345.97,29.3,61.7,59.0,3,0.5974,71.59,87.09
2026-05-08T18:40:16.150,3.13,350.96,29.3,61.7,59.0,2,0.6446,65.58,87.1
2026-05-08T18:40:16.490,3.11,336.34,29.3,62.3,58.4,3,0.6145,77.1,87.1
2026-05-08T18:40:16.843,3.08,348.46,29.2,53.6,59.0,3,0.5766,69.89,87.1
2026-05-08T18:40:17.123,3.13,276.32,29.2,53.6,59.0,2,0.7497,77.65,87.1
2026-05-08T18:40:17.376,3.2,249.69,29.3,51.0,58.4,2,0.7311,73.83,87.1
2026-05-08T18:40:17.637,3.26,257.81,29.3,51.0,58.4,2,0.6195,74.32,87.09
2026-05-08T18:40:17.895,3.31,253.82,29.3,43.1,59.0,2,0.5999,74.59,87.09
2026-05-08T18:40:18.147,3.37,249.2,29.3,43.1,59.0,2,0.5628,76.67,87.08
2026-05-08T18:40:18.487,3.33,336.07,29.2,46.3,57.9,3,0.5182,76.54,87.09
2026-05-08T18:40:19.039,3.08,547.56,29.3,57.8,57.3,3,0.6254,74.69,87.1
2026-05-08T18:40:19.413,3.03,370.71,29.4,78.0,60.0,3,0.6275,74.31,87.11
2026-05-08T18:40:19.767,3.02,349.0,29.2,55.0,58.4,2,0.6284,75.54,87.11
2026-05-08T18:40:20.051,3.06,280.8,29.2,55.0,58.4,1,0.7819,78.19,87.11
2026-05-08T18:40:20.306,3.13,251.21,29.2,51.7,58.4,2,0.6039,76.61,87.11
2026-05-08T18:40:20.558,3.21,248.9,29.2,51.7,58.4,2,0.647,65.26,87.1
2026-05-08T18:40:20.811,3.27,249.02,29.3,46.7,57.3,2,0.6406,74.15,87.1
2026-05-08T18:40:21.060,3.34,245.41,29.3,46.7,57.3,2,0.6709,74.12,87.09
2026-05-08T18:40:21.325,3.38,262.07,29.2,44.2,58.4,2,0.7248,77.78,87.09
2026-05-08T18:40:21.645,3.36,316.5,29.2,44.2,58.4,2,0.5019,71.73,87.09
2026-05-08T18:40:21.988,3.31,338.58,29.2,53.6,57.9,1,0.7019,70.19,87.09
2026-05-08T18:40:22.326,3.28,334.14,29.3,60.1,56.8,2,0.5064,63.9,87.09
2026-05-08T18:40:22.661,3.25,331.67,29.3,60.1,56.8,1,0.7777,77.77,87.1
2026-05-08T18:40:23.012,3.21,347.25,29.3,54.8,57.9,1,0.8317,83.17,87.1
2026-05-08T18:40:23.267,3.27,251.93,29.2,53.0,59.0,1,0.8117,81.17,87.1
2026-05-08T18:40:23.524,3.33,252.77,29.2,53.0,59.0,1,0.8172,81.72,87.09
2026-05-08T18:40:23.773,3.39,245.84,29.3,45.5,57.3,1,0.836,83.6,87.09
2026-05-08T18:40:24.044,3.42,268.28,29.3,45.5,57.3,1,0.7021,70.21,87.08
2026-05-08T18:40:24.329,3.43,281.49,29.3,53.3,58.4,1,0.4947,49.47,87.08
2026-05-08T18:40:24.679,3.37,345.95,29.3,53.3,58.4,1,0.6865,68.65,87.09
2026-05-08T18:40:25.033,3.31,350.11,29.5,56.2,56.2,0,0.0,0.0,87.09
2026-05-08T18:40:25.374,3.27,338.4,29.5,58.3,57.9,0,0.0,0.0,87.09
2026-05-08T18:40:25.717,3.24,339.07,29.5,55.1,56.2,1,0.277,27.7,87.09
2026-05-08T18:40:26.072,3.19,351.63,29.5,55.1,56.2,2,0.2758,27.96,87.1
2026-05-08T18:40:26.327,3.26,251.81,29.6,52.5,56.2,1,0.3493,34.93,87.09
2026-05-08T18:40:26.578,3.32,247.68,29.6,52.5,56.2,1,0.2969,29.69,87.09
2026-05-08T18:40:26.828,3.38,246.55,29.5,47.0,57.3,1,0.3978,39.78,87.08
2026-05-08T18:40:27.079,3.44,247.42,29.5,47.0,57.3,2,0.3933,39.82,87.08
2026-05-08T18:40:27.330,3.49,247.68,29.4,47.5,56.8,3,0.4288,57.39,87.08
2026-05-08T18:40:27.661,3.44,327.59,29.4,47.5,56.8,3,0.4228,51.35,87.08
2026-05-08T18:40:28.023,3.36,357.48,29.4,54.5,56.2,1,0.5809,58.09,87.08
2026-05-08T18:40:28.371,3.31,344.82,29.5,55.9,57.9,3,0.447,67.18,87.08
2026-05-08T18:40:28.705,3.28,329.9,29.5,55.9,57.9,2,0.582,63.12,87.09
2026-05-08T18:40:29.022,3.27,312.71,29.5,55.0,58.4,3,0.3987,52.77,87.09
2026-05-08T18:40:29.346,3.26,320.68,29.5,56.1,57.3,3,0.4465,58.94,87.09
2026-05-08T18:40:29.623,3.29,273.39,29.5,56.1,57.3,3,0.4052,50.56,87.08
2026-05-08T18:40:29.894,3.33,266.81,29.5,53.2,57.3,4,0.4567,58.04,87.08
2026-05-08T18:40:30.145,3.39,247.55,29.5,53.2,57.3,4,0.4375,56.68,87.08
2026-05-08T18:40:30.402,3.44,253.69,29.5,46.7,57.9,4,0.4274,56.48,87.07
2026-05-08T18:40:30.735,3.4,328.75,29.5,53.7,56.2,5,0.4545,55.06,87.08
2026-05-08T18:40:31.078,3.34,339.49,29.5,53.7,56.2,5,0.4881,70.93,87.08
2026-05-08T18:40:31.413,3.31,331.08,29.5,57.4,59.5,5,0.4924,62.51,87.08
2026-05-08T18:40:31.742,3.28,324.33,29.4,54.1,58.4,5,0.4884,64.61,87.08
2026-05-08T18:40:32.054,3.28,307.54,29.4,54.1,58.4,6,0.4961,64.2,87.08
2026-05-08T18:40:32.327,3.32,268.33,29.3,57.3,57.9,6,0.5091,66.89,87.08
2026-05-08T18:40:32.581,3.38,249.86,29.3,57.3,57.9,5,0.4474,67.58,87.07
2026-05-08T18:40:32.832,3.43,247.91,29.3,47.3,59.0,5,0.4583,60.64,87.07
2026-05-08T18:40:33.083,3.49,246.87,29.3,47.3,59.0,4,0.4738,56.57,87.07
2026-05-08T18:40:33.333,3.54,246.01,29.3,46.8,58.4,5,0.3844,62.3,87.06
2026-05-08T18:40:33.675,3.47,338.37,29.3,46.8,58.4,6,0.4085,66.42,87.06
2026-05-08T18:40:34.037,3.39,357.43,29.3,54.0,58.4,4,0.5231,68.25,87.07
2026-05-08T18:40:34.398,3.32,356.18,29.4,57.5,56.8,3,0.5348,66.5,87.07
2026-05-08T18:40:34.763,3.25,361.82,29.3,62.8,57.3,3,0.6443,75.26,87.08
2026-05-08T18:40:35.114,3.21,346.26,29.3,62.8,57.3,5,0.5585,74.05,87.08
2026-05-08T18:40:35.378,3.27,260.04,29.4,54.0,58.4,6,0.5403,72.79,87.08
2026-05-08T18:40:35.627,3.33,245.7,29.4,54.0,58.4,5,0.5376,67.19,87.07
2026-05-08T18:40:35.883,3.39,251.99,29.3,44.7,57.3,5,0.5798,66.86,87.07
2026-05-08T18:40:36.133,3.44,246.22,29.3,44.7,57.3,5,0.5593,70.12,87.06
2026-05-08T18:40:36.384,3.5,246.99,29.3,46.8,57.3,5,0.5142,70.14,87.06
2026-05-08T18:40:36.753,3.4,364.78,29.3,46.8,57.3,4,0.5352,74.61,87.06
2026-05-08T18:40:37.116,3.33,358.05,29.3,55.6,59.0,4,0.5731,75.02,87.07
2026-05-08T18:40:37.463,3.28,342.87,29.5,56.1,57.9,3,0.654,70.3,87.07
2026-05-08T18:40:37.814,3.24,347.0,29.5,56.5,56.8,4,0.5745,73.53,87.07
2026-05-08T18:40:38.133,3.23,314.68,29.5,56.5,56.8,5,0.523,76.65,87.07
2026-05-08T18:40:38.388,3.29,251.44,29.5,54.2,59.5,4,0.5612,79.13,87.07
2026-05-08T18:40:38.646,3.35,254.25,29.5,54.2,59.5,3,0.6055,76.65,87.07
2026-05-08T18:40:38.898,3.41,247.84,29.4,46.5,59.5,4,0.5533,79.02,87.06
2026-05-08T18:40:39.149,3.46,247.6,29.4,46.5,59.5,6,0.4537,75.8,87.06
2026-05-08T18:40:39.407,3.5,254.1,29.3,44.6,56.8,5,0.5405,82.34,87.05
2026-05-08T18:40:39.769,3.42,357.73,29.4,62.8,56.8,4,0.6206,82.46,87.06
2026-05-08T18:40:40.136,3.34,363.1,29.4,62.8,57.3,6,0.5406,80.2,87.06
2026-05-08T18:40:40.494,3.28,353.41,29.4,59.4,57.9,7,0.5119,80.94,87.07
2026-05-08T18:40:40.842,3.24,343.35,29.4,54.1,57.9,8,0.5191,81.83,87.07
2026-05-08T18:40:41.154,3.24,307.18,29.4,54.1,57.9,4,0.5269,73.03,87.07
2026-05-08T18:40:41.403,3.31,245.31,29.4,52.1,59.0,5,0.5499,82.22,87.06
2026-05-08T18:40:41.654,3.37,247.51,29.4,52.1,59.0,4,0.6173,77.22,87.06
2026-05-08T18:40:41.906,3.42,248.16,29.5,46.3,58.4,5,0.525,82.82,87.06
2026-05-08T18:40:42.162,3.47,251.78,29.5,46.3,58.4,5,0.5759,78.29,87.05
2026-05-08T18:40:42.419,3.51,253.64,29.4,46.0,57.3,5,0.5814,78.35,87.05
2026-05-08T18:40:42.861,3.33,437.36,29.5,67.8,58.4,5,0.5283,79.06,87.06
2026-05-08T18:40:43.231,3.26,365.77,29.5,67.8,58.4,5,0.5398,81.44,87.06
2026-05-08T18:40:43.562,3.24,326.08,29.4,54.9,57.3,5,0.5224,70.47,87.06
2026-05-08T18:40:43.899,3.22,333.24,29.5,56.6,59.0,5,0.5916,82.34,87.07
2026-05-08T18:40:44.198,3.23,295.26,29.5,56.6,59.0,6,0.5008,87.27,87.07
2026-05-08T18:40:44.448,3.3,245.71,29.5,53.5,59.0,5,0.6303,84.11,87.06
2026-05-08T18:40:44.701,3.36,249.54,29.5,53.5,59.0,5,0.5623,85.9,87.06
2026-05-08T18:40:45.049,3.31,343.31,29.5,49.2,57.3,4,0.5773,82.41,87.06
2026-05-08T18:40:45.335,3.33,282.74,29.5,51.3,59.5,4,0.4972,60.05,87.06
2026-05-08T18:40:45.609,3.37,269.13,29.5,51.3,59.5,5,0.4393,53.3,87.06
2026-05-08T18:40:45.947,3.32,334.5,29.3,53.0,59.0,4,0.401,50.96,87.06
2026-05-08T18:40:46.290,3.28,339.12,29.3,58.2,57.9,3,0.5685,65.12,87.06
2026-05-08T18:40:46.623,3.26,329.12,29.3,58.2,57.9,3,0.5975,70.28,87.06
2026-05-08T18:40:46.977,3.21,349.87,29.2,55.4,57.9,3,0.5408,61.45,87.06
2026-05-08T18:40:47.316,3.19,334.8,29.3,53.0,60.6,3,0.549,71.65,87.07
2026-05-08T18:40:47.566,3.26,246.24,29.3,53.0,60.6,3,0.545,69.81,87.06
2026-05-08T18:40:47.818,3.32,248.89,29.2,48.0,59.5,4,0.558,74.75,87.06
2026-05-08T18:40:48.069,3.38,247.28,29.2,48.0,59.5,3,0.5414,65.94,87.06
2026-05-08T18:40:48.322,3.43,249.3,29.1,46.5,59.5,4,0.4857,65.22,87.05
2026-05-08T18:40:48.573,3.49,246.98,29.1,46.5,59.5,4,0.545,73.72,87.05
2026-05-08T18:40:48.922,3.42,345.69,29.2,53.2,58.4,5,0.4561,67.04,87.05
2026-05-08T18:40:49.278,3.35,351.11,29.2,53.2,58.4,5,0.539,70.3,87.05
2026-05-08T18:40:49.620,3.31,338.12,29.3,53.8,57.9,4,0.5197,71.68,87.06
2026-05-08T18:40:50.011,3.22,386.66,29.3,55.4,57.3,5,0.4426,71.77,87.06
2026-05-08T18:40:50.370,3.17,355.08,29.3,63.5,59.5,6,0.5172,73.36,87.06
2026-05-08T18:40:50.649,3.21,274.46,29.3,63.5,59.5,5,0.5052,75.96,87.06
2026-05-08T18:40:50.902,3.28,249.12,29.3,51.5,59.5,4,0.5576,76.0,87.06
2026-05-08T18:40:51.151,3.34,245.56,29.3,51.5,59.5,4,0.5694,77.8,87.05
2026-05-08T18:40:51.405,3.4,249.6,29.3,45.5,57.3,5,0.5375,74.95,87.05
2026-05-08T18:40:51.655,3.46,246.64,29.3,45.5,57.3,4,0.5902,73.67,87.05
2026-05-08T18:40:51.995,3.4,336.19,29.3,48.5,58.4,5,0.5019,72.34,87.05
2026-05-08T18:40:52.359,3.33,359.02,29.4,58.4,56.8,6,0.4903,71.27,87.05
2026-05-08T18:40:52.700,3.29,336.45,29.4,58.4,56.8,4,0.536,63.44,87.05
2026-05-08T18:40:53.033,3.26,328.62,29.5,53.8,56.8,7,0.4332,70.39,87.06
2026-05-08T18:40:53.368,3.24,331.0,29.5,54.4,56.2,7,0.3882,71.14,87.06
2026-05-08T18:40:53.620,3.3,248.02,29.5,54.4,56.2,6,0.489,63.16,87.05
2026-05-08T18:40:53.870,3.36,245.77,29.5,48.5,58.4,4,0.501,58.78,87.05
2026-05-08T18:40:54.126,3.42,252.49,29.5,48.5,58.4,6,0.4781,64.53,87.05
2026-05-08T18:40:54.378,3.47,248.66,29.6,43.8,55.6,4,0.5186,59.97,87.04
2026-05-08T18:40:54.629,3.52,247.27,29.6,43.8,55.6,4,0.4611,77.63,87.04
2026-05-08T18:40:54.975,3.45,342.2,29.6,49.0,57.3,5,0.4655,72.35,87.04
2026-05-08T18:40:55.425,3.27,444.96,29.6,66.7,56.8,4,0.5625,76.48,87.05
2026-05-08T18:40:55.782,3.22,353.15,29.6,66.7,56.8,4,0.5057,77.29,87.05
2026-05-08T18:40:56.132,3.19,346.09,29.6,55.5,57.3,4,0.5719,79.1,87.06
2026-05-08T18:40:56.454,3.18,317.86,29.6,55.3,56.2,3,0.642,83.51,87.06
2026-05-08T18:40:56.706,3.25,248.33,29.6,55.3,56.2,4,0.6344,83.98,87.05
2026-05-08T18:40:56.959,3.31,248.78,29.6,47.8,56.8,5,0.5266,86.9,87.05
2026-05-08T18:40:57.208,3.38,245.88,29.6,47.8,56.8,3,0.6669,88.17,87.05
2026-05-08T18:40:57.459,3.43,246.88,29.4,45.7,56.8,3,0.7416,86.07,87.04
2026-05-08T18:40:57.709,3.49,246.22,29.4,45.7,56.8,3,0.716,88.07,87.04
2026-05-08T18:40:58.034,3.45,321.3,29.4,49.8,58.4,3,0.72,89.05,87.04
2026-05-08T18:40:58.400,3.36,362.07,29.6,56.6,56.2,3,0.6814,87.76,87.04
2026-05-08T18:40:58.750,3.31,346.02,29.6,56.6,56.2,3,0.7268,85.79,87.05
2026-05-08T18:40:59.088,3.27,333.91,29.5,54.8,58.4,3,0.7449,86.29,87.05
2026-05-08T18:40:59.417,3.25,325.42,29.6,54.8,56.8,3,0.6491,84.1,87.05
2026-05-08T18:40:59.673,3.31,252.5,29.6,54.8,56.8,3,0.6713,75.43,87.05
2026-05-08T18:40:59.929,3.37,252.48,29.5,49.5,56.2,3,0.7563,82.69,87.04
2026-05-08T18:41:00.181,3.42,248.18,29.5,49.5,56.2,3,0.5636,75.57,87.04
2026-05-08T18:41:00.480,3.42,294.85,29.6,47.4,55.6,3,0.6041,81.85,87.04
2026-05-08T18:41:00.775,3.42,291.52,29.6,47.4,55.6,2,0.5682,67.25,87.04
2026-05-08T18:41:01.112,3.37,333.69,29.7,54.4,57.9,2,0.5568,72.29,87.04
2026-05-08T18:41:01.477,3.3,360.6,29.8,58.9,58.4,2,0.572,62.46,87.04
2026-05-08T18:41:01.819,3.26,338.65,29.8,58.9,58.4,2,0.6667,79.01,87.05
2026-05-08T18:41:02.176,3.21,353.15,29.7,55.4,57.3,2,0.5964,81.47,87.05
2026-05-08T18:41:02.515,3.19,334.23,29.7,58.4,57.3,2,0.5251,58.85,87.05
2026-05-08T18:41:02.774,3.25,255.39,29.7,58.4,57.3,2,0.4245,58.5,87.05
2026-05-08T18:41:03.027,3.31,249.42,29.6,51.0,57.3,2,0.4094,45.03,87.04
2026-05-08T18:41:03.278,3.37,248.04,29.6,51.0,57.3,3,0.299,31.29,87.04
2026-05-08T18:41:03.528,3.43,246.49,29.5,48.1,55.6,3,0.358,42.76,87.04
2026-05-08T18:41:03.779,3.48,247.36,29.5,48.1,55.6,1,0.4224,42.24,87.03
2026-05-08T18:41:04.119,3.42,336.8,29.3,46.8,56.2,2,0.3533,44.99,87.04
2026-05-08T18:41:04.478,3.35,354.35,29.5,57.4,56.2,2,0.461,49.67,87.04
