timestamp,fps,latency_ms,ram_usage_percent,cpu_usage_percent,temperature,num_detections,confidence_score_avg,accuracy,frame_drop_rate_percent
2026-05-08T18:19:36.885,0.31,3239.86,71.8,100.0,0.0,2,0.5509,56.72,98.77
2026-05-08T18:19:37.133,0.34,137.63,71.8,100.0,0.0,3,0.4233,51.31,97.71
2026-05-08T18:19:37.263,0.38,123.17,71.8,100.0,0.0,3,0.421,61.97,96.68
2026-05-08T18:19:37.401,0.42,129.77,72.0,94.9,0.0,2,0.4714,59.5,95.74
2026-05-08T18:19:37.537,0.46,127.49,72.0,94.9,0.0,2,0.5412,59.32,94.86
2026-05-08T18:19:37.665,0.51,119.54,72.0,94.9,0.0,4,0.4263,68.05,94.03
2026-05-08T18:19:37.833,0.56,159.86,72.0,87.9,0.0,3,0.5549,75.69,93.32
2026-05-08T18:19:37.948,0.62,109.3,72.0,87.9,0.0,3,0.5997,75.56,92.57
2026-05-08T18:19:38.068,0.68,112.41,72.0,87.9,0.0,3,0.4947,70.49,91.86
2026-05-08T18:19:38.180,0.75,104.1,72.0,87.9,0.0,2,0.6161,74.06,91.18
2026-05-08T18:19:38.299,0.83,113.33,72.0,87.9,0.0,2,0.574,76.91,90.55
2026-05-08T18:19:38.628,0.89,314.87,72.0,83.1,0.0,3,0.5806,74.63,90.37
2026-05-08T18:19:38.761,0.98,123.92,72.0,83.1,0.0,3,0.579,77.05,89.84
2026-05-08T18:19:38.900,1.07,131.1,72.0,83.1,0.0,4,0.5166,77.5,89.35
2026-05-08T18:19:39.102,1.17,187.85,71.7,100.0,0.0,6,0.474,79.81,89.01
2026-05-08T18:19:39.238,1.28,126.28,71.7,100.0,0.0,6,0.5268,83.59,88.56
2026-05-08T18:19:39.360,1.4,113.34,71.7,100.0,0.0,6,0.5156,82.01,88.11
2026-05-08T18:19:39.566,1.51,195.99,71.6,95.6,0.0,5,0.4456,78.81,87.84
2026-05-08T18:19:39.679,1.64,104.62,71.6,95.6,0.0,6,0.4948,80.49,87.41
2026-05-08T18:19:39.786,1.79,100.98,71.6,95.6,0.0,6,0.5119,75.42,86.98
2026-05-08T18:19:39.899,1.95,104.07,71.6,95.6,0.0,5,0.6131,79.12,86.57
2026-05-08T18:19:40.070,2.1,151.71,71.6,85.8,0.0,7,0.5535,80.73,86.31
2026-05-08T18:19:40.182,2.28,103.4,71.6,85.8,0.0,9,0.4599,80.18,85.93
2026-05-08T18:19:40.521,2.34,330.15,71.5,91.9,0.0,8,0.4541,81.85,86.04
2026-05-08T18:19:40.775,2.44,242.49,71.5,91.9,0.0,4,0.5532,82.53,85.98
2026-05-08T18:19:40.931,2.61,146.34,71.5,91.9,0.0,6,0.4821,79.11,85.73
2026-05-08T18:19:41.067,2.8,126.88,71.5,100.0,0.0,6,0.4985,78.88,85.45
2026-05-08T18:19:41.180,3.01,104.27,71.5,100.0,0.0,7,0.4809,76.47,85.14
2026-05-08T18:19:41.288,3.24,100.07,71.5,100.0,0.0,5,0.5847,73.8,84.83
2026-05-08T18:19:41.513,3.34,215.99,71.5,90.9,0.0,7,0.5419,73.49,84.75
2026-05-08T18:19:41.628,3.57,105.14,71.5,90.9,0.0,7,0.5054,65.86,84.47
2026-05-08T18:19:41.735,3.81,101.55,71.5,90.9,0.0,9,0.5528,80.77,84.18
2026-05-08T18:19:41.847,4.06,102.12,71.5,90.9,0.0,7,0.5571,74.92,83.91
2026-05-08T18:19:41.967,4.29,113.87,71.5,90.9,0.0,6,0.5832,75.36,83.66
2026-05-08T18:19:42.083,4.54,102.56,71.5,81.5,0.0,6,0.556,69.32,83.41
2026-05-08T18:19:42.189,4.81,97.37,71.5,81.5,0.0,5,0.5346,72.78,83.15
2026-05-08T18:19:42.297,5.08,99.53,71.5,81.5,0.0,5,0.6067,78.82,82.9
2026-05-08T18:19:42.415,5.31,111.42,71.5,81.5,0.0,4,0.5356,65.52,82.67
2026-05-08T18:19:42.571,5.42,148.38,71.5,83.2,0.0,6,0.4958,67.53,82.53
2026-05-08T18:19:42.680,5.68,101.24,71.5,83.2,0.0,6,0.5221,70.09,82.29
2026-05-08T18:19:42.787,5.94,99.65,71.5,83.2,0.0,7,0.5017,75.59,82.06
2026-05-08T18:19:42.897,6.18,101.02,71.5,83.2,0.0,6,0.5574,75.01,81.84
2026-05-08T18:19:43.015,6.38,111.23,71.5,78.1,0.0,6,0.5078,76.69,81.65
2026-05-08T18:19:43.124,6.62,100.48,71.5,78.1,0.0,6,0.5749,74.89,81.44
2026-05-08T18:19:43.231,6.86,99.18,71.5,78.1,0.0,6,0.5286,72.05,81.23
2026-05-08T18:19:43.345,7.05,104.92,71.5,78.1,0.0,7,0.5634,74.4,81.04
2026-05-08T18:19:43.469,7.19,114.33,71.5,78.1,0.0,7,0.5726,77.83,80.87
2026-05-08T18:19:43.590,7.34,111.31,71.5,81.3,0.0,7,0.5681,74.6,80.7
2026-05-08T18:19:43.701,7.53,101.8,71.5,81.3,0.0,8,0.5002,82.66,80.51
2026-05-08T18:19:43.810,7.72,100.32,71.5,81.3,0.0,9,0.4788,79.63,80.33
2026-05-08T18:19:43.921,7.89,101.89,71.5,81.3,0.0,6,0.517,75.28,80.15
2026-05-08T18:19:44.040,7.98,111.75,71.4,81.4,0.0,5,0.5755,75.19,79.99
2026-05-08T18:19:44.150,8.14,101.29,71.4,81.4,0.0,6,0.5074,74.07,79.82
2026-05-08T18:19:44.261,8.27,103.14,71.4,81.4,0.0,7,0.5255,77.89,79.66
2026-05-08T18:19:44.371,8.41,101.51,71.4,81.4,0.0,7,0.5291,76.78,79.49
2026-05-08T18:19:44.493,8.45,112.55,71.4,81.4,0.0,6,0.6273,85.77,79.35
2026-05-08T18:19:44.611,8.51,109.56,71.5,87.1,0.0,7,0.5825,78.36,79.21
2026-05-08T18:19:44.725,8.61,104.11,71.5,87.1,0.0,7,0.6138,81.59,79.06
2026-05-08T18:19:44.833,8.74,99.51,71.5,87.1,0.0,6,0.6441,83.77,78.91
2026-05-08T18:19:44.940,8.85,99.47,71.5,87.1,0.0,6,0.6805,81.73,78.75
2026-05-08T18:19:45.056,8.9,106.59,71.4,79.1,0.0,6,0.6874,81.75,78.62
2026-05-08T18:19:45.164,9.01,99.17,71.4,79.1,0.0,6,0.6682,83.61,78.47
2026-05-08T18:19:45.271,9.11,98.42,71.4,79.1,0.0,6,0.6499,83.04,78.33
2026-05-08T18:19:45.382,9.17,102.4,71.4,79.1,0.0,6,0.6787,83.85,78.19
2026-05-08T18:19:45.503,9.13,113.94,71.4,79.1,0.0,6,0.6615,83.98,78.08
2026-05-08T18:19:45.622,9.12,111.13,71.5,84.0,0.0,6,0.6538,79.65,77.96
2026-05-08T18:19:45.732,9.18,102.6,71.5,84.0,0.0,6,0.6555,79.68,77.83
2026-05-08T18:19:45.841,9.25,100.78,71.5,84.0,0.0,5,0.6822,81.33,77.7
2026-05-08T18:19:45.950,9.3,101.44,71.5,84.0,0.0,5,0.6811,78.22,77.57
2026-05-08T18:19:46.065,9.32,106.2,71.5,84.8,0.0,5,0.681,76.24,77.46
2026-05-08T18:19:46.173,9.38,99.74,71.5,84.8,0.0,5,0.6332,79.64,77.33
2026-05-08T18:19:46.282,9.44,100.28,71.5,84.8,0.0,4,0.6646,73.75,77.21
2026-05-08T18:19:46.412,9.3,121.19,71.5,84.8,0.0,4,0.6636,78.1,77.13
2026-05-08T18:19:46.538,9.21,118.92,71.5,85.0,0.0,4,0.6692,75.11,77.04
2026-05-08T18:19:46.648,9.25,103.15,71.5,85.0,0.0,4,0.6721,76.56,76.93
2026-05-08T18:19:46.783,9.1,126.79,71.5,85.0,0.0,6,0.6051,82.28,76.86
2026-05-08T18:19:46.912,9.01,120.34,71.5,85.0,0.0,5,0.5855,72.2,76.79
2026-05-08T18:19:47.021,9.1,100.46,71.5,85.0,0.0,6,0.5721,76.11,76.68
2026-05-08T18:19:47.140,9.08,111.51,71.5,88.1,0.0,6,0.5374,69.95,76.59
2026-05-08T18:19:47.252,9.14,103.51,71.5,88.1,0.0,5,0.5664,72.87,76.48
2026-05-08T18:19:47.361,9.21,100.8,71.5,88.1,0.0,6,0.5351,72.02,76.38
2026-05-08T18:19:47.471,9.28,100.99,71.5,88.1,0.0,6,0.5324,78.33,76.28
2026-05-08T18:19:47.598,9.2,117.15,71.5,82.4,0.0,6,0.5702,77.84,76.21
2026-05-08T18:19:47.703,9.29,98.26,71.5,82.4,0.0,8,0.5026,77.46,76.1
2026-05-08T18:19:47.824,9.25,111.71,71.5,82.4,0.0,6,0.5271,82.71,76.02
2026-05-08T18:19:47.931,9.33,99.5,71.5,82.4,0.0,7,0.5209,80.1,75.92
2026-05-08T18:19:48.040,9.36,102.81,71.5,82.4,0.0,9,0.4585,80.77,75.83
2026-05-08T18:19:48.153,9.42,99.96,71.5,80.0,0.0,7,0.5349,78.06,75.74
2026-05-08T18:19:48.262,9.48,99.51,71.5,80.0,0.0,5,0.5829,75.33,75.65
2026-05-08T18:19:48.371,9.53,100.1,71.5,80.0,0.0,5,0.5821,82.27,75.56
2026-05-08T18:19:48.490,9.47,112.07,71.5,80.0,0.0,4,0.6881,78.64,75.48
2026-05-08T18:19:48.631,9.23,132.97,71.5,84.4,0.0,4,0.6966,81.76,75.45
2026-05-08T18:19:48.743,9.27,103.0,71.5,84.4,0.0,5,0.637,83.05,75.36
2026-05-08T18:19:48.849,9.37,97.06,71.5,84.4,0.0,5,0.651,82.1,75.27
2026-05-08T18:19:48.958,9.42,100.24,71.5,84.4,0.0,5,0.6385,80.38,75.19
2026-05-08T18:19:49.065,9.46,102.6,71.4,87.2,0.0,4,0.7137,78.24,75.1
2026-05-08T18:19:49.170,9.51,100.16,71.4,87.2,0.0,4,0.6978,76.87,75.01
2026-05-08T18:19:49.280,9.53,102.94,71.4,87.2,0.0,5,0.5903,75.77,74.93
2026-05-08T18:19:49.385,9.6,96.93,71.4,87.2,0.0,6,0.5563,79.21,74.84
2026-05-08T18:19:49.496,9.62,102.38,71.4,87.2,0.0,6,0.5795,82.48,74.77
2026-05-08T18:19:49.631,9.42,125.28,71.5,85.7,0.0,8,0.5085,80.67,74.73
2026-05-08T18:19:49.742,9.47,101.29,71.5,85.7,0.0,8,0.5317,79.89,74.66
2026-05-08T18:19:49.850,9.53,98.39,71.5,85.7,0.0,8,0.5579,77.5,74.58
2026-05-08T18:19:49.961,9.55,102.6,71.5,85.7,0.0,7,0.5762,77.0,74.51
2026-05-08T18:19:50.078,9.53,107.21,71.5,87.6,0.0,7,0.4987,82.14,74.44
2026-05-08T18:19:50.187,9.58,99.98,71.5,87.6,0.0,9,0.5049,84.06,74.37
2026-05-08T18:19:50.300,9.59,103.09,71.5,87.6,0.0,9,0.517,82.13,74.3
2026-05-08T18:19:50.408,9.63,99.96,71.5,87.6,0.0,10,0.4809,80.44,74.23
2026-05-08T18:19:50.619,8.8,201.43,71.5,86.2,0.0,9,0.4679,81.25,74.32
2026-05-08T18:19:50.736,8.84,108.08,71.5,86.2,0.0,8,0.437,84.68,74.26
2026-05-08T18:19:50.846,8.94,100.86,71.5,86.2,0.0,8,0.4334,87.55,74.19
2026-05-08T18:19:50.954,9.02,101.67,71.5,86.2,0.0,9,0.5112,82.55,74.12
2026-05-08T18:19:51.062,9.12,98.52,71.5,86.2,0.0,7,0.5182,84.46,74.05
2026-05-08T18:19:51.168,9.19,101.68,71.5,86.0,0.0,8,0.5261,84.47,73.98
2026-05-08T18:19:51.276,9.27,99.7,71.5,86.0,0.0,8,0.5126,84.23,73.91
2026-05-08T18:19:51.384,9.33,100.27,71.5,86.0,0.0,8,0.4861,75.08,73.85
2026-05-08T18:19:51.496,9.36,104.44,71.5,86.0,0.0,6,0.5152,76.8,73.79
2026-05-08T18:19:51.634,9.17,128.75,71.5,85.0,0.0,7,0.544,71.46,73.76
2026-05-08T18:19:51.765,9.06,122.3,71.5,85.0,0.0,9,0.4919,70.66,73.73
2026-05-08T18:19:51.886,9.05,111.52,71.5,85.0,0.0,9,0.5499,76.95,73.69
2026-05-08T18:19:52.021,8.93,125.27,71.5,85.0,0.0,7,0.6048,76.1,73.66
2026-05-08T18:19:52.134,9.0,103.68,71.4,95.5,0.0,8,0.5594,76.6,73.61
2026-05-08T18:19:52.238,9.11,97.48,71.4,95.5,0.0,8,0.5023,70.39,73.54
2026-05-08T18:19:52.346,9.2,98.41,71.4,95.5,0.0,7,0.4661,68.71,73.48
2026-05-08T18:19:52.451,9.29,98.36,71.4,95.5,0.0,10,0.4202,69.17,73.42
2026-05-08T18:19:52.562,9.32,104.77,71.4,95.5,0.0,6,0.5304,69.72,73.36
2026-05-08T18:19:52.695,9.18,123.45,71.5,80.6,0.0,6,0.5687,71.54,73.34
2026-05-08T18:19:52.802,9.25,101.14,71.5,80.6,0.0,7,0.4829,60.56,73.28
2026-05-08T18:19:52.909,9.33,98.33,71.5,80.6,0.0,7,0.5612,72.22,73.22
2026-05-08T18:19:53.015,9.38,101.13,71.5,80.6,0.0,6,0.5348,69.52,73.16
2026-05-08T18:19:53.133,9.36,108.79,71.4,84.5,0.0,5,0.5202,73.83,73.11
2026-05-08T18:19:53.239,9.44,98.1,71.4,84.5,0.0,6,0.461,68.95,73.06
2026-05-08T18:19:53.351,9.47,102.7,71.4,84.5,0.0,7,0.4212,63.05,73.01
2026-05-08T18:19:53.457,9.52,99.75,71.4,84.5,0.0,6,0.4671,70.67,72.95
2026-05-08T18:19:53.566,9.57,99.61,71.4,84.5,0.0,7,0.4548,72.75,72.89
2026-05-08T18:19:53.696,9.39,124.83,71.5,80.7,0.0,5,0.5257,70.46,72.87
2026-05-08T18:19:53.809,9.39,106.48,71.5,80.7,0.0,6,0.48,73.37,72.83
2026-05-08T18:19:53.945,9.22,126.0,71.5,80.7,0.0,8,0.4743,80.09,72.81
2026-05-08T18:19:54.078,9.1,122.25,71.5,80.7,0.0,6,0.5644,79.63,72.79
2026-05-08T18:19:54.190,9.15,104.44,71.4,90.2,0.0,5,0.6036,77.67,72.74
2026-05-08T18:19:54.302,9.2,103.07,71.4,90.2,0.0,4,0.583,82.8,72.7
2026-05-08T18:19:54.414,9.24,104.04,71.4,90.2,0.0,5,0.565,77.72,72.65
2026-05-08T18:19:54.524,9.3,101.22,71.4,90.2,0.0,4,0.6429,83.36,72.61
2026-05-08T18:19:54.644,9.27,111.45,71.5,81.8,0.0,5,0.5614,78.96,72.57
2026-05-08T18:19:54.781,9.1,128.1,71.5,81.8,0.0,5,0.6082,81.42,72.56
2026-05-08T18:19:54.974,8.52,183.94,71.5,81.8,0.0,6,0.5594,76.94,72.62
2026-05-08T18:19:55.093,8.58,109.46,71.5,81.8,0.0,6,0.5067,82.06,72.59
2026-05-08T18:19:55.203,8.67,104.96,72.1,95.1,0.0,6,0.4843,79.73,72.54
2026-05-08T18:19:55.319,8.73,106.96,72.1,95.1,0.0,4,0.4921,73.65,72.5
2026-05-08T18:19:55.458,8.61,131.08,72.1,95.1,0.0,5,0.5007,66.51,72.5
2026-05-08T18:19:55.586,8.56,121.85,72.1,95.1,0.0,5,0.4462,63.94,72.47
2026-05-08T18:19:55.712,8.57,116.47,71.4,91.0,0.0,4,0.5174,59.08,72.45
2026-05-08T18:19:55.826,8.62,109.18,71.4,91.0,0.0,4,0.5058,65.17,72.41
2026-05-08T18:19:55.936,8.73,101.32,71.4,91.0,0.0,4,0.3863,63.6,72.37
2026-05-08T18:19:56.043,8.84,101.12,71.4,91.0,0.0,4,0.5527,57.69,72.32
2026-05-08T18:19:56.155,8.91,103.61,71.3,84.6,0.0,3,0.4826,63.64,72.28
2026-05-08T18:19:56.259,9.02,99.1,71.3,84.6,0.0,4,0.5188,67.87,72.23
2026-05-08T18:19:56.377,9.0,112.9,71.3,84.6,0.0,3,0.5347,70.02,72.2
2026-05-08T18:19:56.485,9.08,101.58,71.3,84.6,0.0,6,0.4215,76.54,72.16
2026-05-08T18:19:56.613,9.01,118.96,71.3,84.6,0.0,4,0.4389,69.2,72.14
2026-05-08T18:19:56.743,8.93,120.85,71.1,89.0,0.0,4,0.4594,64.57,72.12
2026-05-08T18:19:56.853,8.98,105.58,71.1,89.0,0.0,3,0.6049,69.65,72.08
2026-05-08T18:19:56.960,9.08,99.04,71.1,89.0,0.0,4,0.5511,65.72,72.04
2026-05-08T18:19:57.067,9.15,101.83,71.1,89.0,0.0,4,0.5183,77.02,71.99
2026-05-08T18:19:57.175,9.2,103.51,71.1,80.0,0.0,7,0.4869,76.17,71.95
2026-05-08T18:19:57.282,9.27,100.06,71.1,80.0,0.0,10,0.4191,74.83,71.91
2026-05-08T18:19:57.392,9.33,100.74,71.1,80.0,0.0,5,0.596,70.14,71.87
2026-05-08T18:19:57.500,9.38,101.63,71.1,80.0,0.0,6,0.5074,80.79,71.83
2026-05-08T18:19:57.611,9.42,102.21,71.1,80.0,0.0,7,0.4977,81.74,71.8
2026-05-08T18:19:57.726,9.42,105.82,71.2,82.3,0.0,6,0.4963,77.48,71.76
2026-05-08T18:19:57.845,9.39,110.16,71.2,82.3,0.0,6,0.5228,75.29,71.74
2026-05-08T18:19:57.951,9.44,100.26,71.2,82.3,0.0,7,0.5559,76.7,71.7
2026-05-08T18:19:58.063,9.47,102.9,71.2,82.3,0.0,6,0.5583,75.41,71.66
2026-05-08T18:19:58.178,9.46,106.36,71.1,78.9,0.0,5,0.6061,75.37,71.63
2026-05-08T18:19:58.288,9.5,101.27,71.1,78.9,0.0,4,0.6496,80.24,71.6
2026-05-08T18:19:58.397,9.55,100.45,71.1,78.9,0.0,7,0.5158,72.37,71.56
2026-05-08T18:19:58.508,9.57,102.25,71.1,78.9,0.0,5,0.5356,74.07,71.53
2026-05-08T18:19:58.618,9.6,101.17,71.1,78.9,0.0,5,0.4861,70.09,71.49
2026-05-08T18:19:58.732,9.59,104.79,71.2,82.2,0.0,4,0.5237,71.29,71.46
2026-05-08T18:19:58.857,9.49,115.88,71.2,82.2,0.0,4,0.58,76.69,71.44
2026-05-08T18:19:58.962,9.54,100.04,71.2,82.2,0.0,4,0.4994,75.75,71.4
2026-05-08T18:19:59.069,9.58,100.31,71.2,82.2,0.0,7,0.4931,77.17,71.37
2026-05-08T18:19:59.183,9.58,104.58,71.1,80.5,0.0,5,0.508,69.09,71.34
2026-05-08T18:19:59.297,9.56,106.4,71.1,80.5,0.0,6,0.4689,66.49,71.31
2026-05-08T18:19:59.404,9.62,98.22,71.1,80.5,0.0,5,0.5543,64.86,71.27
2026-05-08T18:19:59.515,9.61,104.9,71.1,80.5,0.0,6,0.4766,64.81,71.24
2026-05-08T18:19:59.632,9.58,107.68,71.1,80.5,0.0,6,0.4778,63.37,71.22
2026-05-08T18:19:59.749,9.53,109.37,71.2,85.2,0.0,6,0.5147,67.93,71.19
2026-05-08T18:19:59.926,8.99,168.46,71.2,85.2,0.0,5,0.6237,72.13,71.24
2026-05-08T18:20:00.086,8.67,151.48,71.2,85.2,0.0,5,0.5623,65.94,71.26
2026-05-08T18:20:00.245,8.43,149.18,71.3,97.0,0.0,4,0.5981,64.87,71.28
2026-05-08T18:20:00.362,8.49,109.65,71.3,97.0,0.0,4,0.6621,74.19,71.26
2026-05-08T18:20:00.478,8.57,107.18,71.3,97.0,0.0,4,0.6497,71.51,71.23
2026-05-08T18:20:00.587,8.69,100.47,71.3,97.0,0.0,4,0.6897,75.33,71.2
2026-05-08T18:20:00.699,8.77,103.82,71.4,84.5,0.0,4,0.7006,77.78,71.17
2026-05-08T18:20:00.835,8.65,129.69,71.4,84.5,0.0,5,0.6242,78.38,71.17
2026-05-08T18:20:00.946,8.74,104.63,71.4,84.5,0.0,6,0.5351,76.69,71.14
2026-05-08T18:20:01.050,8.87,96.81,71.4,84.5,0.0,5,0.6094,75.46,71.1
2026-05-08T18:20:01.160,8.95,103.2,71.4,84.5,0.0,4,0.6828,76.22,71.07
2026-05-08T18:20:01.267,9.02,103.01,71.3,84.4,0.0,5,0.6251,77.87,71.04
2026-05-08T18:20:01.391,8.98,115.21,71.3,84.4,0.0,5,0.6431,79.07,71.02
2026-05-08T18:20:01.500,9.05,103.42,71.3,84.4,0.0,5,0.6107,83.77,70.99
2026-05-08T18:20:01.606,9.16,97.36,71.3,84.4,0.0,6,0.5691,83.6,70.96
2026-05-08T18:20:01.722,9.18,106.7,71.3,82.2,0.0,4,0.6101,81.22,70.94
2026-05-08T18:20:01.838,9.17,110.42,71.3,82.2,0.0,5,0.6064,82.81,70.92
2026-05-08T18:20:01.950,9.21,103.93,71.3,82.2,0.0,5,0.5919,87.64,70.89
2026-05-08T18:20:02.067,9.2,110.04,71.3,82.2,0.0,4,0.6432,86.46,70.87
2026-05-08T18:20:02.219,8.92,143.09,71.2,85.6,0.0,4,0.6657,81.2,70.88
2026-05-08T18:20:02.335,8.95,108.05,71.2,85.6,0.0,4,0.6149,83.6,70.86
2026-05-08T18:20:02.444,9.03,101.31,71.2,85.6,0.0,4,0.6501,83.71,70.83
2026-05-08T18:20:02.555,9.09,103.6,71.2,85.6,0.0,4,0.6261,77.13,70.81
2026-05-08T18:20:02.665,9.16,101.82,71.2,85.6,0.0,3,0.6826,81.48,70.78
2026-05-08T18:20:02.777,9.21,103.43,71.3,79.9,0.0,4,0.6194,80.11,70.76
2026-05-08T18:20:02.885,9.26,102.67,71.3,79.9,0.0,4,0.5494,80.47,70.73
2026-05-08T18:20:02.989,9.35,97.17,71.3,79.9,0.0,3,0.6349,75.01,70.69
2026-05-08T18:20:03.095,9.43,98.12,71.3,79.9,0.0,3,0.6494,73.78,70.66
2026-05-08T18:20:03.197,9.51,97.26,71.3,79.9,0.0,3,0.6684,74.55,70.63
2026-05-08T18:20:03.310,9.49,106.8,71.2,80.2,0.0,3,0.7135,76.3,70.61
2026-05-08T18:20:03.417,9.56,98.48,71.2,80.2,0.0,4,0.6042,78.26,70.58
2026-05-08T18:20:03.525,9.58,101.91,71.2,80.2,0.0,3,0.7107,77.07,70.55
2026-05-08T18:20:03.629,9.64,97.65,71.2,80.2,0.0,3,0.7063,75.22,70.52
2026-05-08T18:20:03.735,9.68,99.71,71.3,80.2,0.0,4,0.6513,77.44,70.49
2026-05-08T18:20:03.843,9.7,101.53,71.3,80.2,0.0,4,0.6469,76.88,70.46
2026-05-08T18:20:03.953,9.71,101.79,71.3,80.2,0.0,4,0.6503,78.27,70.44
2026-05-08T18:20:04.061,9.75,99.2,71.3,80.2,0.0,4,0.6168,79.29,70.41
2026-05-08T18:20:04.164,9.78,98.56,71.3,80.2,0.0,3,0.6449,79.8,70.38
2026-05-08T18:20:04.279,9.71,110.22,71.2,83.2,0.0,4,0.546,82.13,70.36
2026-05-08T18:20:04.387,9.74,99.55,71.2,83.2,0.0,4,0.623,76.98,70.34
2026-05-08T18:20:04.503,9.69,107.56,71.2,83.2,0.0,5,0.571,78.54,70.32
2026-05-08T18:20:04.630,9.56,117.47,71.2,83.2,0.0,5,0.5855,81.11,70.31
2026-05-08T18:20:04.748,9.5,111.46,71.3,87.1,0.0,5,0.592,83.56,70.29
2026-05-08T18:20:04.860,9.53,102.33,71.3,87.1,0.0,4,0.635,85.1,70.27
2026-05-08T18:20:04.974,9.52,105.9,71.3,87.1,0.0,5,0.6056,78.88,70.25
2026-05-08T18:20:05.087,9.5,106.53,71.3,87.1,0.0,5,0.6017,82.14,70.23
2026-05-08T18:20:05.190,9.58,97.2,71.3,87.1,0.0,3,0.7456,87.77,70.2
2026-05-08T18:20:05.303,9.56,105.89,71.1,83.2,0.0,3,0.735,88.36,70.18
2026-05-08T18:20:05.411,9.62,98.78,71.1,83.2,0.0,5,0.5653,80.22,70.16
2026-05-08T18:20:05.523,9.62,103.77,71.1,83.2,0.0,4,0.6388,83.07,70.14
2026-05-08T18:20:05.636,9.62,104.04,71.1,83.2,0.0,4,0.6321,81.5,70.12
2026-05-08T18:20:05.750,9.6,106.18,70.9,80.0,0.0,4,0.6896,85.32,70.1
2026-05-08T18:20:05.861,9.62,102.1,70.9,80.0,0.0,4,0.6744,83.93,70.08
2026-05-08T18:20:05.973,9.63,102.78,70.9,80.0,0.0,4,0.6761,82.8,70.06
2026-05-08T18:20:06.075,9.7,96.2,70.9,80.0,0.0,4,0.704,82.98,70.03
2026-05-08T18:20:06.180,9.75,98.2,70.9,80.0,0.0,3,0.7398,79.56,70.0
2026-05-08T18:20:06.296,9.68,109.92,70.9,81.4,0.0,3,0.7743,82.58,69.99
2026-05-08T18:20:06.404,9.69,101.48,70.9,81.4,0.0,3,0.7702,78.05,69.96
2026-05-08T18:20:06.513,9.69,103.68,70.9,81.4,0.0,4,0.6385,77.25,69.94
2026-05-08T18:20:06.619,9.74,97.72,70.9,81.4,0.0,5,0.5899,77.16,69.92
2026-05-08T18:20:06.726,9.78,98.81,70.9,81.4,0.0,4,0.6642,82.32,69.89
2026-05-08T18:20:06.841,9.75,105.38,71.0,80.6,0.0,4,0.6515,82.03,69.88
2026-05-08T18:20:06.954,9.72,105.5,71.0,80.6,0.0,4,0.6259,84.63,69.86
2026-05-08T18:20:07.061,9.73,101.63,71.0,80.6,0.0,5,0.5511,77.28,69.84
2026-05-08T18:20:07.166,9.78,97.56,71.0,80.6,0.0,4,0.6831,79.78,69.81
2026-05-08T18:20:07.276,9.76,104.22,71.0,82.2,0.0,5,0.6024,79.77,69.79
2026-05-08T18:20:07.385,9.78,100.58,71.0,82.2,0.0,3,0.719,81.79,69.77
2026-05-08T18:20:07.498,9.76,104.38,71.0,82.2,0.0,4,0.568,80.33,69.75
2026-05-08T18:20:07.601,9.82,96.07,71.0,82.2,0.0,4,0.5927,77.11,69.73
2026-05-08T18:20:07.705,9.86,97.84,71.0,82.2,0.0,3,0.7403,82.9,69.7
2026-05-08T18:20:07.817,9.84,103.76,71.0,80.6,0.0,3,0.6397,81.16,69.68
2026-05-08T18:20:07.925,9.84,101.28,71.0,80.6,0.0,2,0.817,81.94,69.66
2026-05-08T18:20:08.030,9.86,99.84,71.0,80.6,0.0,2,0.8125,82.75,69.64
2026-05-08T18:20:08.135,9.88,99.26,71.0,80.6,0.0,2,0.8059,83.93,69.62
2026-05-08T18:20:08.239,9.93,95.85,71.0,80.6,0.0,2,0.8262,84.26,69.59
2026-05-08T18:20:08.348,9.9,104.14,71.0,79.7,0.0,2,0.8001,83.69,69.57
2026-05-08T18:20:08.452,9.93,98.18,71.0,79.7,0.0,2,0.7692,83.43,69.55
2026-05-08T18:20:08.559,9.92,100.96,71.0,79.7,0.0,2,0.7118,80.36,69.53
2026-05-08T18:20:08.668,9.92,100.74,71.0,79.7,0.0,5,0.5129,81.09,69.51
2026-05-08T18:20:08.781,9.88,105.28,71.0,79.1,0.0,3,0.5105,84.43,69.49
2026-05-08T18:20:08.887,9.92,97.61,71.0,79.1,0.0,3,0.6634,85.75,69.47
2026-05-08T18:20:09.001,9.87,105.01,71.0,79.1,0.0,2,0.5717,84.92,69.45
2026-05-08T18:20:09.106,9.9,98.25,71.0,79.1,0.0,2,0.6646,81.07,69.43
2026-05-08T18:20:09.210,9.94,97.22,71.0,79.1,0.0,2,0.6729,79.2,69.41
2026-05-08T18:20:09.329,9.84,110.43,70.9,82.8,0.0,2,0.6041,76.75,69.4
2026-05-08T18:20:09.437,9.85,100.56,70.9,82.8,0.0,1,0.7771,77.71,69.38
2026-05-08T18:20:09.545,9.85,102.41,70.9,82.8,0.0,2,0.5715,77.99,69.36
2026-05-08T18:20:09.650,9.86,100.01,70.9,82.8,0.0,1,0.8034,80.34,69.34
2026-05-08T18:20:09.758,9.87,100.49,70.9,82.8,0.0,1,0.8384,83.84,69.32
2026-05-08T18:20:09.873,9.82,106.53,70.9,81.2,0.0,1,0.8583,85.83,69.31
2026-05-08T18:20:09.985,9.8,103.7,70.9,81.2,0.0,1,0.8392,83.92,69.29
2026-05-08T18:20:10.102,9.7,112.19,70.9,81.2,0.0,1,0.8513,85.13,69.28
2026-05-08T18:20:10.208,9.75,98.69,70.9,81.2,0.0,2,0.5542,85.66,69.26
2026-05-08T18:20:10.323,9.7,107.18,71.0,82.7,0.0,2,0.6176,85.26,69.25
2026-05-08T18:20:10.428,9.74,99.59,71.0,82.7,0.0,2,0.68,83.81,69.23
2026-05-08T18:20:10.561,9.53,125.32,71.0,82.7,0.0,2,0.6429,82.48,69.23
2026-05-08T18:20:10.687,9.39,120.6,71.0,82.7,0.0,2,0.6399,77.64,69.23
2026-05-08T18:20:10.799,9.41,104.05,71.0,84.2,0.0,3,0.48,57.3,69.21
2026-05-08T18:20:10.906,9.48,98.57,71.0,84.2,0.0,1,0.4144,41.44,69.19
2026-05-08T18:20:11.015,9.52,100.34,71.0,84.2,0.0,2,0.4397,60.25,69.17
2026-05-08T18:20:11.120,9.57,99.92,71.0,84.2,0.0,1,0.6265,62.65,69.15
2026-05-08T18:20:11.239,9.51,110.74,71.0,84.2,0.0,2,0.4609,66.74,69.15
2026-05-08T18:20:11.386,9.22,138.77,71.0,85.5,0.0,1,0.6111,61.11,69.16
2026-05-08T18:20:11.499,9.25,105.19,71.0,85.5,0.0,2,0.4609,65.69,69.15
2026-05-08T18:20:11.606,9.32,99.11,71.0,85.5,0.0,1,0.6611,66.11,69.13
2026-05-08T18:20:11.713,9.4,99.07,71.0,85.5,0.0,2,0.4434,61.39,69.11
2026-05-08T18:20:11.822,9.41,104.77,71.0,85.2,0.0,2,0.5215,66.68,69.09
2026-05-08T18:20:11.930,9.46,100.8,71.0,85.2,0.0,3,0.5265,67.02,69.08
2026-05-08T18:20:12.037,9.51,99.65,71.0,85.2,0.0,3,0.4637,69.06,69.06
2026-05-08T18:20:12.143,9.57,98.6,71.0,85.2,0.0,4,0.5078,75.14,69.04
2026-05-08T18:20:12.252,9.61,100.95,71.0,85.2,0.0,4,0.505,73.74,69.02
2026-05-08T18:20:12.366,9.6,104.98,71.0,82.3,0.0,4,0.5456,76.62,69.01
2026-05-08T18:20:12.484,9.54,110.27,71.0,82.3,0.0,4,0.5303,79.53,69.0
2026-05-08T18:20:12.646,9.12,153.79,71.0,82.3,0.0,4,0.5479,74.25,69.03
2026-05-08T18:20:12.767,9.09,112.43,71.0,82.3,0.0,4,0.6294,73.33,69.02
2026-05-08T18:20:12.894,9.02,118.85,70.9,93.8,0.0,4,0.6002,78.96,69.02
2026-05-08T18:20:13.019,8.98,116.28,70.9,93.8,0.0,6,0.5095,72.66,69.02
2026-05-08T18:20:13.125,9.09,97.05,70.9,93.8,0.0,5,0.57,75.27,69.0
2026-05-08T18:20:13.236,9.15,103.0,70.9,93.8,0.0,5,0.5679,74.2,68.98
2026-05-08T18:20:13.349,9.19,104.56,70.9,88.2,0.0,5,0.5825,68.6,68.97
2026-05-08T18:20:13.461,9.22,104.84,70.9,88.2,0.0,6,0.4491,77.34,68.96
2026-05-08T18:20:13.571,9.3,100.04,70.9,88.2,0.0,6,0.5111,74.36,68.94
2026-05-08T18:20:13.679,9.37,99.29,70.9,88.2,0.0,5,0.6307,69.85,68.93
2026-05-08T18:20:13.784,9.43,99.54,70.9,88.2,0.0,5,0.6182,79.33,68.91
2026-05-08T18:20:13.897,9.44,105.26,70.9,82.4,0.0,6,0.5336,74.92,68.9
2026-05-08T18:20:14.009,9.47,102.94,70.9,82.4,0.0,6,0.5537,72.18,68.88
2026-05-08T18:20:14.114,9.55,96.49,70.9,82.4,0.0,4,0.5726,74.14,68.87
2026-05-08T18:20:14.221,9.6,99.25,70.9,82.4,0.0,6,0.5184,78.48,68.85
2026-05-08T18:20:14.336,9.56,108.09,71.0,80.8,0.0,5,0.5491,64.43,68.84
2026-05-08T18:20:14.444,9.61,99.53,71.0,80.8,0.0,4,0.5143,73.01,68.82
2026-05-08T18:20:14.556,9.61,103.8,71.0,80.8,0.0,5,0.4384,65.7,68.81
2026-05-08T18:20:14.664,9.66,98.68,71.0,80.8,0.0,4,0.3645,42.49,68.8
2026-05-08T18:20:14.769,9.71,98.3,71.0,80.8,0.0,4,0.5405,66.1,68.78
2026-05-08T18:20:14.882,9.7,104.12,70.9,77.5,0.0,4,0.5186,63.15,68.77
2026-05-08T18:20:14.993,9.68,105.69,70.9,77.5,0.0,5,0.3903,51.61,68.75
2026-05-08T18:20:15.099,9.71,99.57,70.9,77.5,0.0,2,0.4566,54.0,68.74
2026-05-08T18:20:15.205,9.75,98.85,70.9,77.5,0.0,3,0.4403,49.14,68.72
2026-05-08T18:20:15.310,9.77,100.4,70.9,77.5,0.0,3,0.4485,63.6,68.7
2026-05-08T18:20:15.420,9.78,101.8,70.9,81.6,0.0,5,0.4236,50.16,68.69
2026-05-08T18:20:15.529,9.76,103.87,70.9,81.6,0.0,4,0.4623,58.57,68.68
2026-05-08T18:20:15.637,9.79,99.76,70.9,81.6,0.0,5,0.5349,65.8,68.66
2026-05-08T18:20:15.744,9.82,98.38,70.9,81.6,0.0,5,0.478,56.08,68.65
2026-05-08T18:20:15.854,9.8,103.73,70.9,81.2,0.0,5,0.4864,68.59,68.63
2026-05-08T18:20:15.974,9.72,111.28,70.9,81.2,0.0,4,0.448,56.04,68.63
2026-05-08T18:20:16.081,9.75,98.95,70.9,81.2,0.0,5,0.5116,70.95,68.61
2026-05-08T18:20:16.187,9.79,98.22,70.9,81.2,0.0,4,0.6084,71.19,68.6
2026-05-08T18:20:16.294,9.82,99.07,70.9,81.2,0.0,4,0.5273,76.7,68.58
2026-05-08T18:20:16.925,6.49,625.12,71.0,97.8,0.0,4,0.5739,78.37,68.95
2026-05-08T18:20:17.129,6.32,195.55,71.0,97.8,0.0,3,0.656,70.0,69.0
2026-05-08T18:20:17.237,6.56,100.88,71.0,97.8,0.0,7,0.4578,71.32,68.99
2026-05-08T18:20:17.353,6.76,107.14,71.0,90.8,0.0,5,0.4914,77.03,68.98
2026-05-08T18:20:17.462,6.98,101.52,71.0,90.8,0.0,4,0.4823,72.72,68.96
2026-05-08T18:20:17.570,7.21,97.54,71.0,90.8,0.0,3,0.5922,67.74,68.95
2026-05-08T18:20:17.673,7.42,98.0,71.0,90.8,0.0,4,0.4586,69.53,68.93
2026-05-08T18:20:17.779,7.64,97.03,71.0,90.8,0.0,3,0.4264,53.04,68.91
2026-05-08T18:20:17.885,7.82,101.01,70.9,80.6,0.0,2,0.4568,55.01,68.9
2026-05-08T18:20:17.998,7.94,108.37,70.9,80.6,0.0,5,0.4653,68.6,68.89
2026-05-08T18:20:18.107,8.1,100.55,70.9,80.6,0.0,3,0.4265,54.55,68.87
2026-05-08T18:20:18.215,8.26,99.29,70.9,80.6,0.0,2,0.5027,56.72,68.86
2026-05-08T18:20:18.320,8.41,100.15,70.9,80.6,0.0,2,0.4954,49.95,68.84
2026-05-08T18:20:18.431,8.53,102.21,70.9,81.6,0.0,4,0.4767,54.45,68.83
2026-05-08T18:20:18.541,8.63,103.62,70.9,81.6,0.0,4,0.4298,69.03,68.82
2026-05-08T18:20:18.648,8.75,99.79,70.9,81.6,0.0,4,0.4384,58.21,68.8
2026-05-08T18:20:18.756,8.86,100.49,70.9,81.6,0.0,4,0.5009,65.57,68.79
2026-05-08T18:20:18.867,8.93,103.12,70.9,77.9,0.0,5,0.4842,63.76,68.78
2026-05-08T18:20:18.979,9.0,103.94,70.9,77.9,0.0,3,0.5023,70.01,68.77
2026-05-08T18:20:19.087,9.09,99.6,70.9,77.9,0.0,4,0.4887,56.12,68.75
2026-05-08T18:20:19.193,9.2,97.75,70.9,77.9,0.0,3,0.5403,70.11,68.74
2026-05-08T18:20:19.305,9.24,103.76,70.9,77.9,0.0,5,0.4103,63.08,68.73
2026-05-08T18:20:19.417,9.29,101.6,70.9,80.0,0.0,3,0.4633,49.58,68.72
2026-05-08T18:20:19.528,9.33,103.06,70.9,80.0,0.0,6,0.4336,60.49,68.7
2026-05-08T18:20:19.634,9.4,99.23,70.9,80.0,0.0,5,0.4347,65.66,68.69
2026-05-08T18:20:19.739,9.49,96.12,70.9,80.0,0.0,3,0.6901,71.05,68.67
2026-05-08T18:20:19.844,9.57,96.76,70.9,80.0,0.0,4,0.5161,66.03,68.66
2026-05-08T18:20:19.956,9.57,105.13,70.9,82.2,0.0,5,0.4283,56.72,68.65
2026-05-08T18:20:20.068,9.58,103.11,70.9,82.2,0.0,2,0.5611,66.65,68.64
2026-05-08T18:20:20.172,9.65,96.25,70.9,82.2,0.0,4,0.4174,75.56,68.62
2026-05-08T18:20:20.277,9.72,96.58,70.9,82.2,0.0,3,0.41,50.84,68.61
2026-05-08T18:20:20.388,9.73,102.27,71.0,81.4,0.0,2,0.5503,56.67,68.6
2026-05-08T18:20:20.504,9.69,107.15,71.0,81.4,0.0,2,0.3675,37.3,68.59
2026-05-08T18:20:20.629,9.56,117.31,71.0,81.4,0.0,1,0.6099,60.99,68.59
2026-05-08T18:20:20.738,9.58,101.97,71.0,81.4,0.0,1,0.5836,58.36,68.57
2026-05-08T18:20:20.845,9.63,99.05,71.0,81.4,0.0,1,0.4823,48.23,68.56
2026-05-08T18:20:20.955,9.63,103.77,70.9,87.6,0.0,1,0.4828,48.28,68.55
2026-05-08T18:20:21.065,9.64,103.0,70.9,87.6,0.0,1,0.5312,53.12,68.54
2026-05-08T18:20:21.171,9.69,98.53,70.9,87.6,0.0,2,0.4186,56.13,68.52
2026-05-08T18:20:21.279,9.73,99.08,70.9,87.6,0.0,1,0.3663,36.63,68.51
2026-05-08T18:20:21.410,9.53,123.82,70.9,85.2,0.0,0,0.0,0.0,68.51
2026-05-08T18:20:21.553,9.27,134.73,70.9,85.2,0.0,0,0.0,0.0,68.52
2026-05-08T18:20:21.661,9.33,100.51,70.9,85.2,0.0,0,0.0,0.0,68.51
2026-05-08T18:20:21.764,9.41,98.5,70.9,85.2,0.0,0,0.0,0.0,68.5
2026-05-08T18:20:21.870,9.46,100.42,70.9,85.2,0.0,0,0.0,0.0,68.48
2026-05-08T18:20:21.985,9.42,109.76,70.8,86.5,0.0,1,0.2908,29.08,68.47
2026-05-08T18:20:22.093,9.46,102.31,70.8,86.5,0.0,0,0.0,0.0,68.46
2026-05-08T18:20:22.199,9.53,98.19,70.8,86.5,0.0,1,0.2732,27.32,68.45
2026-05-08T18:20:22.306,9.58,99.52,70.8,86.5,0.0,0,0.0,0.0,68.44
2026-05-08T18:20:22.415,9.58,103.59,70.9,80.9,0.0,0,0.0,0.0,68.42
2026-05-08T18:20:22.524,9.61,101.25,70.9,80.9,0.0,0,0.0,0.0,68.41
2026-05-08T18:20:22.626,9.69,96.12,70.9,80.9,0.0,2,0.305,33.72,68.4
2026-05-08T18:20:22.729,9.73,98.06,70.9,80.9,0.0,1,0.4595,45.95,68.38
2026-05-08T18:20:22.834,9.77,99.06,70.9,80.9,0.0,1,0.6083,60.83,68.37
2026-05-08T18:20:22.946,9.75,104.07,70.9,77.4,0.0,1,0.5407,54.07,68.36
2026-05-08T18:20:23.067,9.66,112.76,70.9,77.4,0.0,2,0.3697,44.76,68.36
2026-05-08T18:20:23.169,9.72,97.13,70.9,77.4,0.0,0,0.0,0.0,68.34
2026-05-08T18:20:23.276,9.74,100.24,70.9,77.4,0.0,2,0.5046,63.46,68.33
2026-05-08T18:20:23.385,9.75,101.36,70.9,77.4,0.0,2,0.4903,55.22,68.32
2026-05-08T18:20:23.498,9.71,106.98,70.9,82.2,0.0,2,0.453,50.22,68.31
2026-05-08T18:20:23.607,9.73,100.58,70.9,82.2,0.0,2,0.4951,51.36,68.3
2026-05-08T18:20:23.715,9.76,99.98,70.9,82.2,0.0,2,0.4934,58.86,68.29
2026-05-08T18:20:23.821,9.81,97.8,70.9,82.2,0.0,2,0.4364,57.06,68.27
2026-05-08T18:20:23.926,9.82,100.34,70.9,80.6,0.0,1,0.59,59.0,68.26
2026-05-08T18:20:24.035,9.82,102.15,70.9,80.6,0.0,1,0.4697,46.97,68.25
2026-05-08T18:20:24.147,9.81,102.58,70.9,80.6,0.0,2,0.4544,63.68,68.24
2026-05-08T18:20:24.252,9.86,97.08,70.9,80.6,0.0,2,0.3745,48.72,68.23
2026-05-08T18:20:24.362,9.85,102.08,70.9,80.6,0.0,1,0.5194,51.94,68.22
2026-05-08T18:20:24.470,9.87,99.5,70.9,82.1,0.0,1,0.5722,57.22,68.21
2026-05-08T18:20:24.579,9.87,101.41,70.9,82.1,0.0,1,0.4489,44.89,68.19
2026-05-08T18:20:24.685,9.88,100.0,70.9,82.1,0.0,0,0.0,0.0,68.18
2026-05-08T18:20:24.786,9.93,96.5,70.9,82.1,0.0,1,0.488,48.8,68.17
2026-05-08T18:20:24.893,9.93,100.66,70.9,82.1,0.0,1,0.339,33.9,68.16
2026-05-08T18:20:25.016,9.79,115.25,70.9,78.9,0.0,0,0.0,0.0,68.15
2026-05-08T18:20:25.129,9.74,107.53,70.9,78.9,0.0,0,0.0,0.0,68.15
2026-05-08T18:20:25.230,9.8,96.12,70.9,78.9,0.0,0,0.0,0.0,68.13
2026-05-08T18:20:25.338,9.81,101.07,70.9,78.9,0.0,0,0.0,0.0,68.12
2026-05-08T18:20:25.446,9.82,100.44,70.9,84.0,0.0,0,0.0,0.0,68.11
2026-05-08T18:20:25.555,9.82,102.26,70.9,84.0,0.0,0,0.0,0.0,68.1
2026-05-08T18:20:25.663,9.83,100.88,70.9,84.0,0.0,1,0.3768,37.68,68.09
2026-05-08T18:20:25.767,9.88,96.59,70.9,84.0,0.0,2,0.3678,38.0,68.08
2026-05-08T18:20:25.870,9.91,97.95,70.9,84.0,0.0,2,0.3266,33.2,68.06
2026-05-08T18:20:25.985,9.85,106.92,70.9,80.6,0.0,2,0.3709,41.98,68.06
2026-05-08T18:20:26.093,9.87,99.6,70.9,80.6,0.0,2,0.4387,55.82,68.05
2026-05-08T18:20:26.200,9.89,99.16,70.9,80.6,0.0,1,0.4737,47.37,68.03
2026-05-08T18:20:26.304,9.91,99.06,70.9,80.6,0.0,2,0.5348,54.63,68.02
2026-05-08T18:20:26.411,9.93,99.1,70.9,80.6,0.0,2,0.4125,53.44,68.01
2026-05-08T18:20:26.528,9.86,108.04,70.9,79.9,0.0,3,0.4097,49.53,68.01
2026-05-08T18:20:26.635,9.86,100.66,70.9,79.9,0.0,2,0.4359,56.68,67.99
2026-05-08T18:20:26.737,9.9,97.4,70.9,79.9,0.0,2,0.4589,63.47,67.98
2026-05-08T18:20:26.839,9.96,95.7,70.9,79.9,0.0,2,0.3212,35.02,67.97
2026-05-08T18:20:26.952,9.91,105.01,70.9,79.5,0.0,2,0.4634,51.44,67.96
2026-05-08T18:20:27.065,9.88,103.8,70.9,79.5,0.0,1,0.6536,65.36,67.95
2026-05-08T18:20:27.171,9.89,100.7,70.9,79.5,0.0,2,0.4563,63.26,67.94
2026-05-08T18:20:27.275,9.92,98.26,70.9,79.5,0.0,2,0.5897,61.52,67.93
2026-05-08T18:20:27.390,9.87,105.6,70.9,79.5,0.0,4,0.4698,62.57,67.92
2026-05-08T18:20:27.504,9.83,105.59,70.9,84.6,0.0,3,0.4858,65.65,67.92
2026-05-08T18:20:27.615,9.81,103.48,70.9,84.6,0.0,3,0.4352,67.31,67.91
2026-05-08T18:20:27.727,9.8,103.14,70.9,84.6,0.0,4,0.4413,51.56,67.9
2026-05-08T18:20:27.836,9.8,101.86,70.9,84.6,0.0,2,0.3871,39.74,67.89
2026-05-08T18:20:27.946,9.8,101.78,70.9,84.6,0.0,2,0.405,47.02,67.88
2026-05-08T18:20:28.065,9.74,108.66,70.9,80.3,0.0,4,0.3622,51.22,67.88
2026-05-08T18:20:28.177,9.73,103.66,70.9,80.3,0.0,2,0.2713,28.95,67.87
2026-05-08T18:20:28.285,9.74,102.22,70.9,80.3,0.0,2,0.4421,46.8,67.86
2026-05-08T18:20:28.399,9.69,107.25,70.9,80.3,0.0,2,0.409,46.66,67.86
2026-05-08T18:20:28.520,9.6,113.27,70.9,78.9,0.0,3,0.285,30.77,67.86
2026-05-08T18:20:28.652,9.43,123.15,70.9,78.9,0.0,2,0.4221,49.04,67.86
2026-05-08T18:20:28.763,9.44,104.83,70.9,78.9,0.0,5,0.3417,43.28,67.85
2026-05-08T18:20:28.869,9.49,100.61,70.9,78.9,0.0,2,0.4815,62.93,67.84
2026-05-08T18:20:28.986,9.43,111.53,70.9,88.5,0.0,4,0.4034,53.64,67.84
2026-05-08T18:20:29.097,9.46,102.46,70.9,88.5,0.0,2,0.3587,37.81,67.83
2026-05-08T18:20:29.207,9.48,103.61,70.9,88.5,0.0,3,0.5204,71.33,67.82
2026-05-08T18:20:29.323,9.47,106.94,70.9,88.5,0.0,5,0.4094,78.93,67.82
2026-05-08T18:20:29.436,9.49,103.73,70.9,88.5,0.0,3,0.4472,74.88,67.81
2026-05-08T18:20:29.554,9.44,110.68,70.9,84.6,0.0,4,0.5505,76.7,67.81
2026-05-08T18:20:29.693,9.23,130.09,70.9,84.6,0.0,5,0.4547,81.96,67.81
2026-05-08T18:20:29.840,8.98,137.72,70.9,84.6,0.0,5,0.4751,76.83,67.83
2026-05-08T18:20:29.982,8.82,132.36,70.9,95.3,0.0,4,0.5346,77.1,67.84
2026-05-08T18:20:30.115,8.73,125.07,70.9,95.3,0.0,4,0.5526,77.88,67.84
2026-05-08T18:20:30.233,8.77,108.7,70.9,95.3,0.0,5,0.4969,78.16,67.84
2026-05-08T18:20:30.357,8.75,117.64,70.9,95.3,0.0,5,0.4603,72.26,67.84
2026-05-08T18:20:30.468,8.82,104.81,70.9,95.3,0.0,4,0.5519,75.83,67.83
2026-05-08T18:20:30.585,8.86,107.68,70.8,86.3,0.0,4,0.5254,74.73,67.83
2026-05-08T18:20:30.693,8.94,102.72,70.8,86.3,0.0,4,0.5088,73.41,67.82
2026-05-08T18:20:30.804,9.02,102.49,70.8,86.3,0.0,4,0.5377,72.14,67.81
2026-05-08T18:20:30.917,9.08,103.39,70.8,86.3,0.0,6,0.5026,72.81,67.8
2026-05-08T18:20:31.080,8.72,154.95,70.8,82.0,0.0,4,0.4438,56.02,67.83
2026-05-08T18:20:31.204,8.72,115.33,70.8,82.0,0.0,3,0.5123,67.32,67.83
2026-05-08T18:20:31.315,8.81,102.59,70.8,82.0,0.0,3,0.4784,64.3,67.82
2026-05-08T18:20:31.422,8.91,101.32,70.8,82.0,0.0,3,0.4936,59.97,67.81
2026-05-08T18:20:31.542,8.92,111.08,70.9,87.0,0.0,2,0.6122,63.3,67.81
2026-05-08T18:20:31.651,9.01,101.0,70.9,87.0,0.0,3,0.5601,68.48,67.8
2026-05-08T18:20:31.760,9.1,100.14,70.9,87.0,0.0,2,0.6828,68.87,67.79
2026-05-08T18:20:31.871,9.16,102.61,70.9,87.0,0.0,2,0.6647,72.01,67.78
2026-05-08T18:20:31.980,9.21,102.75,70.9,87.0,0.0,3,0.5346,73.01,67.77
2026-05-08T18:20:32.091,9.24,105.05,70.9,80.1,0.0,3,0.6315,78.29,67.77
2026-05-08T18:20:32.206,9.26,106.38,70.9,80.1,0.0,3,0.6723,75.41,67.76
2026-05-08T18:20:32.316,9.31,101.68,70.9,80.1,0.0,3,0.7053,77.87,67.75
2026-05-08T18:20:32.422,9.37,100.68,70.9,80.1,0.0,3,0.6822,70.82,67.74
2026-05-08T18:20:32.548,9.26,119.79,70.9,81.5,0.0,4,0.5304,75.03,67.74
2026-05-08T18:20:32.704,8.94,145.71,70.9,81.5,0.0,4,0.5458,74.6,67.76
2026-05-08T18:20:32.811,9.02,102.19,70.9,81.5,0.0,5,0.554,77.07,67.75
2026-05-08T18:20:32.924,9.07,104.49,70.9,81.5,0.0,3,0.5667,75.87,67.75
2026-05-08T18:20:33.041,9.08,108.93,70.7,86.4,0.0,3,0.5756,78.67,67.74
2026-05-08T18:20:33.155,9.12,105.28,70.7,86.4,0.0,3,0.5578,78.32,67.74
2026-05-08T18:20:33.267,9.17,104.0,70.7,86.4,0.0,3,0.5289,82.29,67.73
2026-05-08T18:20:33.381,9.17,109.03,70.7,86.4,0.0,3,0.5683,75.51,67.73
2026-05-08T18:20:33.497,9.19,107.08,70.7,86.4,0.0,3,0.516,77.26,67.72
2026-05-08T18:20:33.631,9.06,124.77,70.8,82.0,0.0,4,0.5716,82.28,67.73
2026-05-08T18:20:33.759,8.98,119.22,70.8,82.0,0.0,4,0.4969,78.01,67.73
2026-05-08T18:20:33.900,8.81,132.76,70.8,82.0,0.0,4,0.5236,81.09,67.74
2026-05-08T18:20:34.039,8.69,129.44,70.7,98.4,0.0,3,0.6367,81.84,67.75
2026-05-08T18:20:34.152,8.77,104.63,70.7,98.4,0.0,3,0.4454,75.76,67.74
2026-05-08T18:20:34.261,8.86,102.99,70.7,98.4,0.0,3,0.5682,76.63,67.73
2026-05-08T18:20:34.379,8.89,108.54,70.7,98.4,0.0,3,0.4848,72.2,67.73
2026-05-08T18:20:34.528,8.66,142.88,70.7,82.8,0.0,3,0.6093,75.95,67.74
2026-05-08T18:20:34.639,8.75,103.14,70.7,82.8,0.0,1,0.3215,32.15,67.74
2026-05-08T18:20:34.752,8.82,105.08,70.7,82.8,0.0,2,0.2681,27.07,67.73
2026-05-08T18:20:34.869,8.86,107.99,70.7,82.8,0.0,2,0.2906,29.63,67.73
2026-05-08T18:20:34.977,8.97,99.8,70.7,82.8,0.0,2,0.5154,54.08,67.72
2026-05-08T18:20:35.094,8.99,109.26,70.7,82.0,0.0,2,0.5783,62.87,67.71
2026-05-08T18:20:35.212,9.0,109.35,70.7,82.0,0.0,2,0.494,61.83,67.71
2026-05-08T18:20:35.324,9.07,103.2,70.7,82.0,0.0,2,0.5574,59.85,67.7
2026-05-08T18:20:35.433,9.15,100.45,70.7,82.0,0.0,2,0.4318,54.74,67.7
2026-05-08T18:20:35.551,9.13,111.97,70.7,83.3,0.0,2,0.5245,52.78,67.69
2026-05-08T18:20:35.836,7.91,277.37,70.7,83.3,0.0,1,0.6691,66.91,67.78
2026-05-08T18:20:35.976,7.89,130.21,70.7,83.3,0.0,1,0.6462,64.62,67.79
2026-05-08T18:20:36.097,7.98,112.85,70.8,94.6,0.0,1,0.5221,52.21,67.78
2026-05-08T18:20:36.221,8.04,116.03,70.8,94.6,0.0,1,0.5645,56.45,67.78
2026-05-08T18:20:36.338,8.14,108.29,70.8,94.6,0.0,1,0.7147,71.47,67.78
2026-05-08T18:20:36.446,8.27,103.69,70.8,94.6,0.0,1,0.782,78.2,67.77
2026-05-08T18:20:36.575,8.25,123.78,70.8,85.9,0.0,1,0.797,79.7,67.77
2026-05-08T18:20:36.700,8.28,116.31,70.8,85.9,0.0,1,0.7729,77.29,67.78
2026-05-08T18:20:36.815,8.39,106.3,70.8,85.9,0.0,1,0.7469,74.69,67.77
2026-05-08T18:20:36.929,8.48,106.55,70.8,85.9,0.0,1,0.6972,69.72,67.77
2026-05-08T18:20:37.040,8.56,105.83,70.8,85.9,0.0,3,0.4873,68.96,67.76
2026-05-08T18:20:37.156,8.66,103.54,70.8,82.3,0.0,3,0.4525,73.0,67.75
2026-05-08T18:20:37.268,8.75,103.62,70.8,82.3,0.0,2,0.5014,57.4,67.75
2026-05-08T18:20:37.382,8.82,105.67,70.8,82.3,0.0,3,0.4368,68.51,67.74
2026-05-08T18:20:37.496,8.87,106.72,70.8,82.3,0.0,3,0.5945,75.42,67.74
2026-05-08T18:20:37.606,8.94,104.0,70.8,80.6,0.0,3,0.5269,64.4,67.73
2026-05-08T18:20:37.720,8.99,105.25,70.8,80.6,0.0,3,0.5518,68.67,67.73
2026-05-08T18:20:37.833,9.05,103.61,70.8,80.6,0.0,3,0.586,67.51,67.72
2026-05-08T18:20:37.944,9.11,103.79,70.8,80.6,0.0,3,0.5663,69.8,67.71
2026-05-08T18:20:38.064,9.11,109.8,70.8,78.0,0.0,3,0.5113,59.49,67.71
2026-05-08T18:20:38.178,9.13,106.93,70.8,78.0,0.0,2,0.5893,61.85,67.71
2026-05-08T18:20:38.294,9.15,107.23,70.8,78.0,0.0,3,0.5508,63.56,67.7
2026-05-08T18:20:38.403,9.22,101.01,70.8,78.0,0.0,4,0.5342,68.03,67.7
2026-05-08T18:20:38.525,9.16,115.13,70.8,78.0,0.0,3,0.4934,61.56,67.69
2026-05-08T18:20:38.644,9.15,110.54,70.9,81.2,0.0,3,0.5095,63.09,67.69
2026-05-08T18:20:38.753,9.2,104.07,70.9,81.2,0.0,4,0.4598,63.88,67.69
2026-05-08T18:20:38.869,9.19,109.34,70.9,81.2,0.0,3,0.5791,62.57,67.68
2026-05-08T18:20:39.008,9.0,132.33,70.9,81.2,0.0,2,0.5111,52.01,67.69
2026-05-08T18:20:39.138,8.92,120.93,70.8,86.3,0.0,3,0.5475,57.29,67.69
2026-05-08T18:20:39.250,8.99,102.77,70.8,86.3,0.0,3,0.4839,60.1,67.69
2026-05-08T18:20:39.371,8.96,115.07,70.8,86.3,0.0,2,0.6322,65.9,67.68
2026-05-08T18:20:39.494,8.94,113.76,70.8,86.3,0.0,2,0.5311,55.82,67.68
2026-05-08T18:20:39.612,8.95,110.55,70.8,86.3,0.0,2,0.5326,57.42,67.68
2026-05-08T18:20:39.726,9.0,105.68,70.8,86.3,0.0,3,0.4727,61.92,67.68
2026-05-08T18:20:39.840,9.04,106.88,70.8,86.3,0.0,2,0.5144,54.07,67.67
2026-05-08T18:20:39.956,9.06,107.32,70.8,86.3,0.0,2,0.5646,62.8,67.67
2026-05-08T18:20:40.070,9.08,108.49,70.8,86.3,0.0,3,0.4698,57.31,67.66
2026-05-08T18:20:40.189,9.08,110.22,70.9,86.8,0.0,2,0.4306,57.4,67.66
2026-05-08T18:20:40.312,9.04,115.3,70.9,86.8,0.0,2,0.4347,56.27,67.66
2026-05-08T18:20:40.609,7.8,285.89,70.9,92.5,0.0,2,0.4583,66.39,67.74
2026-05-08T18:20:40.859,7.18,239.0,70.9,92.5,0.0,4,0.4607,69.51,67.81
2026-05-08T18:20:41.025,7.1,155.85,70.9,92.5,0.0,2,0.4901,71.88,67.82
2026-05-08T18:20:41.214,6.92,177.48,71.0,97.8,0.0,2,0.5492,72.34,67.86
2026-05-08T18:20:41.392,6.81,166.39,71.0,97.8,0.0,1,0.7666,76.66,67.88
2026-05-08T18:20:41.578,6.69,174.63,71.0,97.8,0.0,1,0.7273,72.73,67.91
2026-05-08T18:20:41.770,6.57,175.87,71.0,87.0,0.0,1,0.7082,70.82,67.94
2026-05-08T18:20:41.957,6.48,174.73,71.0,87.0,0.0,1,0.74,74.0,67.97
2026-05-08T18:20:42.160,6.34,187.79,71.0,84.7,0.0,1,0.7442,74.42,68.01
2026-05-08T18:20:42.345,6.29,170.24,71.0,84.7,0.0,1,0.7278,72.78,68.04
2026-05-08T18:20:42.513,6.29,158.28,71.0,84.7,0.0,1,0.7132,71.32,68.06
2026-05-08T18:20:42.705,6.19,183.73,71.0,87.8,0.0,1,0.5798,57.98,68.09
2026-05-08T18:20:42.881,6.17,166.8,71.0,87.8,0.0,1,0.4576,45.76,68.11
2026-05-08T18:20:43.069,6.12,176.68,71.0,87.8,0.0,3,0.3949,49.23,68.14
2026-05-08T18:20:44.037,4.12,956.62,71.0,98.1,0.0,3,0.4884,57.17,68.52
2026-05-08T18:20:44.378,3.97,331.71,70.9,100.0,0.0,1,0.3694,36.94,68.62
2026-05-08T18:20:44.692,3.9,301.91,70.9,100.0,0.0,1,0.4638,46.38,68.7
2026-05-08T18:20:45.266,3.48,563.44,71.0,100.0,0.0,0,0.0,0.0,68.89
2026-05-08T18:20:45.642,3.38,368.93,70.9,100.0,0.0,0,0.0,0.0,69.0
2026-05-08T18:20:46.110,3.21,455.47,71.0,100.0,0.0,0,0.0,0.0,69.14
2026-05-08T18:20:46.422,3.23,295.66,71.0,100.0,0.0,0,0.0,0.0,69.22
2026-05-08T18:20:47.455,2.64,994.45,71.0,100.0,0.0,0,0.0,0.0,69.6
2026-05-08T18:20:47.919,2.59,452.07,71.0,100.0,0.0,1,0.345,34.5,69.73
2026-05-08T18:20:48.220,2.66,285.23,71.0,100.0,0.0,2,0.3078,33.98,69.8
2026-05-08T18:20:48.543,2.71,308.21,71.0,100.0,0.0,1,0.2561,25.61,69.88
2026-05-08T18:20:48.787,2.82,229.86,71.0,100.0,0.0,1,0.339,33.9,69.92
2026-05-08T18:20:49.034,2.92,233.39,71.1,99.3,0.0,1,0.252,25.2,69.97
2026-05-08T18:20:49.224,3.06,181.21,71.1,99.3,0.0,2,0.3829,39.82,69.99
2026-05-08T18:20:49.418,3.2,182.04,71.1,99.3,0.0,3,0.3525,39.61,70.02
2026-05-08T18:20:49.794,3.15,362.22,71.0,84.2,0.0,2,0.513,55.75,70.11
2026-05-08T18:20:49.997,3.28,191.53,71.1,97.0,0.0,3,0.4839,60.52,70.14
2026-05-08T18:20:50.187,3.42,178.87,71.1,97.0,0.0,3,0.4058,54.27,70.16
2026-05-08T18:20:50.393,3.54,194.17,71.1,97.0,0.0,3,0.49,62.16,70.19
2026-05-08T18:20:50.595,3.66,189.27,71.1,89.1,0.0,3,0.4105,49.64,70.21
2026-05-08T18:20:50.877,3.67,267.74,71.1,89.1,0.0,3,0.4677,63.29,70.27
2026-05-08T18:20:51.077,3.79,186.29,71.1,91.7,0.0,3,0.4271,47.43,70.3
2026-05-08T18:20:51.296,3.88,204.88,71.1,91.7,0.0,4,0.4429,55.46,70.33
2026-05-08T18:20:51.499,3.98,190.13,71.1,85.8,0.0,4,0.4719,56.92,70.36
2026-05-08T18:20:51.688,4.1,177.55,71.1,85.8,0.0,3,0.4554,49.85,70.38
2026-05-08T18:20:51.914,4.16,211.99,71.1,85.8,0.0,3,0.4854,55.0,70.41
2026-05-08T18:20:52.122,4.24,194.75,71.1,87.0,0.0,3,0.5454,63.93,70.44
2026-05-08T18:20:52.318,4.33,186.2,71.1,87.0,0.0,3,0.4973,65.32,70.46
2026-05-08T18:20:52.520,4.41,190.18,71.1,85.9,0.0,3,0.5292,65.34,70.49
2026-05-08T18:20:52.711,4.5,178.24,71.1,85.9,0.0,3,0.5039,59.82,70.51
2026-05-08T18:20:52.915,4.57,190.8,71.1,85.9,0.0,3,0.5095,56.64,70.53
2026-05-08T18:20:53.111,4.64,186.03,71.0,88.5,0.0,4,0.5228,73.35,70.55
2026-05-08T18:20:53.309,4.7,188.26,71.0,88.5,0.0,3,0.532,70.66,70.58
2026-05-08T18:20:53.510,4.74,191.22,71.0,88.5,0.0,4,0.3917,70.09,70.6
2026-05-08T18:20:53.707,4.82,177.82,71.0,87.1,0.0,4,0.4938,65.53,70.62
2026-05-08T18:20:53.909,4.86,192.55,71.0,87.1,0.0,5,0.4306,62.07,70.65
2026-05-08T18:20:54.117,4.87,197.71,71.0,89.0,0.0,3,0.5139,71.17,70.67
2026-05-08T18:20:54.325,4.9,193.23,71.0,89.0,0.0,3,0.5311,72.06,70.7
2026-05-08T18:20:54.538,4.91,199.77,71.1,90.5,0.0,3,0.5202,68.73,70.73
2026-05-08T18:20:54.757,4.91,205.22,71.1,90.5,0.0,2,0.6824,73.01,70.76
2026-05-08T18:20:55.011,4.82,239.48,71.1,90.5,0.0,2,0.7159,78.25,70.8
2026-05-08T18:20:55.243,4.8,216.97,71.1,100.0,0.0,3,0.6332,73.49,70.83
2026-05-08T18:20:55.480,4.77,221.83,71.1,100.0,0.0,3,0.6358,71.8,70.87
2026-05-08T18:20:55.681,4.82,188.21,71.0,97.0,0.0,3,0.6179,76.17,70.89
2026-05-08T18:20:55.872,4.88,180.9,71.0,97.0,0.0,3,0.5492,69.03,70.91
2026-05-08T18:20:56.095,4.86,212.46,71.0,87.9,0.0,2,0.6803,71.37,70.94
2026-05-08T18:20:56.292,4.91,185.45,71.0,87.9,0.0,2,0.6757,75.48,70.96
2026-05-08T18:20:56.509,4.91,204.2,71.0,87.9,0.0,2,0.701,74.66,70.99
2026-05-08T18:20:56.717,4.94,192.7,71.1,87.7,0.0,2,0.7456,76.42,71.01
2026-05-08T18:20:56.926,4.96,193.4,71.1,87.7,0.0,3,0.5694,71.94,71.04
2026-05-08T18:20:57.131,4.97,195.94,71.0,88.5,0.0,2,0.6805,69.86,71.06
2026-05-08T18:20:57.342,4.98,198.2,71.0,88.5,0.0,3,0.5805,75.28,71.09
2026-05-08T18:20:57.537,5.02,184.47,71.0,88.5,0.0,3,0.5436,75.47,71.11
2026-05-08T18:20:57.740,5.04,190.41,71.1,87.8,0.0,4,0.4454,64.8,71.13
2026-05-08T18:20:57.925,5.12,170.63,71.1,87.8,0.0,3,0.4251,59.14,71.14
2026-05-08T18:20:58.139,5.1,200.74,71.0,85.1,0.0,3,0.5019,68.5,71.17
2026-05-08T18:20:58.336,5.13,184.1,71.0,85.1,0.0,4,0.4111,46.0,71.19
2026-05-08T18:20:58.538,5.15,188.77,71.0,85.1,0.0,5,0.4802,54.55,71.21
2026-05-08T18:20:58.775,5.08,222.33,71.0,87.7,0.0,4,0.4527,66.87,71.24
2026-05-08T18:20:58.965,5.12,178.12,71.0,87.7,0.0,6,0.4455,61.0,71.26
2026-05-08T18:20:59.199,5.07,216.49,71.0,90.4,0.0,5,0.5416,64.69,71.29
2026-05-08T18:20:59.400,5.1,186.22,71.0,90.4,0.0,5,0.4933,66.46,71.31
2026-05-08T18:20:59.954,4.34,537.59,71.0,90.0,0.0,5,0.5366,71.57,71.45
2026-05-08T18:21:00.300,4.17,327.89,71.0,100.0,0.0,3,0.5667,66.39,71.52
2026-05-08T18:21:00.602,4.09,284.29,71.0,100.0,0.0,4,0.6031,70.1,71.57
2026-05-08T18:21:00.932,3.97,317.81,71.1,100.0,0.0,6,0.4878,70.13,71.63
2026-05-08T18:21:01.204,3.96,261.56,71.1,100.0,0.0,4,0.5887,70.31,71.68
2026-05-08T18:21:01.413,4.05,191.64,71.2,100.0,0.0,4,0.4802,73.41,71.7
2026-05-08T18:21:01.596,4.18,170.07,71.2,100.0,0.0,4,0.5491,78.13,71.71
2026-05-08T18:21:01.739,4.39,128.12,71.2,100.0,0.0,4,0.569,85.21,71.71
2026-05-08T18:21:01.860,4.62,111.96,71.0,88.5,0.0,5,0.5626,84.34,71.71
2026-05-08T18:21:01.967,4.89,98.87,71.0,88.5,0.0,4,0.5198,83.06,71.7
2026-05-08T18:21:02.075,5.14,103.11,71.0,88.5,0.0,5,0.4643,80.68,71.68
2026-05-08T18:21:02.203,5.35,120.14,71.0,88.5,0.0,5,0.4914,77.93,71.68
2026-05-08T18:21:02.316,5.6,103.92,70.9,83.3,0.0,3,0.5866,73.02,71.67
2026-05-08T18:21:02.433,5.82,108.82,70.9,83.3,0.0,5,0.5021,73.89,71.66
2026-05-08T18:21:02.545,6.06,103.73,70.9,83.3,0.0,6,0.4633,73.95,71.65
2026-05-08T18:21:02.652,6.31,100.84,70.9,83.3,0.0,4,0.5072,75.14,71.64
2026-05-08T18:21:02.759,6.55,100.58,70.9,83.3,0.0,4,0.5416,78.47,71.63
2026-05-08T18:21:03.050,6.03,282.76,71.0,85.5,0.0,4,0.501,77.83,71.68
2026-05-08T18:21:03.159,6.27,102.66,71.0,85.5,0.0,4,0.5197,78.65,71.67
2026-05-08T18:21:03.266,6.52,98.36,71.0,85.5,0.0,4,0.5372,80.88,71.66
2026-05-08T18:21:03.378,6.72,107.25,71.0,91.3,0.0,4,0.5406,82.16,71.65
2026-05-08T18:21:03.488,6.94,102.35,71.0,91.3,0.0,3,0.6339,78.99,71.64
2026-05-08T18:21:03.596,7.16,99.3,71.0,91.3,0.0,3,0.6513,76.51,71.63
2026-05-08T18:21:03.705,7.37,101.09,71.0,91.3,0.0,3,0.624,78.85,71.62
2026-05-08T18:21:03.824,7.51,110.04,71.0,80.6,0.0,3,0.63,74.43,71.61
2026-05-08T18:21:04.042,7.1,210.05,71.0,80.6,0.0,3,0.6136,64.22,71.64
2026-05-08T18:21:04.145,7.32,97.98,71.0,80.6,0.0,3,0.5037,65.94,71.62
2026-05-08T18:21:04.252,7.53,99.37,71.0,80.6,0.0,2,0.6665,66.69,71.61
2026-05-08T18:21:04.364,7.7,103.85,71.0,89.3,0.0,2,0.6609,73.28,71.61
2026-05-08T18:21:04.493,7.74,123.19,71.0,89.3,0.0,2,0.6584,68.09,71.6
2026-05-08T18:21:04.606,7.88,105.06,71.0,89.3,0.0,3,0.5524,72.15,71.59
2026-05-08T18:21:04.714,8.05,99.96,71.0,89.3,0.0,2,0.7159,77.58,71.58
2026-05-08T18:21:04.823,8.19,103.78,71.0,80.7,0.0,2,0.6875,74.37,71.57
2026-05-08T18:21:04.940,8.27,109.77,71.0,80.7,0.0,3,0.5925,71.35,71.57
2026-05-08T18:21:05.091,8.13,142.47,71.0,80.7,0.0,2,0.7118,72.4,71.57
2026-05-08T18:21:05.199,8.27,101.24,71.0,80.7,0.0,4,0.5606,78.82,71.56
2026-05-08T18:21:05.306,8.42,100.3,71.0,80.7,0.0,4,0.4948,70.95,71.55
2026-05-08T18:21:05.414,8.53,102.87,71.0,86.2,0.0,3,0.6177,71.93,71.54
2026-05-08T18:21:05.524,8.64,102.13,71.0,86.2,0.0,4,0.5907,76.54,71.53
2026-05-08T18:21:05.634,8.76,100.21,71.0,86.2,0.0,5,0.5299,79.27,71.52
2026-05-08T18:21:05.748,8.83,105.34,71.0,86.2,0.0,3,0.7341,81.13,71.51
2026-05-08T18:21:05.857,8.9,104.4,70.9,79.1,0.0,4,0.5743,75.87,71.5
2026-05-08T18:21:05.975,8.93,108.76,70.9,79.1,0.0,3,0.5557,72.64,71.49
2026-05-08T18:21:06.093,8.93,111.52,70.9,79.1,0.0,2,0.636,72.01,71.49
2026-05-08T18:21:06.198,9.04,98.76,70.9,79.1,0.0,1,0.7047,70.47,71.48
2026-05-08T18:21:06.308,9.11,101.95,70.9,79.1,0.0,2,0.5325,74.14,71.47
2026-05-08T18:21:06.415,9.17,103.04,71.0,82.2,0.0,2,0.467,66.15,71.46
2026-05-08T18:21:06.530,9.16,110.12,71.0,82.2,0.0,2,0.5098,73.14,71.45
2026-05-08T18:21:06.652,9.12,113.85,71.0,82.2,0.0,2,0.531,77.5,71.44
2026-05-08T18:21:06.758,9.21,98.74,71.0,82.2,0.0,1,0.6914,69.14,71.43
2026-05-08T18:21:06.865,9.27,101.26,70.9,85.5,0.0,2,0.5023,66.94,71.42
2026-05-08T18:21:06.975,9.3,104.39,70.9,85.5,0.0,1,0.6869,68.69,71.41
2026-05-08T18:21:07.098,9.23,115.46,70.9,85.5,0.0,1,0.7927,79.27,71.41
2026-05-08T18:21:07.205,9.31,99.35,70.9,85.5,0.0,1,0.7734,77.34,71.4
2026-05-08T18:21:07.312,9.37,101.14,70.9,85.5,0.0,1,0.7774,77.74,71.39
2026-05-08T18:21:07.428,9.36,107.81,71.0,84.7,0.0,2,0.5074,76.43,71.38
2026-05-08T18:21:07.538,9.37,104.86,71.0,84.7,0.0,1,0.691,69.1,71.37
2026-05-08T18:21:07.645,9.42,101.7,71.0,84.7,0.0,1,0.6951,69.51,71.36
2026-05-08T18:21:07.753,9.47,100.72,71.0,84.7,0.0,2,0.6191,68.87,71.35
2026-05-08T18:21:07.865,9.48,103.83,70.9,83.5,0.0,3,0.5615,66.35,71.34
2026-05-08T18:21:07.990,9.39,116.0,70.9,83.5,0.0,4,0.5001,67.12,71.34
2026-05-08T18:21:08.112,9.33,113.5,70.9,83.5,0.0,3,0.5894,71.45,71.33
2026-05-08T18:21:08.224,9.36,103.96,70.9,83.5,0.0,3,0.4443,49.98,71.33
2026-05-08T18:21:08.334,9.38,104.21,70.9,83.5,0.0,3,0.4938,54.21,71.32
2026-05-08T18:21:08.445,9.41,103.41,71.0,84.0,0.0,3,0.3769,54.15,71.31
2026-05-08T18:21:08.564,9.34,113.49,71.0,84.0,0.0,3,0.4424,66.76,71.3
2026-05-08T18:21:08.674,9.38,102.86,71.0,84.0,0.0,2,0.6775,77.25,71.29
2026-05-08T18:21:08.780,9.43,101.02,71.0,84.0,0.0,2,0.5488,73.87,71.28
2026-05-08T18:21:08.890,9.45,103.3,70.9,82.4,0.0,2,0.517,59.6,71.27
2026-05-08T18:21:09.006,9.44,107.96,70.9,82.4,0.0,2,0.2936,29.94,71.27
2026-05-08T18:21:09.119,9.44,105.64,70.9,82.4,0.0,1,0.4542,45.42,71.26
2026-05-08T18:21:09.226,9.49,99.72,70.9,82.4,0.0,1,0.5309,53.09,71.25
2026-05-08T18:21:09.335,9.51,103.36,70.9,82.4,0.0,0,0.0,0.0,71.24
2026-05-08T18:21:09.447,9.51,105.0,70.9,83.2,0.0,1,0.3767,37.67,71.23
2026-05-08T18:21:09.551,9.56,99.84,70.9,83.2,0.0,1,0.2989,29.89,71.22
2026-05-08T18:21:09.655,9.63,97.06,70.9,83.2,0.0,1,0.3139,31.39,71.21
2026-05-08T18:21:09.763,9.66,100.37,70.9,83.2,0.0,2,0.2804,30.85,71.2
